Title,Date,Category,Description
"Nguyên đơn 'tố' bị đơn tẩu tán tài sản, né nghĩa vụ trả nợ 18 tỉ đồng",2025-10-16 17:01:00,Thời sự,"Tại phiên tòa, nguyên đơn cung cấp tài liệu cho rằng bị đơn có dấu hiệu tẩu tán tài sản nhằm trốn tránh nghĩa vụ trả nợ theo thỏa thuận."
Miền Trung mưa lớn dồn dập trong 10 ngày tới,2025-10-16 16:51:00,Thời sự,"Trong khoảng 10 ngày, từ 16 - 26.10, các tỉnh miền Trung sẽ có mưa lớn dồn dập, nguy cơ xuất hiện lũ lớn trên các sông từ Hà Tĩnh đến Quảng Ngãi."
"Tạo khung pháp lý cho các công trình, dự án cấp bách",2025-10-16 16:45:00,Thời sự,"Ông Phan Văn Mãi dẫn thực tế TP.HCM đến nay vẫn chưa quyết toán được các bệnh viện dã chiến xây dựng khẩn cấp trong dịch Covid-19, đề nghị cần có quy định rõ ràng cho các dự án, công trình khẩn cấp, cấp bách."
Việt Nam lên tiếng về vụ việc xảy ra trong lãnh hải đảo Thị Tứ,2025-10-16 16:39:00,Thời sự,"Liên quan đến vụ việc xảy ra trong lãnh hải đảo Thị Tứ, Việt Nam hết sức quan ngại về những thông tin công khai mà các bên liên quan đưa ra."
1.000 đại biểu tham dự Đại hội thi đua yêu nước TP.HCM,2025-10-16 16:25:00,Thời sự,"Đại hội Thi đua yêu nước TP.HCM lần thứ 1 sẽ diễn ra ngày 24.10, có khoảng 1.000 đại biểu tham gia; nhằm biểu dương các gương điển hình tiên tiến và đề ra phương hướng thi đua giai đoạn mới."
Hà Nội lấy ý kiến người dân về quy hoạch hai bên bờ sông Tô Lịch,2025-10-16 15:48:00,Thời sự,Chính quyền sở tại đang tổ chức lấy ý kiến người dân về đồ án Quy hoạch chi tiết tỷ lệ 1/500 hai bên bờ tuyến sông Tô Lịch.
Đồng Nai nghiên cứu mở tour du lịch xem voi hoang dã,2025-10-16 15:46:00,Thời sự,"UBND tỉnh Đồng Nai giao các sở ngành nghiên cứu, tham mưu về việc kêu gọi nhà đầu tư triển khai dự án du lịch xem voi, để có điều kiện tái đầu tư, cải tạo sinh cảnh riêng cho voi trên địa bàn."
"Mở rộng miễn giấy phép xây dựng, thời gian cấp phép tối đa 7 ngày",2025-10-16 15:45:00,Thời sự,"Dự thảo luật Xây dựng mới mở rộng diện miễn giấy phép xây dựng, đồng thời cắt giảm, đơn giản thủ tục, thời gian tối đa cấp giấy phép xây dựng chỉ còn 7 ngày."
Ông Lương Nguyễn Minh Triết giữ chức Bí thư Tỉnh ủy Đắk Lắk,2025-10-16 15:39:00,Thời sự,"Ông Lương Nguyễn Minh Triết, Ủy viên dự khuyết BCH Trung ương Đảng khóa XIII, Bí thư Thành ủy Đà Nẵng, được Bộ Chính trị điều động giữ chức Bí thư Tỉnh ủy Đắk Lắk (nhiệm kỳ 2025 - 2030)."
Vĩnh Long: Công ty New Increase vi phạm xả nước thải ra môi trường,2025-10-16 15:36:00,Thời sự,Một công ty ở Vĩnh Long xả nước thải ra môi trường vượt quy chuẩn kỹ thuật về chất thải từ 10 lần trở lên bị lực lượng công an lập biên bản và ra quyết định xử phạt gần 350 triệu đồng.
"Chồng bị xe tông chết trên QL1, vợ tử vong bất thường tại nhà",2025-10-16 15:28:00,Thời sự,"Một vụ việc thương tâm xảy ra ở xã Đông Trạch (Quảng Trị) khi hai vợ chồng tử vong trong cùng ngày, người chồng chết vì tai nạn giao thông còn người vợ tử vong bất thường tại nhà."
"Giá xăng tăng, giá dầu giảm",2025-10-16 15:27:00,Thời sự,"Trong kỳ điều hành giá xăng dầu chiều nay 16.10, giá xăng được điều chỉnh tăng, giá dầu giảm."
"Ăn cá nóc, 5 người nhập viện",2025-10-16 15:26:00,Dân sinh,Nhiều người là ngư dân ở xã ven biển Phan Rí Cửa (Lâm Đồng) phải nhập viện cấp cứu sau khi ăn cá nóc
"Vụ tàu đắm trên sông Lô, 2 vợ chồng tử vong: Cảnh sát trục vớt tàu",2025-10-16 15:17:00,Thời sự,Lực lượng chức năng đã tìm thấy thi thể 2 vợ chồng trong vụ đắm tàu trên sông Lô và đang trục vớt chiếc tàu.
Chủ hụi ở Cà Mau chiếm đoạt hơn 2 tỉ đồng,2025-10-16 14:57:00,Thời sự,"Chiếm đoạt hơn 2 tỉ đồng của hụi viên, chủ hụi Phạm Bé Em (47 tuổi, ở Cà Mau) bị Cơ quan CSĐT Công an tỉnh Cà Mau khởi tố, bắt tạm giam."
Thiếu nữ 17 tuổi điều khiển xe máy gây tai nạn chết người,2025-10-16 14:48:00,Thời sự,"Thiếu nữ 17 tuổi điều khiển xe máy gây tai nạn khiến 1 người tử vong, 2 người bị thương nặng."
Cưỡng chế thu hồi đất công ở đồi cát bay Mũi Né,2025-10-16 14:31:00,Thời sự,"Sáng nay 16.10, UBND P.Mũi Né (tỉnh Lâm Đồng) triển khai cưỡng chế phần đất công có diện tích 7.495,5 m² do ông Lại Thiện Phước lấn chiếm tại đồi cát bay; chính quyền dự kiến hoàn tất công việc vào chiều cùng ngày theo kế hoạch."
Hơn 100 người bị lừa tiền vì mua bùa để 'gọi người yêu quay lại',2025-10-16 14:27:00,Thời sự,Hơn 100 người trên khắp cả nước bị lừa hàng trăm triệu đồng vì bỏ tiền ra mua bùa để 'gọi người yêu quay lại trong 3 ngày'.
TP.HCM sáp nhập Bệnh viện đa khoa Sài Gòn vào Bệnh viện Nhân dân Gia Định,2025-10-16 13:45:00,Thời sự,"Từ 1.1.2026, Bệnh viện đa khoa Sài Gòn chính thức sáp nhập vào Bệnh viện Nhân dân Gia Định. Một chương cũ khép lại, mở ra kỳ vọng mới."
"Bắt 6 nghi phạm mua vàng thật, bán vàng giả",2025-10-16 12:38:00,Pháp luật,"Nhóm 6 nghi phạm ngụ tại nhiều tỉnh, thành phố khác nhau đã mua vàng thật tại nhiều cửa hàng bán vàng, sau đó chế tác vàng giả để bán lại cho các cửa hàng để chiếm đoạt tài sản."
Đại biểu dự Đại hội Đảng bộ tỉnh Cà Mau giúp đồng bào bị ảnh hưởng bão,2025-10-16 12:36:00,Thời sự,"Trước khi bước vào chương trình chính thức Đại hội đại biểu Đảng bộ tỉnh Cà Mau lần thứ I, nhiệm kỳ 2025 - 2030, các đại biểu đã quyên góp ủng hộ đồng bào các tỉnh phía Bắc bị thiệt hại nặng do bão số 10 và số 11."
"Mưa lớn, nhiều tuyến đường ở phố du lịch Nha Trang chìm trong biển nước",2025-10-16 12:32:00,Thời sự,"Cơn mưa lớn kéo dài từ rạng sáng cho đến gần trưa 16.10 khiến nhiều tuyến đường ở Nha Trang (Khánh Hòa), nhất là khu vực phía bắc Nha Trang, chìm trong biển nước."
"Cá tầm ở Măng Đen chết gần 45 tấn, thiệt hại gần 8 tỉ đồng",2025-10-16 12:31:00,Dân sinh,"Mưa lớn làm vỡ đường ống dẫn nước vào bể nuôi của một số hộ dân ở xã Măng Đen (tỉnh Quảng Ngãi), khiến gần 45 tấn cá tầm bị chết, thiệt hại gần 8 tỉ đồng."
"Đề xuất cơ chế mua sắm đặc thù, thanh toán linh hoạt cho chuyển đổi số",2025-10-16 12:28:00,Thời sự,"Cơ quan Quốc hội đề nghị cơ chế mua sắm đặc thù, ngoài các hình thức trong luật Đấu thầu và có cơ chế thanh toán linh hoạt với các loại hình dịch vụ thuê công nghệ."
"Miền núi Quảng Trị mưa lớn, nhiều nơi sạt lở, nguy cơ ngập cục bộ",2025-10-16 12:16:00,Thời sự,"Mưa lớn xảy ra trong hai ngày qua tại vùng núi phía Tây Nam Quảng Trị đã khiến một số tuyến đường bị sạt lở, chia cắt, nước lũ từ thượng nguồn đổ về nhiều gây nguy cơ ngập cục bộ."
Đắk Lắk: Khởi tố người đàn ông hành hung tài xế xe tải sau va chạm giao thông,2025-10-16 11:18:00,Pháp luật,Công an tỉnh Đắk Lắk đã ra quyết định khởi tố bị can Nguyễn Thế Anh liên quan vụ hành hung tài xế xe tải sau va chạm giao thông.
Nam sinh viên hoảng loạn vì sập bẫy 'bắt cóc online',2025-10-16 10:58:00,Thời sự,"Nam sinh viên ở TP.Đà Nẵng bị 'bắt cóc online', hoảng loạn và tự nhốt mình trong nhà nghỉ để làm việc với... công an giả."
"San ủi trái phép trên núi Cô Tiên: Phê bình cán bộ, công chức",2025-10-16 10:54:00,Thời sự,"UBND P.Bắc Nha Trang (Khánh Hòa) khẳng định có hành vi vi phạm về đất đai, khoáng sản diễn ra trên núi Cô Tiên theo phản ánh của người dân và báo chí, từ đó phê bình cán bộ, công chức có liên quan."
"Cảng quốc tế Cam Ranh có quy định mới, rút ngắn thời gian cấp phép",2025-10-16 10:51:00,Thời sự,"Thủ tướng Chính phủ vừa ban hành quy định mới, rút ngắn thời gian cấp phép cho người và phương tiện ra vào Cảng quốc tế Cam Ranh (Khánh Hòa) xuống còn 1 - 3 ngày."
"Đà Nẵng: Ô tô lao lên vỉa hè, tông vào nhiều xe máy và người đi đường",2025-10-16 10:47:00,Thời sự,"Ô tô 5 chỗ bất ngờ lao lên vỉa hè khu vực chợ Tam Giác (TP.Đà Nẵng), tông vào nhiều xe máy và người đi đường... chỉ dừng lại khi húc gãy một cột điện. Vụ tai nạn khiến đầu ô tô dập nát."
Nước đầu nguồn Bạch Mã cuồn cuộn đổ về nhiều khu vực ở Huế,2025-10-16 10:44:00,Thời sự,"Mưa lớn từ tối 15.10 kéo dài cho đến sáng nay (16.10) đã khiến mực nước đầu nguồn của dãy Bạch Mã rất lớn, đổ về theo dòng chảy của các con suối cuồn cuộn, gây ngập úng một số khu vực TP.Huế."
"CSGT Quảng Trị phát hiện các vụ vận chuyển hàng cấm, thu giữ 1 tạ pháo, 6.000 viên ma túy",2025-10-16 10:19:00,Thời sự,"Công an tỉnh Quảng Trị vừa phát hiện và bắt giữ hai vụ vận chuyển hàng cấm tại các xã miền núi, tang vật thu gồm hơn 1 tạ pháo nổ và 6.000 viên ma túy tổng hợp."
"Lên mạng rao bán thận, bị lừa sang Campuchia",2025-10-16 10:10:00,Thời sự,"Vì cần tiền, nam thanh niên ở Gia Lai lên mạng rao bán thận, sau đó bị nhóm lừa đảo đưa sang Campuchia ép làm việc."
Viện KSND tối cao chỉ ra thiếu sót trong vụ phạt tù chồng vì quan hệ khi vợ dưới 16 tuổi,2025-10-16 08:06:00,Thời sự,"Viện KSND tối cao nhấn mạnh tòa tuyên án tù người chồng 'làm chuyện ấy' khi vợ dưới 16 tuổi là không phù hợp với chính sách nhân đạo, nhưng Viện kiểm sát không phát hiện là thiếu sót."
"Tôn vinh nữ đoàn viên công đoàn năng động, sáng tạo",2025-10-16 07:10:00,Thời sự,"""Các chị, mỗi người một hoàn cảnh, một công việc, nhưng đều tỏa sáng bởi ý chí vươn lên, tinh thần lao động sáng tạo và một trái tim nhân ái. Các chị là minh chứng sống động cho chân dung người phụ nữ Việt Nam, bản lĩnh, trí tuệ, nhân ái và khát vọng trong kỷ nguyên mới""."
"Xây dựng thủ đô đáng sống, nhân dân hạnh phúc",2025-10-16 06:08:00,Thời sự,"Bí thư Thành ủy Hà Nội Bùi Thị Minh Hoài cho biết thực hiện tinh thần chỉ đạo của Tổng Bí thư Tô Lâm, Hà Nội xác định mục tiêu đến năm 2030 trở thành thủ đô ""Văn hiến - Văn minh - Hiện đại""; là thành phố thanh bình, người dân hạnh phúc."
Khi văn hóa bị bê tông hóa,2025-10-16 06:01:00,Blog phóng viên,"Mới đây, công trình nhà rông được xây dựng bằng bê tông cốt thép tại làng Ia Gri, xã Biển Hồ (Gia Lai) đã được tháo dỡ theo chỉ đạo của Chủ tịch UBND tỉnh này."
"Biết nguyên nhân, tìm giải pháp",2025-10-16 05:59:00,Thời sự,"Nếu đã xác định được các nguyên nhân gây ngập lụt đô thị, bạn đọc mong muốn chính quyền các cấp nhanh chóng đề xuất, triển khai các phương án giải quyết."
"Hàng giả, hàng không rõ nguồn gốc bị phát hiện liên tục ở Đà Nẵng",2025-10-16 05:12:00,Thời sự,"Lực lượng Quản lý thị trường TP.Đà Nẵng liên tiếp phát hiện, xử lý nhiều vụ kinh doanh hàng giả, hàng không rõ nguồn gốc, tịch thu và tiêu hủy nhiều sản phẩm vi phạm."
"Lâm Đồng: Dự án khu dân cư chậm tiến độ 12 năm, sai phạm chồng sai phạm",2025-10-16 05:00:00,Thời sự,"Ngày 15.10, Thanh tra tỉnh Lâm Đồng có kết luận dự án Hạ tầng kỹ thuật khu dân cư A3 (xã Phan Rí Cửa) chậm tiến độ tới 12 năm, sai phạm hàng tỉ đồng do buông lỏng quản lý, thiếu trách nhiệm, gây lãng phí."
"Quảng Ngãi: Xe chở cát 'tung hoành' ở tỉnh lộ 677, người dân lo sợ",2025-10-16 04:38:00,Thời sự,"Xe tải, xe đầu kéo 'tung hoành' trên tỉnh lộ 677 (Quảng Ngãi) khiến người dân sống dọc hai bên tuyến đường lo lắng tai nạn giao thông có thể xảy ra bất cứ lúc nào."
Phá án thần tốc: Cuộc truy bắt hung thủ 2 vụ thảm sát,2025-10-16 04:31:00,Thời sự,"Với tinh thần kiên quyết tấn công tội phạm, thời gian qua, lực lượng Công an nhân dân Bộ Công an đã liên tiếp lập nhiều chiến công xuất sắc. Trong đó, có các vụ án được khám phá chỉ trong vài giờ đến những chuyên án phức tạp, phá án thần tốc và thầm lặng, mang lại sự bình yên cho xã hội."
"Ca thông tim bào thai thứ 11, mở đường cho kỹ thuật đầu tiên tại Việt Nam",2025-10-15 22:46:00,Thời sự,"Ca thông tim bào thai thứ 11 vừa được thực hiện thành công tại Bệnh viện Từ Dũ, mở đường đưa kỹ thuật này vào danh mục chính thức đầu tiên của Việt Nam."
Đề xuất cấm các phần mềm AI 'thao túng nhận thức con người',2025-10-15 21:21:00,Thời sự,"Dự thảo đề xuất cấm phát triển, cung cấp, đưa ra thị trường các phần mềm AI 'thao túng nhận thức, hành vi của con người một cách có chủ đích'."
"Khám xét nhà Ngân 98, thu giữ 80 sổ đỏ, hơn 8.000 USD",2025-10-15 20:32:00,Thời sự,"Khám xét nhà của Ngân 98, cơ quan điều tra thu giữ két sắt nhưng Ngân 98 và người nhà không hợp tác, không cung cấp mật khẩu để mở. Khi đưa két sắt về trụ sở, công an mở khóa bên trong có 80 sổ đỏ, hơn 8.000 USD, 4 sổ tiết kiệm ngân hàng..."
Đề xuất biến động tài sản 1 tỉ đồng/năm phải kê khai,2025-10-15 20:02:00,Thời sự,"Luật Phòng, chống tham nhũng sửa đổi đề xuất nâng mức biến động tài sản lên 1 tỉ đồng/năm cán bộ mới phải kê khai tài sản."
Cựu phó chủ tịch tỉnh Phú Thọ đánh bạc hơn 7 triệu USD,2025-10-15 18:02:00,Thời sự,"Ông Hồ Đại Dũng, cựu Phó chủ tịch UBND tỉnh Phú Thọ (cũ), bị xét xử với cáo buộc đã chi hơn 7 triệu USD để đánh bạc tại khách sạn Pullman."
Quân khu 5: Giữ yên bờ cõi từ những điều bình dị nhất,2025-10-15 17:55:00,Thời sự,"80 năm qua, từ dấu ấn trên chiến trường đến những việc làm bình dị giữa đời thường, lực lượng vũ trang Quân khu 5 luôn là điểm tựa vững chắc của nhân dân, góp phần giữ yên bờ cõi từ sớm, từ xa."
Giải cứu người đàn ông rơi xuống giếng hoang sau một đêm mất tích,2025-10-15 17:39:00,Thời sự,"Một người đàn ông ở Gia Lai mất tích suốt đêm, sau đó được phát hiện rơi xuống giếng hoang sâu hơn 10 m giữa rừng keo. Lực lượng chức năng và người dân đã nỗ lực xuyên đêm tìm kiếm, giải cứu thành công."
"Người phụ nữ tố bị chồng cũ hành hung dã man, phải nhập viện điều trị",2025-10-15 17:21:00,Thời sự,"Một phụ nữ ở Gia Lai gửi đơn đến cơ quan chức năng, tố cáo bị chồng cũ hành hung dã man, gây thương tích phải nhập viện. Vụ việc đang được công an xác minh, xử lý."
Đề xuất quy chuẩn thu nhận giọng nói và mống mắt của người dân,2025-10-15 17:01:00,Thời sự,"Theo Bộ Công an, sinh trắc học giọng nói và mống mắt là các thông tin cá nhân nhạy cảm, phải được quản lý chặt chẽ theo quy định."
Ứng phó lũ lịch sử còn bị động,2025-10-15 16:58:00,Thời sự,"Báo cáo với Thủ tướng, Bộ NN-MT đánh giá cơn bão Matmo gây ra đợt thiên tai đặc biệt khốc liệt, công tác dự báo mưa lớn vượt kỷ lục lịch sử còn hạn chế, phương án ứng phó lũ lịch sử còn bị động."
Truy nã đối tượng đâm người trọng thương ở TP.HCM,2025-10-15 16:50:00,Thời sự,Công an TP.HCM phát lệnh truy nã Nguyễn Văn Lớp về tội cố ý gây thương tích sau khi thực hiện hành vi đâm người trọng thương tại quận 7 cũ.
Chuẩn hóa bộ tiêu chí KPI cho công chức,2025-10-15 16:42:00,Thời sự,"Bộ Nội vụ đề xuất các tiêu chí chấm điểm KPI đối với công chức, riêng với người giữ chức vụ lãnh đạo, quản lý còn có những yêu cầu đặc biệt."
Giải quyết chế độ BHXH ngay trên ứng dụng VNeID,2025-10-15 16:33:00,Dân sinh,"Từ nay, người lao động và người hưởng lương hưu có thể thực hiện thủ tục bảo hiểm xã hội (BHXH) ngay trên điện thoại thông qua ứng dụng VNeID, thay vì phải đến cơ quan BHXH như trước."
Vụ cha ôm 2 con nhảy cầu Bến Thủy: Tìm thấy thi thể 2 bé gái,2025-10-15 16:26:00,Dân sinh,Lực lượng cứu hộ đã tìm thấy thi thể 2 bé gái trong vụ người cha ở Nghệ An ôm 2 con nhỏ nhảy cầu Bến Thủy.
Lan tỏa mạnh tinh thần ‘Nghĩa tình Đồng Nai’,2025-10-15 15:18:00,Thời sự,"Ngoài việc hoàn thành vượt tiến độ chương trình ""Xóa nhà tạm, nhà dột nát"", Đồng Nai còn hỗ trợ tỉnh Cao Bằng, Yên Bái và Đắk Lắk 48 tỉ đồng để xây dựng nhà cho hộ nghèo, qua đó lan tỏa mạnh tinh thần 'Nghĩa tình Đồng Nai'."
Bí thư Hà Nội: 'Đề xuất những giải pháp đột phá để thủ đô bứt phá',2025-10-15 14:44:00,Thời sự,"Bí thư Thành ủy Hà Nội Bùi Thị Minh Hoài lưu ý, đối với công tác xây dựng văn kiện Đại hội đại biểu Đảng bộ TP.Hà Nội lần thứ XVIII, các đại biểu cần kiến nghị, đề xuất những giải pháp đột phá để thủ đô bứt phá trong thời gian tới."
"Giải cứu nam sinh viên sập bẫy 'bắt cóc online', tự nhốt mình trong khách sạn",2025-10-15 14:41:00,Thời sự,"Nhận cuộc gọi giả giáo viên báo con trai trúng học bổng, người cha nghi lừa đảo khi bị yêu cầu chuyển gần 500 triệu đồng 'chứng minh thu nhập' nên báo công an. Công an TP.HCM vào cuộc, giải cứu nam sinh viên tự nhốt mình trong khách sạn theo lời kẻ lừa đảo."
Báo Thanh Niên sẽ trao 400 triệu đồng tại giải pickleball Cùng con đi tiếp cuộc đời - tranh cúp PASSION002,2025-10-15 14:29:00,Thể thao,Báo Thanh Niên sẽ trao 400 triệu đồng giúp trẻ mồ côi do đại dịch Covid-19 tại giải pickleball Cùng con đi tiếp cuộc đời - tranh cúp PASSION002.
"Bí thư Trần Lưu Quang: Nguồn lực TP.HCM là những người dám nghĩ, biết làm cái mới",2025-10-15 14:18:00,Thời sự,"Bí thư Thành ủy TP.HCM Trần Lưu Quang nhấn mạnh, nguồn lực lớn nhất của thành phố không phải là vốn, cơ sở hạ tầng, mà là con người. Những người năng động, dám nghĩ, biết làm cái mới, dám chịu trách nhiệm vì lợi ích chung."
"Cà Mau hoàn tất làm sạch gần 490.000 thửa đất, đồng bộ dữ liệu 2 cấp",2025-10-15 13:55:00,Thời sự,"Sau hơn một tháng triển khai Chiến dịch 90 ngày làm giàu, làm sạch Cơ sở dữ liệu quốc gia về đất đai, Cà Mau đã hoàn thành đối soát hơn 770.000 thửa đất, trong đó gần 490.000 thửa được chuyển đổi sang mô hình quản lý chính quyền địa phương 2 cấp."
Cần Thơ: Phát hiện hàng trăm ký thịt nhiễm dịch tả heo châu Phi tại chợ,2025-10-15 13:32:00,Thời sự,"Công an TP.Cần Thơ vừa phát hiện hàng trăm ký thịt nhiễm dịch tả heo châu Phi được đóng dấu kiểm dịch và bày bán trên sạp tại chợ Vĩnh Viễn (xã Vĩnh Viễn, TP.Cần Thơ)."
"Hàng loạt sai phạm tại dự án đường Đạo Nghĩa - Quảng Khê, trách nhiệm của ai?",2025-10-15 13:28:00,Thời sự,"Thanh tra tỉnh Lâm Đồng vừa ban hành kết luận chỉ ra hàng loạt sai phạm tại dự án đường Đạo Nghĩa - Quảng Khê (giai đoạn 2), công trình bị chậm tiến độ tới 40 tháng. Nhiều tổ chức, cá nhân có liên quan được nêu tên và bị kiến nghị xử lý trách nhiệm."
Cá sấu bò vào nhà dân ở TP.HCM,2025-10-15 13:13:00,Thời sự,"Một con cá sấu nặng khoảng 1,8 kg bất ngờ xuất hiện trong khuôn viên nhà dân ở TP.HCM và được người dân bắt lại, giao nộp cho chính quyền địa phương."
Hợp nhất 3 chương trình mục tiêu quốc gia là cần thiết,2025-10-15 13:02:00,Thời sự,"Việc hợp nhất 3 chương trình mục tiêu quốc gia là cần thiết. Từ đó, có thể thống nhất 1 cơ chế quản lý, điều hành, tránh phải làm nhiều thủ tục hành chính, ban hành nhiều văn bản hướng dẫn có cùng nội dung thực hiện, nhất là ở cấp cơ sở."
"Thành ủy TP.HCM đánh giá, sắp xếp cán bộ thường xuyên",2025-10-15 13:01:00,Thời sự,"Phó bí thư Thành ủy TP.HCM Đặng Minh Thông cho biết TP.HCM sẽ rà soát, đánh giá, sắp xếp cán bộ thường xuyên theo đề án nhân sự và theo kết quả thực hiện nhiệm vụ."
"Công an TP.HCM cảnh giác thủ đoạn lừa đảo mới, giả danh shipper",2025-10-15 12:51:00,Thời sự,"Ngày 15.10, Công an TP.HCM phát đi cảnh báo về chiêu lừa đảo tinh vi nhắm vào người mua sắm online, bằng thủ đoạn giả danh shipper, dẫn dụ nạn nhân vào ""bẫy"" nhiều lớp khiến tiền trong tài khoản ""bốc hơi""."
Xử lý 4 người đăng tải clip sai sự thật về an ninh sân bay Liên Khương,2025-10-15 12:43:00,Thời sự,"Công an tỉnh Lâm Đồng triệu tập, xử lý 4 người đăng tải clip sai sự thật về an ninh sân bay Liên Khương."
TP.HCM đo chỉ số hạnh phúc và sự hài lòng của người dân thế nào?,2025-10-15 12:42:00,Thời sự,"5 năm tới, TP.HCM đặt mục tiêu lấy hạnh phúc và sự hài lòng của người dân làm thước đo tính hiệu quả của hệ thống chính trị. Hạnh phúc và sự hài lòng này được đo thế nào?"
Thiếu tá quân đội và nữ bác sĩ cứu sống nạn nhân đuối nước ở Côn Đảo,2025-10-15 12:36:00,Thời sự,"Trong lúc tắm biển ở đặc khu Côn Đảo, bà H. bị sóng cuốn xa và chìm dần. Một thiếu tá quân đội đang gần hiện trường nhanh chóng bơi ra biển đưa bà H. vào bờ, cùng nữ bác sĩ cứu sống nạn nhân."
Cấp cứu đường không: Chạy đua với tử thần trong đêm,2025-10-15 11:25:00,Thời sự,"Chuyến cấp cứu đường không xuyên đêm đưa bệnh nhân nhồi máu cơ tim cấp từ đảo xa về đất liền. Ngay sau đó, bệnh nhân được can thiệp kịp thời và hiện đã qua cơn nguy kịch."
Đồng Nai: Vì sao ‘đường tránh’ Đồng Xoài thành nỗi ám ảnh của người đi đường?,2025-10-15 11:09:00,Dân sinh,"Những hố sâu, ổ gà trên đường tránh thành phố Đồng Xoài (cũ) đã và đang trở thành nỗi ám ảnh, lo sợ mỗi ngày của nhiều người khi tham gia lưu thông."
"Biển Đông sắp có bão số 12, không khí lạnh gây rét ở vùng núi miền Bắc",2025-10-15 11:08:00,Thời sự,"Sau cơn bão Matmo (bão số 11), dự báo trong tuần tới, Biển Đông sẽ đón bão số 12. Không khí lạnh liên tục tăng cường sẽ khiến thời tiết miền Bắc chuyển lạnh về đêm và sáng sớm, vùng núi có khả năng trở rét."
Ông Hoàng Quốc Khánh làm Bí thư Tỉnh ủy Lạng Sơn,2025-10-15 10:52:00,Thời sự,"Ông Hoàng Quốc Khánh được điều động, chỉ định tham gia Ban Chấp hành, Ban Thường vụ và giữ chức Bí thư Tỉnh ủy Lạng Sơn nhiệm kỳ 2025 - 2030 từ hôm nay 15.10."
Ông Võ Văn Dũng tiếp tục làm Chủ nhiệm Ủy ban Kiểm tra Thành ủy TP.HCM,2025-10-15 10:39:00,Thời sự,"Tại Đại hội đại biểu Đảng bộ TP.HCM lần thứ I, nhiệm kỳ 2025 - 2030, Ủy ban Kiểm tra Thành ủy TP.HCM do Ban Bí thư chỉ định đã ra mắt đại hội."
Bé gái 10 tuổi mồ côi ra bệnh viện thăm bà rồi đi lạc lên cao tốc,2025-10-15 10:39:00,Thời sự,"Sau khi đi bộ ra bệnh viện thăm bà nội, bé gái 10 tuổi mồ côi bố mẹ ở Hà Tĩnh trở về nhà thì đi lạc lên tuyến cao tốc Bắc - Nam. Cháu bé sau đó được lực lượng CSGT phát hiện, đưa về bàn giao cho gia đình."
Không có vụ 'khách đâm tài xế chết trên xe' ở Đà Nẵng như thông tin trên mạng,2025-10-15 10:38:00,Thời sự,"Công an xã Bà Nà (TP.Đà Nẵng) khẳng định không có án mạng nào tại một khu du lịch trên địa bàn như tin lan truyền trên mạng, và đã xác định người đăng tin sai sự thật."
"Đề nghị có giải pháp giảm giá vàng, giá bất động sản",2025-10-15 10:30:00,Thời sự,"Phó chủ nhiệm thường trực Ủy ban Dân nguyện - Giám sát Lê Thị Nga cho rằng việc quản lý giá vàng, giá bất động sản vừa qua chưa tốt, đề nghị Chính phủ có giải pháp giảm giá vàng, giá bất động sản."
TS Trương Minh Huy Vũ nêu giải pháp tăng trưởng trên 10% cho TP.HCM 5 năm tới,2025-10-15 10:23:00,Thời sự,"Viện trưởng Viện Nghiên cứu phát triển TP.HCM Trương Minh Huy Vũ cho rằng tăng trưởng kinh tế phải đi cùng môi trường xã hội bình ổn, thu hẹp khoảng cách giàu nghèo, mới có thể bền vững."
Từ Đắk Lắk ra TP.Đà Nẵng dụ dỗ quan hệ tình dục với bạn gái 13 tuổi,2025-10-15 10:06:00,Thời sự,"Từ quê nhà tỉnh Đắk Lắk, Trần Minh Tuấn ra TP.Đà Nẵng du lịch và dụ dỗ bé gái 13 tuổi quan hệ tình dục trong khách sạn."
TP.HCM sắp đón nhà đầu tư làm trung tâm siêu dữ liệu AI 2 tỉ USD,2025-10-15 09:58:00,Thời sự,Tập đoàn G42 của UAE dự kiến đầu tư trung tâm siêu dữ liệu trí tuệ nhân tạo với số vốn gần 2 tỉ USD tại TP.HCM.
"Ban Bí thư: Tăng mức đóng BHYT, bao phủ BHYT toàn dân vào năm 2030",2025-10-15 09:48:00,Thời sự,"Ban Bí thư đã đề ra mục tiêu bao phủ BHYT toàn dân vào năm 2030, nghiên cứu tăng mức đóng BHYT để mở rộng quyền lợi cho người dân."
"Chung sức xây dựng nông thôn văn minh, an ninh, nghĩa tình",2025-10-15 07:25:00,Thời sự,"Tổng Bí thư Tô Lâm mong muốn mỗi nông dân xuất sắc được tôn vinh, nhà khoa học của nhà nông là những ngọn đuốc lan tỏa tinh thần đổi mới sáng tạo, khát vọng làm giàu chính đáng; chung sức xây dựng nông thôn văn minh, an ninh, nghĩa tình, để mỗi làng quê thực sự là 'miền quê đáng sống'."
Chung dòng máu Lạc Hồng: Sâm Ngọc Linh thành sứ giả của lòng nhân ái,2025-10-15 07:10:00,Thời sự,"Khi những củ sâm quý giá nhất được đưa lên sàn đấu giá để chung tay thắp sáng những căn nhà tạm bợ, giúp người dân miền sơn cước có một mái ấm vững chãi, an toàn trước mưa bão, 'quốc bảo' sâm Ngọc Linh đã trở thành sứ giả của lòng nhân ái ở vùng cao Đà Nẵng."
Thêm chính sách đột phá cho siêu đô thị,2025-10-15 06:59:00,Thời sự,"Chiều 14.10, các đại biểu thảo luận tại tổ đóng góp ý kiến vào dự thảo văn kiện Đại hội đại biểu toàn quốc lần thứ XIV của Đảng và dự thảo văn kiện Đại hội đại biểu Đảng bộ TP.HCM lần thứ I, nhiệm kỳ 2025 - 2030."
TP.HCM hướng tới vị thế dẫn đầu về đổi mới sáng tạo,2025-10-15 06:45:00,Thời sự,"Tổng Bí thư Tô Lâm mong muốn trong nhiệm kỳ 2025 - 2030, TP.HCM phát huy truyền thống, lấy lại vị thế cực tăng trưởng, cực đổi mới sáng tạo dẫn đầu trong cả nước."
Việt Nam tái đắc cử thành viên Hội đồng Nhân quyền Liên Hiệp Quốc,2025-10-15 06:20:00,Thời sự,"Việt Nam đã tái đắc cử thành viên Hội đồng Nhân quyền Liên Hiệp Quốc nhiệm kỳ 2026 - 2028 với số phiếu ủng hộ là 180, cao nhất Nhóm châu Á – Thái Bình Dương."
Mạnh tay với quảng cáo sai sự thật,2025-10-15 06:12:00,Thời sự,"Việc Bộ VH-TT-DL đề xuất tăng mức phạt tối đa lên 100 triệu đồng đối với hành vi quảng cáo sai sự thật về chất lượng, công dụng của sản phẩm, hàng hóa... nhận được sự đồng tình của dư luận."
Đặc khu Phú Quý: Từ hậu cứ Trường Sa đến khát vọng làm giàu giữa trùng khơi,2025-10-15 05:00:00,Thời sự,"Giữa Biển Đông, đặc khu Phú Quý (tỉnh Lâm Đồng) không chỉ là 'hậu cứ' bảo vệ Trường Sa, mà còn mang khát vọng trở thành trung tâm kinh tế biển xanh, nơi ngư dân bền bỉ vươn khơi, giữ chủ quyền và kiến tạo vươn mình."
Bộ đội biên phòng Lâm Đồng bắt giữ 6 tàu cá giã cào trái phép trên biển,2025-10-14 21:54:00,Pháp luật,"Trong một tuần, Đồn Biên phòng Thanh Hải (P.Phú Thủy, tỉnh Lâm Đồng) đã phối hợp với Hải đội 2 phát hiện, bắt giữ 6 tàu cá sử dụng lưới kéo đôi (giã cào bay) khai thác trái phép tại vùng biển Bình Thuận cũ."
"Chủ tịch Nguyễn Văn Được: Trong 10 năm tới, TP.HCM sẽ đầu tư xong hệ thống metro",2025-10-14 21:50:00,Thời sự,"'Trong 10 năm tới, chúng ta sẽ đầu tư xong hệ thống đường sắt đô thị', Phó Bí thư Thành ủy, Chủ tịch UBND TP.HCM Nguyễn Văn Được nhấn mạnh tại tổ thảo luận số 3, Đại hội Đảng bộ TP.HCM lần thứ I, nhiệm kỳ 2025 - 2030."
Bí thư Trần Lưu Quang: TP.HCM sẽ chắt chiu để làm đường sắt đô thị,2025-10-14 20:56:00,Thời sự,"Bí thư Trần Lưu Quang chia sẻ: 'Trong nhiệm kỳ này phải phát triển mạnh mẽ, tối đa, chắt chiu để làm đường sắt đô thị vì đây là giải pháp duy nhất giải quyết kẹt xe'."
Việt Nam hoan nghênh thỏa thuận giữa Israel và lực lượng Hamas,2025-10-14 20:25:00,Thời sự,"Việt Nam hoan nghênh thỏa thuận giữa Israel và lực lượng Hamas nhằm sớm chấm dứt cuộc xung đột hiện nay tại Dải Gaza và đánh giá cao nỗ lực trung gian, hòa giải của các nước đã giúp đạt được thỏa thuận này."
'Ma men' lái ô tô nổ 2 lốp đi ngược chiều ở Hà Nội,2025-10-14 20:02:00,Thời sự,"Xe ô tô đã nổ 2 lốp nhưng tài xế vẫn lái đi ngược chiều trên cầu vượt Mai Dịch (Hà Nội). Làm việc với tài xế, CSGT xác định người này vi phạm nồng độ cồn mức rất cao, gấp hơn 3 lần mức 'kịch khung'."
Shark Nguyễn Hòa Bình cam kết trả tiền cho nhà đầu tư,2025-10-14 19:40:00,Pháp luật,"Làm việc với cơ quan cảnh sát điều tra, Shark Nguyễn Hòa Bình cho biết nhận thức được hành vi sai phạm của mình và cam kết khắc phục hậu quả với các nhà đầu tư tài sản số Antex."
"Bệnh viện Chợ Rẫy dùng 'lá chắn' mới kiểm soát nhiễm khuẩn, bảo vệ bệnh nhân",2025-10-14 18:52:00,Thời sự,"Bệnh viện Chợ Rẫy đã số hóa, ứng dụng trí tuệ nhân tạo trong kiểm soát nhiễm khuẩn, tăng an toàn cho người bệnh và tiết kiệm chi phí điều trị."
"Đồng Tháp Mười, tỉnh Tây Ninh 'oằn mình' chống mưa lũ",2025-10-14 18:45:00,Thời sự,"Hàng ngàn ha lúa, dưa hấu, cây ăn trái vùng đầu nguồn và hạ lưu sông Vàm Cỏ đang bị nước lũ dâng nhanh uy hiếp. Nguy cơ mất trắng vụ mùa Thu đông 2025 đang hiện hữu nếu mưa lớn tiếp diễn."
"Đi nhờ xe rồi ra tay giết người, hiếp nạn nhân, cướp tài sản",2025-10-14 18:26:00,Thời sự,"Nguyễn Như Tiến nhờ chị B. chở về nhà nhưng trên đường y đã giết người, hiếp dâm nạn nhân, cướp tài sản rồi bỏ trốn. Sau mấy ngày gây án, Tiến bị Công an khởi tố, bắt tạm giam."
"Cà Mau: Nợ thuế gần 29 tỉ đồng, một công ty du lịch bị thu hồi đất",2025-10-14 18:24:00,Thời sự,"Nợ thuế gần 29 tỉ đồng, Công ty TNHH MTV du lịch sinh thái Đông Á Bạc Liêu vừa bị Chủ tịch UBND tỉnh Cà Mau ra quyết định thu hồi hơn 63.000 m2 đất."
Đồng Nai: Bắt nghi can cướp vé số gây phẫn nộ mạng xã hội,2025-10-14 18:03:00,Thời sự,Nghi can cướp vé số ở xã Xuân Lộc (Đồng Nai) đã bị lực lượng công an bắt giữ. Đây là người đã cướp vé số trong đoạn video clip gây phẫn nộ trên mạng xã hội những ngày qua.
"Công bố tình huống khẩn cấp 27 sự cố đê sông Cầu, sông Thương, sông Cà Lồ",2025-10-14 17:16:00,Thời sự,Chủ tịch UBND tỉnh Bắc Ninh đã ban hành quyết định công bố tình huống khẩn cấp đối với 27 sự cố đê điều do ảnh hưởng của hoàn lưu bão số 11.
Phụ nữ thời đại mới rèn nội lực bằng 'phương pháp 5S',2025-10-14 17:00:00,Thời sự,"Ngày 14.10, tại Nhà văn hóa Phụ nữ TP.HCM diễn ra tọa đàm nhân kỷ niệm 95 năm ngày thành lập Hội Liên hiệp phụ nữ Việt Nam, 44 năm ngày thành lập Nhà văn hóa Phụ nữ TP.HCM và chào mừng ngày Phụ nữ Việt Nam ngày 20.10."
"Bắt giam bác sĩ, điều dưỡng trong vụ án Bệnh viện Răng hàm mặt thẩm mỹ Paris",2025-10-14 16:53:00,Thời sự,"Công an TP.HCM khởi tố 5 bị can (trong đó có bác sĩ, điều dưỡng) liên quan vụ tử vong sau phẫu thuật thẩm mỹ xảy ra tại Bệnh viện Răng hàm mặt thẩm mỹ Paris, do vi phạm quy định khám chữa bệnh."
"'Hệ sinh thái của Shark Bình có nhiều vi phạm, không dừng lại ở 2 tội danh'",2025-10-14 16:18:00,Pháp luật,"Theo lãnh đạo Phòng Cảnh sát kinh tế Công an TP.Hà Nội, quá trình điều tra xác định trong hệ sinh thái của Shark Bình có ví ngân lượng. Hệ sinh thái của Shark Bình không chỉ dừng lại ở 2 tội danh 'vì có rất nhiều vi phạm'."
"Không xuất khẩu thô đất hiếm, tự chủ thực hiện chiến lược về đất hiếm",2025-10-14 16:10:00,Thời sự,"Dự thảo sửa đổi luật Địa chất và khoáng sản dành 1 chương riêng quy định về đất hiếm, nêu rõ đất hiếm là khoáng sản chiến lược đặc biệt, yêu cầu không xuất khẩu thô đất hiếm, tự chủ thực hiện chiến lược quốc gia về đất hiếm."
Dùng nước máy để làm giả nước Lavie đóng bình bán khắp Hà Nội,2025-10-14 16:00:00,Pháp luật,"Mỗi ngày, xưởng sản xuất của Lê Văn Viết làm ra khoảng 100 bình nước Lavie giả từ nước máy, bán khắp Hà Nội với giá gần 70.000 đồng/bình."
"Lái xe 'bối rối' vì cao tốc thiếu trạm dừng nghỉ, biển báo thiếu nhất quán",2025-10-14 15:55:00,Thời sự,"Một số tuyến cao tốc đã đưa vào khai thác nhưng còn thiếu trạm dừng nghỉ, trạm cấp nhiên liệu, hoặc có trạm dừng nghỉ nhưng dịch vụ kém, nhà vệ sinh chưa đạt chuẩn..."
Bơm tinh chất 'hô biến' thịt trâu thành thịt bò Nhật Wagyu,2025-10-14 15:42:00,Thời sự,"Vì lợi nhuận, Công ty Hida đã dùng tinh chất bơm vào thịt trâu để 'biến' thành thịt bò Nhật Wagyu, bán với giá gấp nhiều lần."
Bắt giam hai nhân viên giao hàng nhanh tham ô hơn 438 triệu đồng,2025-10-14 15:23:00,Pháp luật,"Công an Cà Mau vừa khởi tố, bắt tạm giam 2 nhân viên Bưu cục 54 Hùng Vương (Năm Căn) để điều tra hành vi tham ô tài sản với số tiền hơn 438 triệu đồng."
Bộ Nội vụ đề xuất nhiều điểm mới về bảo hiểm thất nghiệp,2025-10-14 15:19:00,Thời sự,"Bộ Nội vụ đề xuất nhiều điểm mới về bảo hiểm thất nghiệp, nhằm phù hợp với yêu cầu thực tiễn và bối cảnh sắp xếp, tinh gọn tổ chức bộ máy."
Công an Hà Nội nói về tình trạng hôn nhân của Shark Bình và Phương Oanh,2025-10-14 15:07:00,Thời sự,"Phó trưởng Phòng Cảnh sát kinh tế Công an Hà Nội cho biết, Shark Bình và diễn viên Phương Oanh vẫn là vợ chồng hợp pháp, Công an Hà Nội chưa nhận được thông tin về hoạt động ly hôn của cặp đôi này."
Công an xã sẽ cấp giấy thông hành vùng biên giới Việt Nam - Trung Quốc,2025-10-14 14:59:00,Thời sự,"Công an xã sẽ cấp giấy thông hành vùng biên giới Việt Nam - Trung Quốc cho cán bộ, công chức làm việc tại các cơ quan nhà nước có trụ sở đóng tại đơn vị hành chính cấp xã."
Bộ Công an mở chiến dịch chống lừa đảo trực tuyến,2025-10-14 14:55:00,Thời sự,"Từ tháng 10 đến hết tháng 12.2025, chiến dịch 'Chống lừa đảo trực tuyến năm 2025 - chậm mà chắc' được triển khai trên toàn quốc với nhiều hoạt động truyền thông, cảnh báo và tương tác cộng đồng."
Thả động vật quý hiếm về Vườn quốc gia Kon Ka Kinh,2025-10-14 14:49:00,Thời sự,"Ngày 14.10, Vườn quốc gia Kon Ka Kinh (Gia Lai), cho biết vừa phối hợp với cơ quan chức năng thả một số động vật quý hiếm về lại rừng sau thời gian cứu hộ, chăm sóc."
"Triệt phá vụ 'sản xuất, tiêu thụ 3 triệu bình chữa cháy giả thu về hơn 1.000 tỉ'",2025-10-14 14:48:00,Pháp luật,"Công an Hà Nội xác định, 2 công ty đã sản xuất bình chữa cháy giả và tiêu thụ hơn 3 triệu sản phẩm ra thị trường, thu về hơn 1.000 tỉ đồng."
Shark Bình và đồng phạm chiếm đoạt số tiền đặc biệt lớn,2025-10-14 14:06:00,Thời sự,"Ông Nguyễn Hòa Bình, hay còn gọi là Shark Bình, Chủ tịch HĐQT Công ty cổ phần Nexttech, và 9 người bị khởi tố về tội lừa đảo chiếm đoạt tài sản và vi phạm quy định về kế toán gây hậu quả nghiêm trọng."
Shark Bình bị bắt,2025-10-14 13:46:00,Thời sự,"Công an Hà Nội vừa khởi tố, bắt tạm giam ông Nguyễn Hòa Bình (hay còn gọi là Shark Bình) với cáo buộc lừa đảo chiếm đoạt tài sản và vi phạm quy định về kế toán."
Bác sĩ Cao Hữu Thịnh 'kêu cứu' vì bị sử dụng hình ảnh để quảng cáo,2025-10-14 13:45:00,Thời sự,"Bác sĩ Cao Hữu Thịnh ở TP.HCM có đơn trình báo các cơ quan chức năng vì cho rằng hình ảnh của ông bị sử dụng để kinh doanh thực phẩm chức năng, ghép clip người lớn để bán sản phẩm kích dục."
Đề xuất lập tổ hợp công nghiệp an ninh quốc gia,2025-10-14 13:37:00,Thời sự,Chính phủ đề xuất thành lập tổ hợp công nghiệp an ninh quốc gia với hạt nhân là các cơ sở công nghiệp an ninh nòng cốt thuộc Bộ Công an.
"Lắng nghe nông dân, làm cầu nối đối thoại thực chất với Chính phủ, địa phương",2025-10-14 13:31:00,Thời sự,"Kết quả của công tác Hội Nông dân phải được lượng hóa, cân đo đong đếm được và hội đóng vai trò cầu nối thực hiện đối ngoại thực chất giữa nông dân với lãnh đạo Chính phủ, các bộ, ngành và chính quyền địa phương."
"Tổng Bí thư: 'Chậm quy hoạch ngày nào, TP.HCM mất cơ hội phát triển ngày đó'",2025-10-14 13:20:00,Thời sự,"Tổng Bí thư Tô Lâm nhấn mạnh nhiệm vụ quan trọng hàng đầu của TP.HCM là hoàn chỉnh quy hoạch, tái kiến trúc không gian nếu chậm ngày nào sẽ mất cơ hội phát triển ngày đó."
Danh sách Ban Thường vụ Thành ủy TP.HCM nhiệm kỳ 2025 - 2030,2025-10-14 13:04:00,Thời sự,"Bộ Chính trị đã chỉ định Ban Thường vụ Thành ủy TP.HCM nhiệm kỳ 2025 - 2030 gồm 29 người, trong đó có Bí thư Trần Lưu Quang và 6 phó bí thư."
Báo Thanh Niên xác minh clip mẹ bạo hành con do người cha từ Mỹ cầu cứu,2025-10-14 12:49:00,Pháp luật,"Sau khi xem đoạn clip một phụ nữ bạo hành bé trai 3 tuổi tên N.T ở Đồng Nai rồi gửi cho cha của đứa bé tên Tr. (ở Mỹ), người thân trong gia đình đã bức xúc, lo lắng cầu cứu Báo Thanh Niên vào cuộc xác minh."
"Phương án phân 6 vùng kinh tế - xã hội mới sau sáp nhập tỉnh, thành",2025-10-14 12:41:00,Thời sự,"Chính phủ đề xuất cả nước vẫn phân thành 6 vùng kinh tế - xã hội như trước song có nhiều thay đổi về phạm vi, kết cấu của 6 vùng sau khi thực hiện sáp nhập tỉnh, thành."
Chiều nay Công an Hà Nội thông tin vụ án liên quan Shark Bình,2025-10-14 12:19:00,Thời sự,"Công an Hà Nội sẽ tổ chức hội nghị vào chiều nay 14.10 để thông tin về 4 vụ án, vụ việc điển hình vừa điều tra, khám phá thời gian qua liên quan lĩnh vực kinh tế, môi trường, trong đó có vụ án liên quan đến Shark Bình."
Phú Quốc: Nhân viên vệ sinh máy bay trả lại hơn 2.300 đô Úc cho khách bỏ quên,2025-10-14 12:16:00,Thời sự,"Sau khi hành khách rời tàu bay, nhân viên vệ sinh máy bay sân bay Phú Quốc phát hiện trên ghế có một túi màu đen, trong túi có 2.370 đô la Úc (AUD) và 4 hộ chiếu của khách."
Một bệnh nhân nhảy lầu ở Bệnh viện II Lâm Đồng,2025-10-14 12:15:00,Thời sự,"Một nam bệnh nhân đang điều trị tại Bệnh viện II Lâm Đồng, bất ngờ leo qua lan can, nhảy lầu từ tầng 3  Khoa Nội tổng quát xuống đất. Hiện bệnh nhân đã được chuyển đến Bệnh viện Chợ Rẫy (TP.HCM) để tiếp tục điều trị."
Kiểm tra dấu hiệu san ủi trái phép trên núi Cô Tiên - Nha Trang,2025-10-14 11:33:00,Thời sự,"Nhiều khu vực trên núi Cô Tiên tại Nha Trang có dấu hiệu bị san ủi trái phép,  một số vị trí nằm sâu trong chân núi, khó tiếp cận bằng mắt thường. UBND P.Bắc Nha Trang tiến hành kiểm tra cụ thể."
Siêu thị ở P.Xuân Hương - Đà Lạt xin lỗi vụ khám xét bé trai 10 tuổi,2025-10-14 11:13:00,Thời sự,"Lãnh đạo siêu thị GO ở P.Xuân Hương - Đà Lạt (Lâm Đồng) thừa nhận thiếu sót và gởi thư xin lỗi vụ kiểm tra, khám xét bé trai 10 tuổi vì nghi bé lấy trộm socola."
"Vĩnh Long: Triều cường làm sạt lở đê bao, ảnh hưởng hàng trăm ha cây ăn trái",2025-10-14 10:55:00,Thời sự,"Triều cường rằm tháng 8 âm lịch làm tràn, vỡ hơn 13 km đê bao, làm ngập và gây ảnh hưởng hàng trăm ha vườn cây ăn trái tại 2 xã cù lao của tỉnh Vĩnh Long."
Chân dung 7 lãnh đạo chủ chốt Thành ủy TP.HCM,2025-10-14 10:51:00,Thời sự,Nhân sự Thường trực Thành ủy TP.HCM nhiệm kỳ 2025 - 2030 gồm Bí thư Trần Lưu Quang và 6 phó bí thư Thành ủy.
Ông Lê Quốc Phong làm Phó bí thư Thường trực Thành ủy TP.HCM,2025-10-14 10:37:00,Thời sự,"Ông Lê Quốc Phong (47 tuổi, nguyên Bí thư Tỉnh ủy Đồng Tháp) được Bộ Chính trị phân công làm Phó bí thư Thường trực Thành ủy TP.HCM."
'Giải quyết mấy ụ súng ở sân bay Tân Sơn Nhất cũng mất mấy năm trời',2025-10-14 10:34:00,Thời sự,"Chủ nhiệm Ủy ban Quốc phòng - An ninh - Đối ngoại Lê Tấn Tới cho biết xử lý mâu thuẫn giữa quy hoạch đất quốc phòng, an ninh với quy hoạch phát triển kinh tế - xã hội và đầu tư vừa tốn kém, vừa mất rất nhiều thời gian."
"Đại hội Đảng bộ TP.HCM là lời cam kết mạnh mẽ, hòa chung nhịp bước dân tộc",2025-10-14 10:30:00,Thời sự,"Đại hội là lời cam kết mạnh mẽ của TP.HCM, hòa chung nhịp bước của cả dân tộc trên con đường xây dựng và bảo vệ Tổ quốc, Bí thư Thành ủy TP.HCM Trần Lưu Quang nhấn mạnh."
Ông Trần Lưu Quang tiếp tục làm Bí thư Thành ủy TP.HCM,2025-10-14 10:27:00,Thời sự,"Ông Trần Lưu Quang, 58 tuổi, Bí thư Trung ương Đảng, tiếp tục được Bộ Chính trị tin tưởng giao trọng trách giữ chức Bí thư Thành ủy TP.HCM nhiệm kỳ 2025 - 2030."
Bờ sông Ngàn Sâu sạt lở lộ quả bom gần 2 tạ,2025-10-14 10:18:00,Dân sinh,"Trong lúc chèo thuyền trên sông Ngàn Sâu, một số người dân Hà Tĩnh phát hiện quả bom dài 1,5 m, nặng gần 2 tạ nằm bên bờ sông đang bị sạt lở."
Một người cha ôm 2 con nhỏ nhảy cầu Bến Thủy,2025-10-14 09:59:00,Dân sinh,Lực lượng tìm kiếm cứu nạn của tỉnh Nghệ An vẫn chưa tìm thấy người cha và 2 con nhỏ bị mất tích dưới sông Lam.
"Lãnh đạo Đảng, Nhà nước tham quan gian trưng bày Báo Thanh Niên tại ĐH Đảng bộ TP.HCM",2025-10-14 09:50:00,Thời sự,"Trước khi bắt đầu phiên chính thức Đại hội đại biểu Đảng bộ TP.HCM, các lãnh đạo Đảng, Nhà nước đã tham quan khu triển lãm báo chí - xuất bản, trong đó có gian trưng bày Báo Thanh Niên."
"Cảnh báo đường phố Hà Nội ngập lụt 0,4 m do mưa kéo dài",2025-10-14 09:00:00,Thời sự,"Dự báo thời tiết Hà Nội ngày 14.10 có mưa vừa, mưa to từ sáng đến chiều, nguy cơ ngập lụt ở nhiều tuyến phố, độ ngập sâu từ 0,1 - 0,3 m, có nơi ngập sâu nhất đến 0,4 m."
Tổng Bí thư Tô Lâm dự Đại hội đại biểu Đảng bộ TP.HCM lần thứ I,2025-10-14 08:29:00,Thời sự,"Sáng 14.10, Đại hội đại biểu Đảng bộ TP.HCM lần thứ I, nhiệm kỳ 2025 - 2030 chính thức khai mạc. Tổng Bí thư Tô Lâm tới dự và dự kiến phát biểu chỉ đạo đại hội."
Để không còn 'điểm nóng' rác thải,2025-10-14 08:23:00,Blog phóng viên,"Chiến dịch xóa các điểm bức xúc về rác thải, xà bần của P.Sơn Trà (TP.Đà Nẵng) là động thái tích cực, biểu thị quyết tâm của chính quyền cơ sở trong việc lập lại trật tự môi trường. Nhưng để duy trì kết quả ấy còn nhiều việc phải làm…"
"Đà Nẵng: Hơn 1.600 cơ sở nhà, đất đủ điều kiện sắp xếp lại sau sáp nhập",2025-10-14 08:11:00,Thời sự,"Bí thư Thành ủy Đà Nẵng Lương Nguyễn Minh Triết yêu cầu tập trung rà soát, sắp xếp, bố trí, xử lý trụ sở, tài sản công nhằm phòng, chống lãng phí."
Chờ đánh thức những khu 'đất vàng' ở Gia Lai,2025-10-14 07:00:00,Thời sự,"Sau sáp nhập, hàng trăm trụ sở dôi dư tại Gia Lai đã trở thành khối tài sản công khổng lồ. Làm thế nào để những khu ""đất vàng"" này không bị bỏ hoang, xuống cấp hay thất thoát đang là bài toán lớn đặt ra với chính quyền địa phương."
Xây dựng TP.HCM là thành phố XHCN tiêu biểu,2025-10-14 06:30:00,Thời sự,"Sáng nay (14.10), Đại hội đại biểu Đảng bộ TP.HCM lần thứ I diễn ra phiên trọng thể với sự tham dự của lãnh đạo Đảng, Nhà nước."
"Chưa khắc phục xong 5,7 ha đất 'dôi dư' tại dự án Summerland",2025-10-14 06:16:00,Thời sự,"Sau kết luận của Ủy ban Kiểm tra T.Ư, phần diện tích gần 5,7 ha ""dôi dư"" tại dự án Summerland (P.Phú Thủy, Lâm Đồng) vẫn chưa được điều chỉnh, dù đã có chỉ đạo khắc phục cụ thể từ nửa năm trước."
'Chia phe' tranh luận về việc giữ hay bỏ xét tuyển bằng học bạ,2025-10-14 06:13:00,Thời sự,"Trong khi Bộ GD-ĐT đang khảo sát lấy ý kiến về vấn đề ""có nên duy trì xét tuyển đại học bằng học bạ ?"", nhiều bạn đọc Báo Thanh Niên cũng ""chia phe"" tranh luận về việc này."
Những trường hợp nào được miễn giấy phép xây dựng?,2025-10-14 05:00:00,Thời sự,"Công trình xây dựng cấp IV, nhà ở riêng lẻ ở nông thôn có quy mô dưới 7 tầng và thuộc khu vực không có quy hoạch đô thị… thì không cần phải xin giấy phép xây dựng."
Đường ven biển 112 km qua tỉnh Vĩnh Long sẽ như thế nào?,2025-10-14 05:00:00,Thời sự,"Tuyến đường bộ ven biển Vĩnh Long dài hơn 112 km, tổng mức đầu tư hơn 27.000 tỉ đồng, gồm các dự án (DA): cầu Cửa Đại, cầu Ba Lai 8, DA đường bộ ven biển thuộc chương trình DPO, cầu Cổ Chiên 2, DA tuyến đường hành lang biển trên địa bàn tỉnh Trà Vinh (cũ), khi hoàn thành sẽ là tuyến giao thông trọng điểm ở miền Tây."
Đà Nẵng truy vết hành vi 'thổi giá' và đầu cơ bất động sản,2025-10-14 04:30:00,Thời sự,"Trước những dấu hiệu bất thường về thao túng và đầu cơ gây nhiễu loạn thị trường, UBND TP.Đà Nẵng đã ban hành công văn khẩn yêu cầu kiểm tra toàn diện công tác quản lý, sử dụng và đấu giá quyền sử dụng đất trên địa bàn."
Chiêm ngưỡng 'đại tiệc' ánh sáng ở tháp Tam Thắng Vũng Tàu,2025-10-14 04:30:00,Thời sự,"Tháp Tam Thắng vào ban ngày nhìn nổi bật giữa Bãi Sau Vũng Tàu với màu trắng tinh khôi. Khi màn đêm xuống, tháp Tam Thắng lung linh, huyền diệu với đủ sắc màu."
"50.000 quán ăn và quán cà phê đóng cửa hàng loạt, vì sao?",2025-10-14 04:26:00,Thời sự,"50.000 quán ăn, quán cà phê đóng cửa hàng loạt trong 6 tháng đầu năm 2025, cho thấy ngành ẩm thực - đồ uống đang trong giai đoạn thanh lọc mạnh vì áp lực cạnh tranh và chi phí."
Tai nạn chết người ở vòng xoay Tân Ngãi,2025-10-13 21:48:00,Thời sự,"Tai nạn chết người xảy ra khi xe trộn bê tông đang lưu thông thì bất ngờ va chạm xe máy đi cùng chiều tại khu vực vòng xoay Tân Ngãi (P.Tân Ngãi, Vĩnh Long)."
Đi lạc 4 ngày trong rừng sâu,2025-10-13 21:38:00,Dân sinh,"Một phụ nữ 37 tuổi đi lạc trong rừng sâu 4 ngày, rơi vào tình trạng đói lả, kiệt sức, đã được lực lượng tuần tra Đồn biên phòng Đắk Ken (Lâm Đồng) tìm thấy và cứu sống kịp thời."
"Nhiều vụ đổ trộm rác thải, xà bần ở Đà Nẵng",2025-10-13 20:25:00,Dân sinh,"Liên tiếp trong những ngày qua, Tổ kiểm tra, xử lý vi phạm hành chính về môi trường P.Sơn Trà (TP.Đà Nẵng) đã 'mật phục' bắt hàng loạt vụ đổ trộm rác thải, xà bần…"
Tết Bính Ngọ nghỉ 9 ngày liên tục,2025-10-13 20:21:00,Thời sự,Văn phòng Chính phủ vừa có văn bản truyền đạt ý kiến của Thủ tướng Phạm Minh Chính đồng ý cho  nghỉ tết Âm lịch 2026 trong 9 ngày liên tục.
Bàn giao tê tê Java quý hiếm cho Vườn quốc gia Chư Mom Ray,2025-10-13 20:21:00,Dân sinh,"Cá thể tê tê Java đi lạc vào nhà dân ở P.Đăk Bla (tỉnh Quảng Ngãi), sau đó bàn giao cho Trung tâm Bảo tồn đa dạng sinh học và du lịch sinh thái Vườn quốc gia Chư Mom Ray cứu hộ, chăm sóc..."
Phó thủ tướng: Tăng trưởng 10% trở lên là 'thách thức rất lớn của nhiệm kỳ tới',2025-10-13 20:19:00,Thời sự,"Phó thủ tướng thường trực Nguyễn Hòa Bình cho rằng mục tiêu tăng trưởng 10% trở lên và GDP bình quân đầu người đạt 8.500 USD vào năm 2030 là ""thách thức rất lớn trong nhiệm kỳ tới""."
Vụ ô tô lao vào quán nhậu khiến 1 người tử vong: Khởi tố tài xế,2025-10-13 19:59:00,Pháp luật,"Công an đã khởi tố và tạm giam bị can để điều tra vụ tài xế lái ô tô lao vào quán nhậu ở xã Bình Dương (Gia Lai), khiến 1 người tử vong và 1 người bị thương."
Viện KSND tối cao phục hồi điều tra vụ 'không truy cứu trách nhiệm hình sự người có tội',2025-10-13 19:55:00,Pháp luật,"Viện KSND tối cao vừa có thông báo đến gia đình bị hại và các luật sư về việc phục hồi giải quyết nguồn tin về tội phạm 'không truy cứu trách nhiệm hình sự người có tội' xảy ra tại Cơ quan CSĐT Công an H.Trà Ôn, Vĩnh Long (cũ)."
"Sau mưa lớn, chim hồng hoàng quý hiếm bay vào vườn nhà dân",2025-10-13 19:43:00,Thời sự,Người dân Quảng Trị vừa giao nộp cá thể chim quý hiếm có tên trong Sách đỏ sau khi phát hiện con  chim này bay vào vườn nhà sau đợt mưa lớn.
"Trộm 23,5 chỉ vàng của hàng xóm, sau đó mang trả và đến công an đầu thú",2025-10-13 19:08:00,Pháp luật,"Một phụ nữ ở Đắk Lắk đột nhập nhà hàng xóm, trộm vàng trị giá hơn 300 triệu đồng, nhưng nhiều ngày sau đã mang toàn bộ tài sản trả lại và đến cơ quan công an đầu thú."
Nhật Bản viện trợ khẩn cấp giúp Việt Nam khắc phục hậu quả bão lũ,2025-10-13 19:06:00,Thời sự,"Chính phủ Nhật Bản, thông qua JICA, đã nhanh chóng cung cấp hàng cứu trợ khẩn cấp cho Việt Nam nhằm hỗ trợ người dân bị ảnh hưởng nặng nề bởi các đợt bão lũ liên tiếp trong tháng 9 và tháng 10."
Ông Trần Sỹ Thanh nói về nguyên nhân khiến thủ đô bị ngập lụt nặng,2025-10-13 18:57:00,Thời sự,"Theo Chủ tịch Hà Nội Trần Sỹ Thanh, có nhiều nguyên nhân gây ngập lụt ở Hà Nội thời gian qua, trong đó có nguyên nhân do nhiều sông, hồ của thành phố những năm qua không được nạo vét."
Bộ Nội vụ phản hồi kiến nghị hạ tuổi hưởng trợ cấp hưu trí,2025-10-13 18:55:00,Thời sự,"Trả lời kiến nghị của cử tri, Bộ Nội vụ cho rằng việc giảm độ tuổi hưởng trợ cấp hưu trí xã hội cần được đánh giá toàn diện về tác động kinh tế - xã hội, bảo đảm tính khả thi và bền vững của hệ thống trợ cấp trong thời gian tới."
"Công an TP.HCM làm việc với Lương Bằng Quang, chồng của Ngân 98",2025-10-13 18:45:00,Thời sự,"Chiều 13.10, Cơ quan CSĐT Công an TP.HCM cho biết đã làm việc với ông Lương Bằng Quang (43 tuổi, chồng của Ngân 98) để làm rõ vai trò trong đường dây hoạt động sản xuất, buôn bán thực phẩm giả của thương hiệu ZuBu."
TP.HCM đã chi hơn 67 tỉ đồng hỗ trợ đồng bào vùng bão lũ,2025-10-13 18:38:00,Thời sự,TP.HCM đã chi hơn 67 tỉ đồng để hỗ trợ đồng bào các tỉnh phía bắc chịu thiệt hại nặng nề do bão lũ gây ra.
Phát hiện hàng chục ngàn sản phẩm sơn móng tay nhập lậu,2025-10-13 18:17:00,Pháp luật,"Lực lượng Quản lý thị trường tỉnh Lâm Đồng tạm giữ hơn 20.000 sản phẩm sơn móng tay nhập lậu, có tổng trị giá gần 300 triệu đồng."
"6 phó chủ tịch tỉnh Lâm Đồng cùng đi gỡ vướng đất đai, thủ tục đầu tư",2025-10-13 18:12:00,Dân sinh,"Lâm Đồng đang tập trung gỡ vướng đất đai, rừng và thủ tục đầu tư cho hàng trăm dự án ngoài ngân sách, nhằm đánh thức khối vốn 'đang ngủ yên' và tạo động lực tăng trưởng mới cho kinh tế tỉnh."
Đã bắt được cá sấu nghi tấn công người trên sông Chò,2025-10-13 18:08:00,Dân sinh,"Sau 5 ngày truy tìm, lực lượng chức năng xã Diên Lâm (Khánh Hòa) đã bắt được con cá sấu dài hơn 2,6 m, nặng khoảng 80 kg tại sông Chò, nơi trước đó một người dân nghi bị tấn công."
Đảm bảo an ninh tuyệt đối cho Đại hội đại biểu Đảng bộ TP.HCM,2025-10-13 18:01:00,Thời sự,"Công an TP.HCM, đặc biệt là lực lượng Cảnh sát cơ động, đã triển khai đồng bộ các phương án đảm bảo an ninh, trật tự cho Đại hội đại biểu Đảng bộ TP.HCM lần thứ I (nhiệm kỳ 2025 - 2030)."
Vì sao cần lập Trung tâm đột quỵ tại đặc khu Phú Quốc?,2025-10-13 17:59:00,Thời sự,"Bác sĩ giỏi Bệnh viện Chợ Rẫy được tăng cường đến Trung tâm y tế đặc khu Phú Quốc, vừa cứu sống kịp thời 2 bệnh nhân bị đột quỵ."
Hai gia đình gặp nạn khi đi khám bệnh: 'Mở mắt ra còn lại đống hoang tàn',2025-10-13 17:53:00,Thời sự,"Liên quan đến vụ tai nạn nghiêm trọng khiến 7 người thuộc 2 gia đình ở Quảng Ngãi thương vong, nhiều nạn nhân cho biết thời điểm tai họa ập đến họ đều đang ngủ, khi 'mở mắt ra chỉ còn lại đống hoang tàn'."
"Rùa núi vàng quý hiếm 'lạc' vào nhà, người dân liền giao nộp kiểm lâm",2025-10-13 17:40:00,Thời sự,"Phát hiện có một con rùa vào nhà, một người dân ở Quảng Trị đăng lên mạng xã hội để hỏi thông tin, khi biết là loài rùa núi vàng quý hiếm đã lập tức giao nộp cho kiểm lâm."
Truy tố cựu Giám đốc Công ty Linh Yến Phi lừa đảo gần 45 tỉ đồng,2025-10-13 17:32:00,Pháp luật,"Viện KSND tỉnh Cà Mau vừa hoàn tất cáo trạng, truy tố bị can Nguyễn Minh Tân, cựu Giám đốc Công ty Linh Yến Phi cùng 2 đồng phạm lừa đảo chiếm đoạt gần 45 tỉ đồng của nhiều bị hại."
Đề nghị cân nhắc việc áp thuế thu nhập cá nhân với mua bán vàng miếng,2025-10-13 17:06:00,Thời sự,"Ủy ban Kinh tế - Tài chính đề nghị Chính phủ cân nhắc thỏa đáng việc áp thuế thu nhập cá nhân với chuyển nhượng, mua bán vàng miếng quy định tại dự thảo luật Thuế thu nhập cá nhân."
"'Khen thưởng phải ưu tiên tập thể, cá nhân trực tiếp lao động, sản xuất'",2025-10-13 16:54:00,Thời sự,"Phó chủ tịch nước Võ Thị Ánh Xuân cho rằng, công tác khen thưởng phải đúng người, đúng việc, kịp thời, ưu tiên những tập thể, cá nhân trực tiếp lao động, sản xuất ở những lĩnh vực, địa bàn khó khăn."
Đề xuất trích thưởng 10% số thuế vượt thu cho cán bộ thuế,2025-10-13 16:47:00,Thời sự,"Chính phủ đề xuất trích thưởng cho cơ quan quản lý thuế 10% số vượt thu theo chỉ tiêu hàng năm, dự kiến khoảng 8.000 tỉ đồng để chi thu nhập, đầu tư cơ sở vật chất."
"Hà Nội chiều nay mưa giông, đề phòng sét đánh, gió giật mạnh",2025-10-13 16:30:00,Thời sự,"Trung tâm Dự báo khí tượng thủy văn quốc gia cảnh báo, nhiều phường nội thành Hà Nội chiều nay có mưa giông, đề phòng sét đánh, gió giật mạnh."
Thành ủy TP.HCM bổ nhiệm 2 thư ký Bí thư Trần Lưu Quang,2025-10-13 15:55:00,Thời sự,"Ban Thường vụ Thành ủy TP.HCM vừa bổ nhiệm 2 cán bộ giữ chức thư ký ông Trần Lưu Quang, Bí thư Trung ương Đảng, Bí thư Thành ủy TP.HCM."
"Bất chấp quảng cáo sai sự thật, phạt kịch khung đến 100 triệu đồng",2025-10-13 14:36:00,Thời sự,"Bộ VH-TT-DL đề xuất tăng mức phạt kịch khung lên 100 triệu đồng đối với hành vi quảng cáo không đúng về chất lượng, công dụng của sản phẩm, hàng hóa."
'90% học sinh hạnh kiểm tốt nhưng bạo lực học đường vẫn nhức nhối',2025-10-13 14:33:00,Thời sự,"Chủ nhiệm Ủy ban Công tác đại biểu Nguyễn Thanh Hải đề nghị rà soát lại việc đánh giá và thực trạng đạo đức học sinh khi 90%, thậm chí 100% học sinh hạnh kiểm tốt nhưng bạo lực học đường vẫn thường xuyên xảy ra."
Ngân 98 từng bán sản phẩm gì trước khi bị bắt?,2025-10-13 13:59:00,Thời sự,"Trước khi bị Cơ quan Cảnh sát điều tra Công an TP.HCM khởi tố, bắt tạm giam, Ngân 98 từng bán rầm rộ các sản phẩm hỗ trợ giảm cân là hàng giả, chứa chất cấm trên các nền tảng mạng xã hội."
"'Lương cán bộ xã chưa tới 10 triệu, rất khó khăn'",2025-10-13 13:29:00,Thời sự,"Phó chủ tịch Quốc hội Nguyễn Thị Thanh đề nghị sớm hoàn thiện đề án vị trí việc làm gắn với cải cách tiền lương vì cán bộ cấp xã hiện nay lương thấp trong khi địa bàn xã rộng, công việc nhiều."
'Siêu' phường Hạc Thành ở Thanh Hóa có tân bí thư,2025-10-13 13:22:00,Dân sinh,"Ông Nguyễn Văn Biện (45 tuổi) đã được điều động, chỉ định giữ chức Bí thư Đảng ủy phường Hạc Thành (Thanh Hóa), thay cho ông Lê Anh Xuân - người đã bị khởi tố, bắt tạm giam để điều tra sai phạm trong thời gian giữ chức Bí thư TP.Thanh Hóa cũ."
"Nước sông Cầu đã rút, 'rốn lũ' Hà Nội vẫn ngập sâu",2025-10-13 13:20:00,Thời sự,"Dù nước trên sông Cầu đã rút nhưng vùng 'rốn lũ' ngoại thành Hà Nội vẫn chìm trong 'biển nước' khiến người dân địa phương ngao ngán. Người dân mong mỏi chính quyền có giải pháp tiêu thoát nước để sớm dọn dẹp nhà cửa, khắc phục hậu quả."
Hoãn phiên tòa tranh chấp di sản giữa vợ và mẹ cố diễn viên Đức Tiến,2025-10-13 12:34:00,Thời sự,Do luật sư của mẹ cố diễn viên Đức Tiến có đơn xin hoãn phiên tòa nên HĐXX sơ thẩm đã hoãn phiên tòa và sẽ thông báo lịch xét xử sau.
Chùm ảnh đặc biệt bãi đỗ trực thăng thứ hai của Bệnh viện Quân y 175,2025-10-13 12:19:00,Thời sự,"Bệnh viện Quân y 175 được giao nhiệm vụ phát triển dịch vụ cấp cứu đường không không chỉ dành cho quân đội, biển đảo mà kể cả địa điểm vùng xa của TP.HCM, hoặc cần cấp cứu ""giờ vàng"" cho bệnh nhân."
Đại biểu dự Đại hội Đảng bộ TP.HCM ủng hộ đồng bào bị thiệt hại mưa lũ,2025-10-13 12:04:00,Thời sự,"Tại phiên trù bị Đại hội đại biểu Đảng bộ TP.HCM lần thứ I nhiệm kỳ 2025 - 2030, các đại biểu đã tích cực đóng góp ủng hộ đồng bào khắc phục hậu quả bão lũ tại các tỉnh Bắc bộ và Bắc Trung bộ."
Cà Mau: Công an điều tra vụ 'bác sĩ không làm việc vẫn có y lệnh',2025-10-13 11:58:00,Pháp luật,"Công an tỉnh Cà Mau đã tiếp nhận thông tin, đang tiến hành các bước điều tra, giám định để làm rõ việc  bác sĩ không làm việc nhưng vẫn có y lệnh khám chữa bệnh bảo hiểm y tế (BHYT) tại Công ty TNHH Dược phẩm TVT - Phòng khám đa khoa Sài Gòn."
Tài xế xe bán tải rời khỏi hiện trường vụ tai nạn đã trình diện công an,2025-10-13 11:50:00,Dân sinh,"Sau khi xảy ra va chạm giao thông ở Đắk Lắk ngày 7.10 khiến hai học sinh bị thương, trong đó một em bị thương nặng, tài xế xe bán tải đã rời khỏi hiện trường, đến 11.10 mới ra trình diện cơ quan công an."
Chi tiết 188 giấy tờ được đề xuất tích hợp trên VNeID,2025-10-13 11:44:00,Thời sự,"Bộ Công an đề xuất 188 giấy tờ cấp cho công dân được tích hợp trên VNeID, trong đó hàng loạt giấy tờ quan trọng gắn với đời sống hàng ngày."
"Khởi tố, bắt tạm giam Ngân 98",2025-10-13 11:35:00,Thời sự,"Ngày 13.10, Cơ quan Cảnh sát điều tra Công an TP.HCM đã khởi tố, bắt tạm giam Võ Thị Ngọc Ngân (thường gọi Ngân 98) để điều tra về tội ""sản xuất, buôn bán hàng giả là thực phẩm""."
"'Làm sao chủ tịch UBND suốt ngày tiếp dân được, thế không làm việc khác à?'",2025-10-13 11:19:00,Thời sự,"Phó viện trưởng Viện KSND tối cao Nguyễn Duy Giảng cho rằng trong việc tiếp công dân, giải quyết khiếu nại, tố cáo cần cho phép ủy quyền để tránh mọi việc đẩy lên người đứng đầu."
"Hình ảnh ngày đầu Đại hội Đảng bộ TP.HCM lần thứ I, nhiệm kỳ 2025 - 2030",2025-10-13 11:17:00,Thời sự,"Trong phiên trù bị Đại hội đại biểu Đảng bộ TP.HCM lần thứ I, nhiệm kỳ 2025 - 2030, các đại biểu đã chuẩn bị một số nội dung cho phiên chính thức diễn ra ngày 14 - 15.10."
Làm rõ thông tin bảo vệ siêu thị khám xét bé trai vì nghi lấy trộm socola,2025-10-13 11:02:00,Dân sinh,"Mạng xã hội lan truyền thông tin nhân viên bảo vệ một siêu thị ở P.Xuân Hương - Đà Lạt (Lâm Đồng) tự ý khám xét bé trai 10 tuổi, nghi lấy trộm thanh socola, khi bé không có người thân hoặc người giám hộ đi cùng."
Trong 9 tiếng xảy ra 8 trận động đất ở miền Tây Quảng Ngãi,2025-10-13 10:58:00,Thời sự,Miền Tây Quảng Ngãi ghi nhận 8 trận động đất liên tiếp trong 9 tiếng. Đây là các trận động đất kích thích do hồ thủy điện.
Bị đâm tử vong do tấn công nhầm nhóm đối thủ,2025-10-13 10:49:00,Thời sự,"Một vụ án mạng nghiêm trọng xảy ra tại quán nhậu ở xã Tân Vĩnh Lộc, TP.HCM, xuất phát từ mâu thuẫn nhỏ liên quan đến tiếng nẹt pô xe máy."
"Vẫn còn ép mua bảo hiểm qua ngân hàng, tư vấn không minh bạch",2025-10-13 10:27:00,Thời sự,"Thứ trưởng Bộ Tài chính thừa nhận vẫn còn tình trạng ép mua bảo hiểm thông qua ngân hàng, tư vấn hợp đồng bảo hiểm không minh bạch."
Đại hội Đảng bộ TP.HCM: Bí thư Trần Lưu Quang nêu 2 nội dung quan trọng,2025-10-13 10:26:00,Thời sự,"Đại hội Đảng bộ TP.HCM sẽ tập trung đánh giá việc thực hiện nghị quyết nhiệm kỳ 2020 - 2025, mục tiêu nhiệm kỳ 2025 - 2030 và góp ý dự thảo văn kiện Đại hội XIV của Đảng."
Hai gia đình bị tai nạn khi đi khám bệnh: Bé gái 11 tháng tuổi tử vong,2025-10-13 09:55:00,Thời sự,"Dù được các bác sĩ Bệnh viện đa khoa Quảng Nam (ở TP.Đà Nẵng) nỗ lực cứu chữa, nhưng nạn nhân 11 tháng tuổi trong vụ 2 gia đình thuê xe đi khám bệnh gặp tai nạn đã tử vong."
Đoàn đại biểu dự Đại hội Đảng bộ TP.HCM dâng hương tưởng nhớ anh hùng liệt sĩ,2025-10-13 09:45:00,Thời sự,"Trước phiên trù bị Đại hội đại biểu Đảng bộ TP.HCM lần thứ I, Bí thư Thành ủy TP.HCM Trần Lưu Quang cùng đoàn đại biểu đã dâng hương tưởng nhớ anh hùng liệt sĩ, Chủ tịch Hồ Chí Minh."
Ổ gà trên quốc lộ 51 là nỗi ám ảnh của tài xế,2025-10-13 09:05:00,Thời sự,"Những ổ gà xuất hiện dày đặc trên quốc lộ 51 đang là nỗi ám ảnh của những tài xế ô tô con. Rất nhiều xe đã bị sụp ổ gà, bể lốp xe, thậm chí có xe còn bị hư hỏng cả mâm bánh."
Xử lý nghiêm nạn đưa người vào đường dây lừa đảo,2025-10-13 08:30:00,Blog phóng viên,"Từ đầu năm 2025 đến nay, hơn 1.700 người Việt bị Campuchia trục xuất về nước qua 2 cửa khẩu thuộc tỉnh Tây Ninh. Đáng chú ý, nhiều người trong số này đã tham gia các đường dây lừa đảo xuyên biên giới."
"6 ngày tới, miền Bắc đón 2 đợt mưa lớn liên tiếp",2025-10-13 08:07:00,Thời sự,"Dự báo thời tiết trong 6 ngày tới, các tỉnh miền Bắc sẽ có 2 đợt mưa lớn liên tiếp. Mưa lớn cục bộ có khả năng gây ra lũ quét trên các sông, suối nhỏ, sạt lở đất trên địa hình sườn dốc."
Người bắc cầu nhân ái ở bản làng vùng cao,2025-10-13 08:04:00,Thời sự,"Rời công việc ổn định, có mức lương cao trong cơ quan nhà nước, anh Hà Kim Cương, 'cha đẻ' của fanpage Cao Bằng Hóng, đã chọn cho mình một con đường riêng: dấn thân vào hành trình lan tỏa văn hóa và lòng nhân ái."
Bão chồng bão cuốn bay những cánh đồng tiền tỉ,2025-10-13 06:33:00,Thời sự,"2 cơn bão kèm theo mưa lũ ập vào Nghệ An trong vòng 1 tháng đã tàn phá hàng trăm hồ tôm, nhà lưới nông nghiệp, trại gà, biến những cánh đồng tiền tỉ thành những cánh đồng hoang."
TP.HCM định hình siêu đô thị đáng sống,2025-10-13 06:05:00,Thời sự,"Sáng nay (13.10), phiên trù bị Đại hội đại biểu Đảng bộ TP.HCM lần thứ I, nhiệm kỳ 2025 - 2030 diễn ra tại Học viện Cán bộ TP.HCM (P.Bình Thạnh) với sự tham dự của 550 đại biểu. Theo kế hoạch, Đại hội diễn ra từ ngày 13 - 15.10."
"Cần thiết tích hợp, cập nhật trên VNeID nhiều loại giấy tờ",2025-10-13 06:03:00,Thời sự,"Bạn đọc Báo Thanh Niên ủng hộ đề xuất của Bộ Công an về tích hợp, cập nhật trên VNeID 188 loại giấy tờ cấp cho công dân và 390 loại giấy tờ cấp cho tổ chức, và mong muốn ứng dụng này ngày càng chất lượng hơn để phục vụ người dân được tốt nhất."
"3.000 gian hàng của trên 2.500 tổ chức, doanh nghiệp tham gia Hội chợ Mùa Thu 2025",2025-10-13 06:00:00,Thời sự,"Hội chợ Mùa Thu 2025 sẽ khai mạc vào 9 giờ sáng 26.10 và bế mạc ngày 4.11. Trong khuôn khổ Hội chợ, sẽ có các hoạt động quyên góp ủng hộ đồng bào chịu ảnh hưởng nghiêm trọng của bão lũ tại miền Bắc và miền Trung."
Lòng khoan dung - 'Bí mật' làm nên sự thịnh vượng của Sài Gòn - TP.HCM,2025-10-13 05:00:00,Thời sự,Chúng ta thường nghe nói sự thịnh vượng của 'Sài Gòn - Hòn Ngọc Viễn Đông' trước đây. Tổng Bí thư Tô Lâm gần đây cũng nhắc đến. Nhưng đừng tưởng Sài Gòn thịnh vượng là do người Pháp hay là 'thành tựu' của chế độ VNCH. Sự thịnh vượng của nó là do 'tự nó' đấy.
Đại hội Đảng bộ TP.HCM: Những chỉ tiêu chiến lược của đô thị đáng sống,2025-10-13 04:48:00,Thời sự,"Với hệ thống 30 chỉ tiêu trình Đại hội Đảng bộ TP.HCM, diện mạo của siêu đô thị TP.HCM đến năm 2030 sẽ có hạ tầng hiện đại, người dân thụ hưởng chất lượng cuộc sống tốt hơn."
"Quốc lộ 14 ở Đồng Nai vá mãi vẫn hư, như 'giăng bẫy' người đi đường",2025-10-13 04:24:00,Dân sinh,"Quốc lộ 14 đoạn tỉnh Đồng Nai xuất hiện nhiều đoạn tuyến bị xuống cấp, hư hỏng, bong tróc mặt đường, tạo thành những 'ổ voi', 'ổ gà', gây nguy hiểm cho người và phương tiện lưu thông."
"Mưa lũ bão Matmo gây thiệt hại trên 8.720 tỉ đồng, còn 10.961 nhà ngập lụt",2025-10-12 20:37:00,Thời sự,"Mưa lũ bão Matmo gây thiệt hại trên 8.720 tỉ đồng ở Thái Nguyên, Hà Nội, Bắc Ninh và Lạng Sơn. Hà Nội, Bắc Ninh còn 10.961 nhà dân ngập lụt."
Không khí lạnh có khả năng gây mưa lớn ở miền Bắc 3 ngày tới,2025-10-12 18:56:00,Thời sự,"Không khí lạnh kết hợp với gió đông từ hoàn lưu áp cao cận nhiệt đới lấn tây có khả năng gây ra mưa lớn trên diện rộng ở miền Bắc, đặc biệt là khu vực đông Bắc bộ."
Cần làm rõ về 'miễn viện phí mức cơ bản',2025-10-12 18:45:00,Thời sự,"Sáng 12.10, Ủy ban Văn hóa và Xã hội của Quốc hội đã có phiên họp toàn thể cho ý kiến dự thảo Nghị quyết Quốc hội về các cơ chế chính sách để thực hiện hiệu quả Nghị quyết số 72-NQ/TW ngày 9.9.2025 của Bộ Chính trị, do Bộ Y tế soạn thảo."
'Không tiếp tục đổi mới thì chúng ta sẽ không thể phát triển được’,2025-10-12 18:41:00,Thời sự,"Theo Thủ tướng Phạm Minh Chính, phải đổi mới mạnh mẽ hơn nữa, trong đó khoa học công nghệ, đổi mới sáng tạo và chuyển đổi số là nền tảng, là con đường ngắn nhất, nhanh nhất."
Bị khởi tố vì 2 lần đốt rác trên sân thượng,2025-10-12 17:04:00,Pháp luật,"Trong 1 ngày, người đàn ông ở Hà Nội 2 lần đốt rác trên sân thượng gây cháy lan sang nhà hàng xóm. Công an đã khởi tố người này về tội gây rối trật tự công cộng và xem xét xử lý hành vi hủy hoại tài sản."
Điều động Bí thư Tỉnh ủy Lạng Sơn làm Bí thư Sơn La,2025-10-12 16:27:00,Thời sự,"Bí thư Tỉnh ủy Lạng Sơn Hoàng Văn Nghiệm, được Bộ Chính trị điều động, chỉ định làm Bí thư Tỉnh ủy Sơn La, nhiệm kỳ 2025 - 2030."
Đàn cá heo bơi lượn tung tăng gần đảo Hòn Cau,2025-10-12 16:22:00,Thời sự,Đàn cá heo khoảng 20 con xuất hiện và tung bơi gần đảo Hòn Cau (Lâm Đồng) làm nhiều người thích thú.
Cà Mau: Công an xác minh bằng cấp của một bác sĩ đã khám hơn 4.500 lượt bệnh,2025-10-12 16:03:00,Thời sự,Công an Cà Mau đang xác minh bằng cấp của một bác sĩ đã khám hơn 4.500 lượt bệnh tại Phòng khám đa khoa Y Đức Sài Gòn.
Đoàn đại biểu dự Đại hội Đảng bộ TP.HCM thăm và làm việc Vùng 2 Hải quân,2025-10-12 14:29:00,Thời sự,Đoàn đại biểu dự Đại hội đại biểu Đảng bộ TP.HCM lần thứ I (nhiệm kỳ 2025 - 2030) làm việc với Bộ Tư lệnh Vùng 2 Hải quân để tìm hiểu thực tiễn hoạt động của lực lượng hải quân trong bảo vệ chủ quyền và phát triển kinh tế biển.
Bắt nghi phạm cướp giật điện thoại nữ chủ quán cà phê,2025-10-12 13:57:00,Thời sự,"Vờ hỏi mượn điện thoại của nữ chủ quán cà phê ở Đắk Lắk, rồi... cầm bỏ chạy. Nghi phạm cướp giật này đã bị bắt giữ."
Chủ tịch Tập đoàn Becamex mong được tiếp tục đóng góp vào sự phát triển của TP.HCM,2025-10-12 12:55:00,Thời sự,"Sáng 12.10, tại phường Bình Dương, Đoàn đại biểu dự Đại hội Đảng bộ TP.HCM thăm, làm việc với Tập đoàn Becamex. Ông Nguyễn Văn Hùng, Chủ tịch HĐQT Tập đoàn bày tỏ mong muốn tiếp tục được đóng góp vào sự phát triển chung của TP.HCM."
Nhiều người trong 2 gia đình ở Quảng Ngãi bị tai nạn khi ra Đà Nẵng khám bệnh,2025-10-12 12:53:00,Thời sự,"Nhiều người trong 2 gia đình ở tỉnh Quảng Ngãi thuê ô tô đi ra TP.Đà Nẵng khám bệnh, nhưng không may gặp tai nạn nghiêm trọng, khiến tất cả đều bị thương."
"Xe giường nằm va chạm xe máy, 2 người chết, 3 phương tiện hư hỏng",2025-10-12 11:36:00,Thời sự,"Xe giường nằm va chạm xe máy khiến hai vợ chồng lớn tuổi tử vong tại xã Phù Mỹ, Gia Lai; ba phương tiện hư hỏng, hiện trường đầy dấu vết va chạm."
"Đoàn đại biểu dự Đại hội Đảng bộ TP.HCM trải nghiệm metro, dâng hương Vua Hùng",2025-10-12 11:26:00,Thời sự,"Sáng 12.10, đoàn đại biểu dự Đại hội đại biểu Đảng bộ TP.HCM lần thứ I tham quan các công trình, mô hình kinh tế, văn hóa, xã hội, quốc phòng, an ninh tiêu biểu trên địa bàn."
Không cần cấm bác sĩ siêu âm thông báo giới tính thai nhi,2025-10-12 11:25:00,Thời sự,"Sáng 12.10, Ủy ban Văn hóa và Xã hội của Quốc hội đã có phiên họp toàn thể thẩm tra dự thảo luật Dân số, luật Phòng bệnh, do Bộ Y tế soạn thảo."
Đoàn đại biểu Đảng bộ Chính phủ vào Lăng viếng Bác,2025-10-12 11:21:00,Thời sự,"Sáng 12.10, Thủ tướng Phạm Minh Chính đã dẫn đầu đoàn đại biểu dự Đại hội Đảng bộ Chính phủ lần thứ nhất, nhiệm kỳ 2025 - 2030 vào Lăng viếng Chủ tịch Hồ Chí Minh."
"Đồng Tháp: Cháy chợ Bình Hàng Tây, 9 ki ốt bị thiêu rụi",2025-10-12 10:39:00,Thời sự,Một vụ cháy chợ vừa xảy ra ở Đồng Tháp khiến 9 ki ốt và nhiều tài sản của tiểu thương bị thiêu rụi.
"Dự báo từ đêm mai, miền Bắc bước vào đợt mưa lớn 4 ngày",2025-10-12 08:31:00,Thời sự,"Dự báo từ đêm mai 13.10, miền Bắc bắt đầu đợt mưa lớn, kéo dài khoảng  4 ngày. Mưa lớn bắt đầu từ các tỉnh đông Bắc bộ, sau đó mở rộng sang phía tây Bắc bộ."
Triển lãm thiết bị công nghệ chiến lược tại Đại hội Đảng bộ TP.HCM,2025-10-12 07:31:00,Thời sự,"Trong khuôn khổ Đại hội Đảng bộ TP.HCM diễn ra từ 13-15.10, triển lãm khoa học công nghệ quy tụ gần 30 gian hàng với hơn 650 sản phẩm, giải pháp thuộc 11 nhóm công nghệ chiến lược."
Nâng mức trần thu nhập được mua nhà ở xã hội,2025-10-12 06:36:00,Thời sự,"Sáng 11.10, Thủ tướng Phạm Minh Chính chủ trì phiên họp của Ban Chỉ đạo T.Ư về chính sách nhà ở và thị trường bất động sản."
Chủ tịch Quốc hội dâng hương tưởng nhớ Chủ tịch Tôn Đức Thắng,2025-10-12 06:34:00,Thời sự,"Hướng tới kỷ niệm 80 năm Ngày Tổng tuyển cử đầu tiên bầu Quốc hội (QH) VN (6.1.1946 - 6.1.2026), sáng 11.10, Chủ tịch QH Trần Thanh Mẫn cùng đoàn công tác đã dâng hương tại Di tích quốc gia đặc biệt Khu lưu niệm Chủ tịch Tôn Đức Thắng ở xã Mỹ Hòa Hưng, An Giang."
Tổng Bí thư Tô Lâm dự lễ khởi công trường phổ thông nội trú ở Nghệ An,2025-10-12 06:20:00,Thời sự,"Ngày 11.10, Tổng Bí thư Tô Lâm dự lễ khởi công xây dựng Trường phổ thông nội trú liên cấp tiểu học và THCS Na Ngoi, tỉnh Nghệ An. Đây là ngôi trường được triển khai theo chủ trương mới của Bộ Chính trị về đầu tư xây dựng 248 trường phổ thông nội trú liên cấp tiểu học, THCS tại các xã biên giới đất liền."
"MTTQ Việt Nam thăm hỏi, trao quà hỗ trợ người dân tại Thái Nguyên, Bắc Ninh",2025-10-12 06:05:00,Thời sự,"Sáng 11.10, Đoàn công tác của Ủy ban T.Ư MTTQ VN do bà Hà Thị Nga, Phó chủ tịch Ủy ban T.Ư MTTQ VN, làm trưởng đoàn đã tới thăm hỏi, trao quà hỗ trợ người dân và lực lượng hỗ trợ nhân dân khắc phục hậu quả bão lũ tại Thái Nguyên."
Hữu Lũng và những vách đá 'đẻ' trứng  vàng,2025-10-12 05:58:00,Thời sự,"Thanh bình, nguyên sơ, những dãy núi đá vôi ở Hữu Lũng (Lạng Sơn) từ trước năm 2012 là một chốn xa đầy lạ lẫm. Nhưng nay thì khác, Hữu Lũng đã thành 'thánh địa' của những người yêu thể thao leo núi mạo hiểm khắp thế giới tìm về. Những vách đá nguyên sơ giờ là tài nguyên quý, tạo sinh kế dồi dào, là điển hình du lịch sinh thái, mạo hiểm đang phát triển tại VN."
Chung dòng máu Lạc Hồng: Tự hào là người Việt Nam trên đất khách,2025-10-12 05:52:00,Thời sự,"8 năm trước, ông Đinh Hoàng Hà và gia đình rời quê hương đến Singapore để sinh sống và làm việc. Với ông, việc ra đi chỉ là hành trình học hỏi, tích lũy tri thức và sáng kiến để sau này trở về đóng góp cho quê hương."
"Sang tên xe máy còn vướng, người dân còn ngại",2025-10-12 05:43:00,Thời sự,"Bạn đọc mong muốn có cơ chế sang tên xe máy trực tuyến để tạo điều kiện thuận lợi cho người dân, tiết kiệm thời gian, khuyến khích mọi người tham gia 'làm sạch' dữ liệu phương tiện."
Xây dựng trung tâm tài chính quốc tế để tạo bước phát triển đột phá,2025-10-12 05:36:00,Thời sự,Đây là chủ trương đột phá không chỉ thúc đẩy nhanh sự phát triển của TP.HCM mà còn là sự định vị quốc gia trên bản đồ kinh tế toàn cầu. Đây cũng là sự đột phá xóa bỏ 'điểm nghẽn của điểm nghẽn' là thể chế.
Xe kinh doanh vận tải dưới 8 chỗ: Bắt buộc lắp thiết bị ghi nhận hình ảnh tài xế?,2025-10-12 05:22:00,Thời sự,Chính phủ đề xuất bắt buộc lắp thiết bị ghi nhận hình ảnh người lái xe đối với ô tô kinh doanh vận tải dưới 8 chỗ ngồi và xe vận tải nội bộ.
"Xót cảnh người chết cuộn chiếu, cô gái trẻ làm dự án tặng áo quan",2025-10-12 05:04:00,Thời sự,"Tận mắt chứng kiến cảnh người sống không đủ cơm ăn, mất đi cũng không có nổi một chiếc quan tài yên nghỉ, chị Cao Hữu Hoàng Vân (34 tuổi, ở TP.HCM) cùng các cộng sự đã lập Nhóm thiện nguyện Liên Tâm, mang đến hơi ấm cho những phận đời lay lắt và sự trọn vẹn cuối cùng cho người đã khuất."
"Con muốn sống: Người mẹ nghèo cầu cứu, 'sẽ bán nhà để cứu con ung thư'",2025-10-12 04:47:00,Thời sự,"Gia đình hộ nghèo, không còn tài sản nào ngoài căn nhà nhỏ ở quê. Người mẹ trẻ nói sẽ bán nhà để cứu con đang chống chọi với bệnh ung thư hạch."
Người TP.HCM tập kết hàng gửi vùng lũ miền Bắc: 'Nơi nào cũng là người một nhà',2025-10-12 04:16:00,Thời sự,"Những chuyến xe nghĩa tình rời TP.HCM trong đêm, mang theo sữa, thuốc và cả hơi ấm phương Nam gửi đến miền Bắc đang oằn mình vì lũ lụt."
Độc đáo trụ sở UBND phường Sài Gòn cổ hơn nhà thờ Đức Bà ở TP.HCM,2025-10-12 04:09:00,Thời sự,"Ít ai biết, trụ sở UBND phường Sài Gòn gần 150 tuổi cổ hơn nhà thờ Đức Bà, là công trình kiến trúc Pháp đặc sắc ở trung tâm TP.HCM."
"MTTQ Việt Nam thăm hỏi, tặng quà nhân dân vùng ngập lũ Thái Nguyên, Bắc Ninh",2025-10-11 22:24:00,Thời sự,"Ngày 11.10, đoàn công tác của Ủy ban Trung ương Mặt trận Tổ quốc (MTTQ) Việt Nam do bà Hà Thị Nga, Phó chủ tịch Ủy ban Trung ương MTTQ Việt Nam, làm trưởng đoàn đã tới thăm hỏi, tặng quà người dân và lực lượng hỗ trợ nhân dân khắc phục hậu quả bão lũ tại các tỉnh Thái Nguyên, Bắc Ninh."
Chủ tịch UBND tỉnh Lâm Đồng: 'Không để tồn tại lời hứa trên giấy',2025-10-11 20:35:00,Thời sự,"Chủ tịch UBND tỉnh Lâm Đồng Hồ Văn Mười cho biết như vậy tại buổi họp báo công bố kết quả Đại hội đại biểu Đảng bộ tỉnh lần thứ I vào chiều 11.10. Ông cũng cho hay, trên địa bàn hiện có hơn 300 dự án với tổng vốn hàng chục nghìn tỉ đồng đang bị ách tắc..."
3 phó bí thư Thành ủy TP.HCM kiểm tra công tác chuẩn bị đại hội,2025-10-11 19:41:00,Thời sự,"Lãnh đạo Thành ủy TP.HCM kiểm tra công tác chuẩn bị triển lãm báo chí - xuất bản, khu trưng bày sản phẩm khoa học công nghệ và tổng duyệt chương trình nghệ thuật chào mừng khai mạc Đại hội Đảng bộ TP.HCM lần thứ I."
"Đà Nẵng: Hai xe bồn bốc cháy dữ dội gần cây xăng, đưa xe robot ứng cứu",2025-10-11 19:40:00,Thời sự,"Hai xe bồn chở xăng dầu bất ngờ bốc cháy dữ dội, phát ra nhiều tiếng nổ gần cây xăng. Công an TP.Đà Nẵng điều động lực lượng có cả xe robot chữa cháy đến hiện trường."
Vẫn còn hơn 10.200 nhà bị ngập do mưa lũ sau bão Matmo,2025-10-11 19:26:00,Thời sự,"Đến 17 giờ ngày 11.10, các địa phương chịu ảnh hưởng bởi mưa lũ sau bão Matmo (bão số 11) vẫn còn 10.267 nhà dân bị ngập, khoảng 76.142 khách hàng vẫn bị mất điện, tổng thiệt hại kinh tế ước tính trên 7.050 tỉ đồng."
Đề xuất sáp nhập Bệnh viện E vào Bệnh viện Bạch Mai,2025-10-11 19:18:00,Thời sự,"Trong số 39 bệnh viện trực thuộc, Bộ Y tế đề xuất 25 bệnh viện tiếp tục trực thuộc. Bệnh viện Bạch Mai sẽ có chuỗi bệnh viện, với việc tiếp nhận sáp nhập Bệnh viện E."
Phường Văn Miếu - Quốc Tử Giám thông tin về vụ cháy nhà khiến 5 người chết,2025-10-11 18:29:00,Thời sự,"Chính quyền sở tại cho biết, sơ bộ đánh giá cho thấy, do phát sinh cháy tại tầng 1 rồi cháy lan lên tầng trên đã khiến 5 người trong căn nhà ở ngõ 180 Kim Hoa (Hà Nội) tử vong."
Thứ trưởng Bộ VH-TT-DL nói lý do chưa đề xuất mô hình tập đoàn báo chí,2025-10-11 18:29:00,Thời sự,"Thứ trưởng thường trực Bộ VH-TT-DL Lê Hải Bình nói về lý do rút đề xuất về mô hình tổ hợp, tập đoàn báo chí tại luật Báo chí (sửa đổi)."
Đổi nơi đăng ký khám chữa bệnh bảo hiểm y tế ban đầu có mất phí không?,2025-10-11 18:05:00,Lao động - Việc làm,"Người tham gia bảo hiểm y tế có quyền lựa chọn và thay đổi nơi đăng ký khám, chữa bệnh ban đầu theo quy định và không phải trả bất kỳ khoản phí nào."
Chủ tịch Hà Nội: Đối mặt thiên tai kép là phép thử thật sự cho chính quyền,2025-10-11 18:01:00,Thời sự,"Theo Chủ tịch UBND TP.Hà Nội Trần Sỹ Thanh, chưa bao giờ thành phố phải đối mặt với thiên tai kép như lần này. Mưa đặc biệt lớn, gây áp lực khủng khiếp lên hệ thống đê điều và thoát nước. Đây là phép thử thật sự cho chính quyền các cấp."
"Miền Bắc sắp mưa lớn 4 ngày, rét đậm đến sớm",2025-10-11 17:52:00,Thời sự,Các tỉnh miền Bắc sắp bước vào đợt mưa lớn 4 ngày. Không khí lạnh dự báo sẽ hoạt động mạnh hơn từ tháng 11 và rét đậm ở các tỉnh miền Bắc có khả năng xuất hiện từ nửa cuối tháng 12.
Bắt 4 nghi phạm trộm cắp tài sản của người dân chạy lũ,2025-10-11 17:22:00,Pháp luật,"Lợi dụng khi nước lũ dâng cao, người dân phải đi sơ tán, 3 anh em trai và 1 người em họ chèo thuyền đi trộm cắp tài sản."
"Cầm đầu nhóm 'quái xế' gây náo loạn đêm giao thừa, trốn lệnh truy nã",2025-10-11 17:21:00,Thời sự,Bị can 17 tuổi từng cầm đầu đoàn xe 'đổ phố' gây náo loạn đêm giao thừa ở TP.Đà Nẵng đã bị bắt sau hơn 8 tháng trốn lệnh truy nã.
"Khánh Hòa tiêu hủy gần 40 tấn heo, gà dịch bệnh",2025-10-11 17:15:00,Thời sự,"Trong 3 tháng, Khánh Hòa ghi nhận 716 con heo và 1.041 con gia cầm buộc phải tiêu hủy do mắc dịch tả heo châu Phi và cúm gia cầm tại 13 xã, phường."
Thủ tướng yêu cầu điều tra vụ cháy nhà ở Hà Nội khiến 5 người chết,2025-10-11 17:11:00,Thời sự,"Thủ tướng Phạm Minh Chính vừa ký công điện gửi Bộ trưởng Bộ Công an, Chủ tịch UBND TP.Hà Nội về vụ cháy nhà dân khiến 5 người chết tại P.Văn Miếu - Quốc Tử Giám."
Điều tra vụ tài xế tử vong khi xe ben rơi xuống biển ở cảng Tiên Sa,2025-10-11 17:05:00,Thời sự,"Sau vụ xe ben bất ngờ trượt xuống biển trong lúc san lấp mặt bằng tại công trình cảng Tiên Sa (TP.Đà Nẵng), thi thể tài xế đã được phát hiện tại khu vực gần cầu cảng và các cơ quan chức năng đang điều tra làm rõ nguyên nhân."
Công an tỉnh Lâm Đồng giải cứu sinh viên bị 'bắt cóc online',2025-10-11 17:01:00,Thời sự,Công an tỉnh Lâm Đồng cho biết vừa kịp thời giải cứu sinh viên bị 'bắt cóc online' tại P.Lang Biang - Đà Lạt.
"Nợ phí tin nhắn 8.879 đồng, bỗng tăng hơn 1 triệu đồng trong chưa đầy 10 ngày",2025-10-11 17:00:00,Thời sự,"Chỉ từ một khoản nợ phí tin nhắn 8.879 đồng, thẻ tín dụng của một khách hàng tại Đắk Lắk đã bất ngờ nhảy vọt lên hơn 1 triệu đồng tiền dư nợ chỉ trong vòng chưa đầy 10 ngày."
Ngăn chặn nhóm người hành lễ trái phép ở Quảng Ninh,2025-10-11 16:57:00,Thời sự,"Công an xã Tiên Yên (Quảng Ninh) vừa kịp thời phát hiện, ngăn chặn một nhóm người tổ chức cúng bái, hành lễ trái quy định tại khu vực thác Pạc Sủi, ngăn nguy cơ phát sinh tụ điểm tín ngưỡng tự phát."
Bộ Tài chính kiến nghị gia hạn thời hạn chi trả chế độ cán bộ nghỉ việc,2025-10-11 16:26:00,Thời sự,Bộ Tài chính kiến nghị Thủ tướng Chính phủ xem xét gia hạn thời hạn chi trả chế độ cho cán bộ nghỉ việc theo Nghị định số 178/2024/NĐ-CP và Nghị định số 67/2025/NĐ-CP.
Việt Nam kiên quyết bảo vệ chủ quyền và lợi ích chính đáng trên biển,2025-10-11 16:04:00,Thời sự,"Phó thủ tướng Lê Thành Long cho hay, Việt Nam khẳng định kiên quyết, kiên trì đấu tranh bảo vệ chủ quyền và các lợi ích hợp pháp, chính đáng trên biển."
Phấn đấu đạt 20 tỉ USD từ thương mại song phương Việt Nam - Campuchia,2025-10-11 15:36:00,Thời sự,"Sáng 11.10, khoảng 200 đại biểu, gồm lãnh đạo cấp cao, cơ quan quản lý, tổ chức hữu nghị, hiệp hội doanh nghiệp, cùng các tập đoàn, công ty đã có mặt tại TP.HCM tham dự Diễn đàn Doanh nhân Việt Nam – Campuchia 2025."
Cà Mau: Phòng khám Sài Gòn Tâm Đức trục lợi quỹ BHYT,2025-10-11 13:44:00,Dân sinh,"Bảo hiểm xã hội (BHXH) tỉnh Cà Mau vừa phát hiện Phòng khám Sài Gòn Tâm Đức sử dụng bác sĩ làm việc toàn thời gian tại phòng khám nhưng vẫn công tác tại bệnh viện TP.HCM, buộc phòng khám hoàn trả hơn 986 triệu đồng cho quỹ Bảo hiểm y tế (BHYT)."
Vào tiệm vàng cướp giật 63 triệu đồng,2025-10-11 13:23:00,Pháp luật,"Công an tỉnh Đồng Tháp vừa phối hợp với Công an tỉnh Vĩnh Long bắt giữ Khúc Văn Thanh (17 tuổi, ngụ tỉnh Vĩnh Long) về hành vi cướp giật tài sản."
Báo Thanh Niên tham gia triển lãm báo chí chào mừng Đại hội Đảng bộ TP.HCM,2025-10-11 13:13:00,Thời sự,"Trong khuôn khổ Đại hội Đảng bộ TP.HCM lần thứ I, từ ngày 13 - 15.10, Báo Thanh Niên giới thiệu nhiều ấn phẩm đặc sắc tại không gian Triển lãm thành tựu Báo chí - Xuất bản."
2 phụ nữ hoàn trả 6 tỉ đồng cho người chuyển khoản nhầm,2025-10-11 13:12:00,Thời sự,"2 phụ nữ ở Gia Lai hốt hoảng khi phát hiện nhận được hàng tỉ đồng ai đó chuyển khoản nhầm vào tài khoản, liền đến công an trình báo và hoàn trả."
Vụ cháy nhà ở Hà Nội khiến 5 người chết: Ám ảnh tiếng kêu cứu,2025-10-11 12:13:00,Thời sự,"Giữa khói lửa mịt mù, những tiếng kêu cứu trong ngôi nhà 4 tầng vang lên rồi tắt lịm. Người dân tại khu vực dù đã nỗ lực phá cửa, dập lửa nhưng không thể cứu được 5 người mắc kẹt bên trong."
Vụ nữ sinh Vĩnh Long tử vong: Đình chỉ vụ án hình sự 'tài xế bị bắn',2025-10-11 11:54:00,Pháp luật,"Liên quan đến vụ một nữ sinh Vĩnh Long tử vong sau tai nạn giao thông, người cha sau đó dùng súng bắn tài xế xe tải, cơ quan công an đã có quyết định đình chỉ vụ án giết người do người liên can đã chết."
"TP.HCM đề xuất mức quà mừng thọ người cao tuổi, cao nhất 2,4 triệu đồng/lần",2025-10-11 11:44:00,Thời sự,"TP.HCM dự kiến chi hơn 107 tỉ đồng/năm để tặng quà chúc thọ người cao tuổi từ 70 tuổi trở lên, mức cao nhất là 2,4 triệu đồng/lần/người."
Lãnh đạo TP.HCM dâng hương Chủ tịch Hồ Chí Minh trước kỳ đại hội 'lịch sử',2025-10-11 11:40:00,Thời sự,"Nhân dịp Đại hội Đảng bộ TP.HCM nhiệm kỳ 2025 - 2030, đoàn lãnh đạo TP.HCM đã đến dâng hương, dâng hoa tưởng nhớ Chủ tịch Hồ Chí Minh và Chủ tịch Tôn Đức Thắng."
"CSGT TP.HCM ra quân cao điểm xử lý vi phạm nồng độ cồn, ma túy",2025-10-11 11:35:00,Pháp luật,"Sáng 11.10, tại phường Chánh Hiệp, Phòng CSGT Công an TP.HCM tổ chức lễ ra quân cao điểm xử lý vi phạm nồng độ cồn, ma túy, bảo đảm trật tự an toàn giao thông trên địa bàn toàn thành phố."
Lãnh đạo TP.HCM viếng Nghĩa trang Liệt sĩ Bà Rịa - Vũng Tàu,2025-10-11 11:30:00,Thời sự,"Đoàn đại biểu Thành ủy, HĐND, UBND, Ủy ban MTTQ Việt Nam TP.HCM đã đến dâng hoa, dâng hương tưởng niệm các anh hùng liệt sĩ tại Nghĩa trang Liệt sĩ Bà Rịa - Vũng Tàu."
"Dạy học ở miền núi, thách thức cao như… núi",2025-10-11 11:22:00,Thời sự,"Ở vùng có học sinh dân tộc thiểu số chiếm tỷ lệ rất cao, dạy học là một hành trình gian nan bởi vướng nhiều rào cản. Khi mỗi tiết học, giáo viên không chỉ tìm cách truyền đạt được kiến thức, mà còn phải nỗ lực níu giữ học sinh."
Lấn chiếm đất lâm nghiệp ở Đắk Lắk,2025-10-11 11:00:00,Thời sự,"Lực lượng chức năng phát hiện, xử lý các trường hợp lấn chiếm hơn 8.400 m² đất lâm nghiệp trên một địa bàn xã ở Đắk Lắk."
Kim Long Motor tiếp tục tặng xe Kim Long X9 khi mua Kim Long 99,2025-10-11 10:59:00,Thời sự,Kim Long Motor bàn giao lô xe Kim Long X9 đến khách hàng tham gia chương trình ‘Đầu tư Kim Long 99 - nhận ngay Kim Long X9’.
"Đồng Tháp: Vụ sạt lở đê ở xã Hiệp Đức gây thiệt hại hơn 3,7 tỉ đồng",2025-10-11 10:49:00,Thời sự,"Theo thống kê của chính quyền địa phương, vụ sạt lở đê ở xã Hiệp Đức (Đồng Tháp) gây thiệt hại hơn 3,7 tỉ đồng."
Xe khách và 2 xe tải bị ném đá vỡ kính khi đang chạy trên cao tốc,2025-10-11 10:22:00,Thời sự,"Công an Hà Tĩnh đang vào cuộc xác minh, làm rõ vụ 2 xe tải và 1 xe khách bị ném đá vỡ kính chắn gió khi đang chạy trên tuyến cao tốc Bắc - Nam đoạn Bãi Vọt - Hàm Nghi."
Danh tính 5 người tử vong trong vụ cháy nhà ở Hà Nội,2025-10-11 10:16:00,Thời sự,"Lực lượng chức năng cho biết, ngôi nhà xảy ra hỏa hoạn cao 4 tầng, 1 tầng tum, với mặt tiền nhỏ hẹp và nằm trong ngõ sâu, cách đường giao thông chính khoảng 300 m khiến việc triển khai chữa cháy và cứu nạn, cứu hộ gặp khó khăn."
Dự án sân bay Long Thành ra sao khi hứng 21 cơn mưa lớn trong 1 tháng?,2025-10-11 09:34:00,Thời sự,"Trong tháng 9.2025, tại sân bay Long Thành có 21 ngày mưa lớn gây ảnh hưởng nghiêm trọng công tác thi công. Tổng công ty Cảng hàng không Việt Nam - CTCP (ACV) đã chỉ đạo các liên danh nhà thầu có những biện pháp thi công phù hợp."
"Cháy nhà ống ở Hà Nội, 5 người chết",2025-10-11 09:26:00,Thời sự,"Vụ cháy xảy ra vào rạng sáng 11.10 tại ngôi nhà ống ở Hà Nội đã cướp đi sinh mạng 5 người. Người dân sống gần hiện trường cho hay thời điểm cháy lửa bùng dữ dội, họ nghe tiếng kêu cứu nhưng bất lực."
Tài xế xe tải bị đá vùi lấp tử vong trong mỏ đá ở Quảng Ngãi,2025-10-11 08:59:00,Thời sự,"Vụ tai nạn lao động xảy ra tại mỏ đá Thượng Hòa (xã Vạn Tường, Quảng Ngãi) khiến một tài xế xe tải bị đá vùi lấp tử vong."
"Lũ sông Cầu, sông Thương vẫn trên báo động 3, còn 66.648 nhà ngập lụt",2025-10-11 07:34:00,Thời sự,"Lũ sông Cầu, sông Thương vẫn duy trì ở mức trên báo động 3. Tại Hà Nội, Thái Nguyên, Lạng Sơn và Bắc Ninh vẫn còn khoảng 66.648 nhà dân bị ngập lụt."
Mưa lũ bão Matmo gây thiệt hại 5.450 tỉ đồng,2025-10-11 06:28:00,Thời sự,"Thống kê đến 18 giờ ngày 10.10, mưa lũ do ảnh hưởng bão Matmo (bão số 11) ở các địa phương làm 18 người chết và mất tích, thiệt hại kinh tế khoảng 5.450 tỉ đồng."
TP.HCM kiến tạo đô thị đáng sống toàn cầu: Đo vị thế bằng chất lượng sống của người dân,2025-10-11 06:08:00,Thời sự,"Trả lời Thanh Niên, ông Phạm Chánh Trực, nguyên Phó trưởng ban Kinh tế T.Ư, nguyên Phó bí thư Thường trực Thành ủy TP.HCM, nhấn mạnh khát vọng ""thành phố đáng sống"" chỉ thành hiện thực khi thành phố thật sự lấy người dân làm gốc."
Trao quyết định phong hàm và bổ nhiệm các đại sứ,2025-10-11 05:00:00,Thời sự,Chủ tịch nước Lương Cường trao quyết định phong hàm Đại sứ và bổ nhiệm các Trưởng cơ quan đại diện Việt Nam ở nước ngoài
Hình ảnh Trường ĐH Sư phạm Thái Nguyên ngổn ngang sau lũ lịch sử,2025-10-10 20:42:00,Dân sinh,Nhiều tài sản trong khuôn viên Trường ĐH Sư phạm - ĐH Thái Nguyên ngập trong bùn đất sau khi nước lũ bắt đầu rút.
Đưa đoàn tàu 300 tấn ngăn lũ cuốn trôi cầu đường sắt Bắc Giang,2025-10-10 20:41:00,Thời sự,"Ngành đường sắt đã kéo đoàn tàu 6 toa chở xỉ quặng nặng khoảng 300 tấn đỗ trên cầu, để tăng tải trọng, trấn giữ cầu đường sắt Bắc Giang khỏi bị lũ cuốn trôi."
Khánh Hòa: Tạm giữ nghi phạm tàng trữ 3 khẩu súng để đi trộm chó,2025-10-10 19:59:00,Thời sự,"Chỉ sau 30 phút nhận tin báo, Công an xã Phước Hậu (Khánh Hòa) đã bắt giữ nghi phạm tàng trữ 3 khẩu súng để đi trộm chó."
Xử lý người tung tin sai sự thật về vụ 'bắt cóc 3 học sinh',2025-10-10 19:06:00,Thời sự,"Công an xã Bà Điểm (TP.HCM) đã làm việc với một phụ nữ liên quan đến hành vi đăng tải thông tin sai sự thật về vụ 'bắt cóc 3 học sinh' trên mạng xã hội, gây hoang mang dư luận."
"Dọn dẹp sân, giật mình thấy động vật quý hiếm",2025-10-10 18:17:00,Thời sự,"Đang dọn dẹp sân, bất ngờ thấy loài động vật quý hiếm, người đàn ông ở Gia Lai liền bắt lại rồi giao nộp cho cơ quan chức năng."
Khởi tố bị can đánh phụ nữ mang thai trong tiệm tạp hóa,2025-10-10 18:03:00,Thời sự,Công an tỉnh Đắk Lắk vừa khởi tố Trần Triệu Quí để điều tra về hành vi gây rối trật tự công cộng sau khi người này đánh phụ nữ mang thai trong tiệm tạp hóa.
"Lần đầu tiên có ngôi nhà miễn phí ăn, ở cho gia đình bệnh nhi khó khăn",2025-10-10 18:03:00,Thời sự,"Ngôi nhà miễn phí ăn, ở cho gia đình bệnh nhi khó khăn điều trị dài ngày vừa được ra mắt tại TP.HCM."
TP.HCM tặng hơn 400 thẻ bảo hiểm y tế cho phụ nữ vượt khó,2025-10-10 17:55:00,Thời sự,"Hơn 400 hội viên phụ nữ có hoàn cảnh khó khăn tại TP.HCM được trao tặng thẻ bảo hiểm y tế, giúp họ có thêm điều kiện chăm sóc sức khỏe và vững tin vươn lên trong cuộc sống."
TP.HCM: Thêm một bệnh viện lập khoa điều trị ung thư,2025-10-10 17:45:00,Thời sự,"Bệnh viện Nhân dân Gia Định TP.HCM lập Khoa Ung bướu, điều trị các loại ung thư tiêu hóa, gan - mật - tụy, vú, phổi, niệu, phụ khoa..."
Năng lực Không quân Ấn Độ 'vượt' Trung Quốc?,2025-10-16 15:40:00,Thế giới,Một bảng xếp hạng sức mạnh không quân vừa chỉ ra Không quân Ấn Độ đã vượt Không quân Trung Quốc về đánh giá tổng thể.
Khi các startup thách thức kỳ lân quốc phòng Mỹ,2025-10-16 13:00:00,Quân sự,Các startup (công ty khởi nghiệp) về công nghệ quốc phòng tại Thung lũng Silicon đang trở thành thế lực mới thách thức sự thống trị của những nhà thầu truyền thống.
"Campuchia lên tiếng vụ chủ tịch 'đế chế lừa đảo' bị Mỹ, Anh truy tố",2025-10-16 10:38:00,Thế giới,Chính phủ Campuchia hy vọng Mỹ và Anh có đủ bằng chứng để truy tố Chủ tịch Chen Zhi của Tập đoàn Prince Holding Group (trụ sở tại Campuchia).
Hàng loạt nhà báo rời Lầu Năm Góc phản đối siết quy định đưa tin,2025-10-16 10:28:00,Thế giới,"Hàng chục phóng viên trả thẻ ra vào và rời khỏi Lầu Năm Góc để phản đối một  quy định mới theo đó họ có thể bị trục xuất nếu đưa bất kỳ thông tin nào, dù mật hay không mật, nếu chưa được Bộ trưởng Quốc phòng Pete Hegseth cho phép công bố."
Indonesia sẽ mua 42 chiến đấu cơ J-10 Trung Quốc,2025-10-16 10:19:00,Quân sự,Bộ trưởng Quốc phòng Indonesia Sjafrie Sjamsoeddin cho biết sẽ mua hàng chục tiêm kích J-10C của Trung Quốc trong kế hoạch hiện đại hóa quân đội nước này.
Việt Nam đi đầu trong chia sẻ tri thức về chuyển đổi nông thôn,2025-10-16 09:23:00,Kinh tế,"Hôm 15.10, tại Hà Nội, Văn phòng đánh giá độc lập (IOE) của Quỹ Phát triển Nông nghiệp Quốc tế (IFAD) và Bộ Tài chính tổ chức đánh giá Chiến lược và Chương trình Hợp tác giữa IFAD và Việt Nam giai đoạn 2012-2024."
Ukraine thành lập đơn vị trực thăng để chống UAV,2025-10-16 07:58:00,Quân sự,"Tổng thống Ukraine Volodymyr Zelensky cho biết nước này sẽ thành lập đơn vị trực thăng mới, nhằm đối phó với các đợt tấn công bằng máy bay không người lái (UAV) của Nga."
Ông Trump nói Israel có thể quay lại tấn công Gaza 'ngay khi tôi lên tiếng',2025-10-16 07:49:00,Thế giới,"Tổng thống Mỹ Donald Trump cho biết ông sẽ cân nhắc để Israel nối lại chiến dịch quân sự ở Dải Gaza nếu Hamas không tuân thủ cam kết, trong khi quân đội Israel được chỉ đạo sẵn sàng kế hoạch đánh bại Hamas."
"Ông Trump cho CIA hoạt động ngầm tại Venezuela, cân nhắc chống ma túy trên bộ",2025-10-16 07:48:00,Thế giới,Tổng thống Mỹ Donald Trump xác nhận đã phê chuẩn cho CIA hoạt động tại Venezuela và cảnh báo sắp tới có thể cho tấn công trên bộ vào các nhóm buôn ma túy.
Công bố nguyên nhân vụ nổ bẹp tàu lặn tham quan xác tàu Titanic,2025-10-16 07:46:00,Thế giới,Ủy ban An toàn Giao thông quốc gia Mỹ công bố nguyên nhân vụ nổ bẹp tàu lặn Titan khiến 5 người thiệt mạng khi tham quan xác tàu Titanic.
Máy bay chở Bộ trưởng Quốc phòng Mỹ hạ cánh khẩn vì nứt kính chắn gió,2025-10-16 07:45:00,Thế giới,Máy bay chở Bộ trưởng Quốc phòng Mỹ đã buộc phải hạ cánh khẩn cấp tại Anh vào hôm 15.10 do kính chắn gió bị nứt.
Ấn Độ - Canada: Thức thời nên thỏa hiệp,2025-10-16 07:31:00,Góc nhìn,"Nhân dịp chuyến công du của Ngoại trưởng Canada Anita Anand đến Ấn Độ, hai nước chính thức hóa giải những bất hòa dai dẳng mấy năm nay vốn khiến cho mối quan hệ song phương bị xấu đi nghiêm trọng."
Thế trận bế tắc ở Điện Capitol và động thái ông Trump,2025-10-16 06:00:00,Thế giới,"Trong lúc đảng Cộng hòa và đảng Dân chủ có động thái sẵn sàng kéo dài cuộc tranh chấp về việc chính phủ đóng cửa, Tổng thống Mỹ Donald Trump đã tỏ dấu hiệu đáp trả."
Thị trường kim cương tuột phanh,2025-10-16 05:59:00,Thế giới,"Những năm qua, thị trường kim cương thế giới tiếp tục trượt giá và xu hướng này có thể vẫn còn kéo dài, dẫn đến những tác động chính trị không nhỏ."
Ông Trump ra cảnh báo mới với Hamas,2025-10-16 05:14:00,Thế giới,Tổng thống Mỹ Donald Trump ngày 14.10 cho biết sẽ buộc Hamas giải giáp nếu nhóm này không tự nguyện giao nộp vũ khí.
Chiến sự Ukraine ngày 1.330: Phái đoàn Ukraine gặp nhà thầu chế tạo Tomahawk,2025-10-16 04:32:00,Quân sự,"Bộ Quốc phòng Nga hôm 15.10 cho biết, trong 24 giờ qua, quân đội Nga đã kiểm soát thêm 2 làng thuộc Donetsk và Dnipropetrovsk, trong khi phái đoàn cấp cao Ukraine gặp nhà thầu sản xuất Tomahawk ở Mỹ."
Các trùm lừa đảo Campuchia: Từ ‘bố già' bị Thái Lan truy nã đến tỉ phú bị Mỹ truy tố,2025-10-15 20:49:00,Thế giới,"Hàn Quốc vừa cử đoàn công tác đến Campuchia làm việc sau vụ sinh viên Hàn Quốc bị sát hại trong đường dây lừa đảo, trong bối cảnh một số nước hiện truy nã công dân Campuchia bị tố đứng đầu các mạng lưới lừa đảo xuyên quốc gia."
Hàn Quốc cấm công dân đi lại đối với một số khu vực của Campuchia,2025-10-15 19:00:00,Thế giới,"Hôm nay (15.10), Hàn Quốc thông báo cấm công dân nước này đi lại tại một số khu vực của Campuchia sau vụ một sinh viên đại học của Hàn Quốc bị tra tấn và sát hại tại quốc gia Đông Nam Á."
"Israel nói thi thể được trao trả không trùng khớp, bộ trưởng đòi xóa sổ Hamas",2025-10-15 16:30:00,Thế giới,Quân đội Israel thông báo một thi thể được Hamas trao trả không phải là con tin mà là một người Palestine.
Trung Quốc phát cảnh báo khẩn cấp cho công dân du lịch Thái Lan,2025-10-15 15:23:00,Thế giới,"Đại sứ quán Trung Quốc tại Thái Lan đã ban hành khuyến cáo chính thức, cảnh báo du khách Trung Quốc đến Thái Lan cần thận trọng khi đặt tour, đặc biệt là tránh xa các 'tour giá rẻ' mang tính lừa đảo."
Campuchia công bố kết quả điều tra vụ sát hại sinh viên Hàn Quốc,2025-10-15 11:30:00,Thế giới,"Bộ Nội vụ Campuchia đã công bố những diễn biến quan trọng trong cuộc điều tra vụ sát hại một sinh viên Hàn Quốc, dẫn đến việc phát hiện ra một mạng lưới lừa đảo trực tuyến rộng lớn hơn đang hoạt động tại Campuchia."
Vì sao WHO kêu gọi tập trung khẩn cấp vào sức khỏe não bộ?,2025-10-15 10:25:00,Thế giới,"Tổ chức Y tế thế giới (WHO) ngày 14.10 kêu gọi khẩn trương tăng cường chăm sóc các bệnh lý thần kinh, khẳng định nhiều bệnh có thể được phòng ngừa hoặc điều trị bằng các dịch vụ phù hợp."
Các hãng bay Trung Quốc phản đối kế hoạch của Mỹ cấm bay qua không phận Nga,2025-10-15 10:14:00,Thế giới,Các hãng hàng không lớn của Trung Quốc ngày 14.10 đã kêu gọi chính quyền Tổng thống Mỹ Donald Trump bỏ kế hoạch cấm máy bay của họ bay qua không phận Nga trên các tuyến đường đi và đến Mỹ.
Nga chuyển Mỹ hồ sơ mật của Liên Xô liên quan vụ Tổng thống Kennedy bị ám sát,2025-10-15 09:20:00,Thế giới,Đại sứ Nga tại Mỹ ngày 14.10 đã trao cho nghị sĩ đảng Cộng hòa Mỹ Anna Paulina Luna các bản sao tài liệu giải mật của Liên Xô về vụ ám sát cố Tổng thống Mỹ John F. Kennedy.
Mỹ truy tố chủ tịch tập đoàn Campuchia với cáo buộc lừa đảo 14 tỉ USD bitcoin,2025-10-15 08:40:00,Thế giới,"Chính phủ Mỹ đã tịch thu hơn 14 tỉ USD Bitcoin và buộc tội ông Chen Zhi, người sáng lập Tập đoàn Prince Holding (Campuchia), trong vụ lừa đảo tiền điện tử quy mô lớn chưa từng có."
Mỹ thu hồi visa của 6 người vì bình luận trên mạng về vụ Charlie Kirk,2025-10-15 07:58:00,Thế giới,Bộ Ngoại giao Mỹ ngày 14.10 thông báo đã thu hồi thị thực (visa) của 6 người nước ngoài vì có những bình luận của họ trên mạng xã hội về vụ ám sát nhà hoạt động chính trị Charlie Kirk.
"Israel giới hạn viện trợ vào Gaza, ông Trump nói Hamas phải giải giáp",2025-10-15 07:29:00,Thế giới,"Israel thông báo sẽ chỉ cho phép một nửa số xe tải cứu trợ đã thỏa thuận trước đó vào Gaza kể từ ngày 15.10, làm giảm hy vọng về việc tăng nguồn hàng cứu trợ để giảm bớt nạn đói tại vùng lãnh thổ này."
"Binh biến tại Madagascar: tổng thống bị luận tội, quân đội tuyên bố nắm quyền",2025-10-15 07:26:00,Thế giới,"Tổng thống Madagascar Andry Rajoelina đã bị luận tội và ra nước ngoài, trong khi một đại tá quân đội tuyên bố kiểm soát quyền lực."
Ông Trump dọa trả đũa Trung Quốc chuyện ngừng mua đậu nành Mỹ,2025-10-15 07:03:00,Thế giới,Tổng thống Mỹ Donald Trump ngày 14.10 chỉ trích việc Trung Quốc ngừng mua đậu nành của Mỹ là một 'hành động thù địch về kinh tế'.
Mỹ tấn công 'thuyền chở ma túy' thứ 5 ngoài khơi Venezuela,2025-10-15 06:42:00,Thế giới,"Tổng thống Donald Trump thông báo Mỹ đã tiến hành một cuộc không kích vào một chiếc thuyền 'chở ma túy' ngoài khơi bờ biển Venezuela ngày 14.10, giết '6 nghi phạm buôn bán ma túy'."
Đảng cầm quyền Nhật Bản gặp nguy,2025-10-15 06:00:00,Thế giới,Đảng Dân chủ tự do (LDP) đối mặt thách thức sống còn khiến cho chủ tịch đảng này Sanae Takaichi có thể thất bại trong việc trở thành nữ thủ tướng đầu tiên của Nhật Bản.
Hy vọng về 'kỷ nguyên hòa bình' ở Trung Đông,2025-10-15 05:40:00,Thế giới,Thỏa thuận ngừng bắn tại Dải Gaza được nhiều lãnh đạo xem là bàn đạp để hướng đến xây dựng khu vực Trung Đông ổn định.
"Thuế quan gây giá tăng, ảnh hưởng người tiêu dùng Mỹ",2025-10-15 05:30:00,Kinh tế,Reuters hôm qua (14.10) dẫn báo cáo cho thấy các công ty và người tiêu dùng Mỹ là bên đang chịu ảnh hưởng từ chính sách thuế quan mới của Mỹ.
"Chiến sự Ukraine ngày 1.329: Ukraine đạt bước tiến, Nga nêu lý do tiếp tục giao tranh",2025-10-15 05:00:00,Quân sự,"Nga và Ukraine đều tuyên bố đạt những bước tiến trong chiến dịch tại mặt trận tỉnh Donetsk. Trong khi đó, Điện Kremlin ngày 14.10 nêu lý do Nga tiếp tục chiến dịch quân sự."
"Ukraine tấn công đất Nga, gây thương vong ?",2025-10-15 04:45:00,Thế giới,"Bộ Quốc phòng Nga hôm qua tuyên bố hệ thống phòng không đã chặn và phá hủy 40 máy bay không người lái (UAV) do Ukraine phóng vào 5 tỉnh của Nga, bán đảo Crimea và biển Đen trong đêm 13.10 và rạng sáng 14.10, theo Hãng tin TASS."
Instagram tung cơ chế bảo vệ trẻ em theo kiểu 'PG-13' của phim,2025-10-14 20:46:00,Thế giới,"Mạng xã hội Instagram vừa công bố triển khai hệ thống an toàn mới, nhằm tăng cường kiểm soát nội dung hiển thị trên tài khoản của trẻ em."
"Người Israel, Palestine vỡ òa chào đón con tin, tù nhân trở về",2025-10-14 19:58:00,Thế giới,"Hàng ngàn người đã tụ tập ở các thành phố tại Israel, cũng như ở Dải Gaza, để đón chào những người được thả theo thỏa thuận ngừng bắn và trao đổi con tin - tù nhân giữa Hamas và Israel."
"Quốc hội Mỹ điều tra mạng Starlink, nghi liên quan trung tâm lừa đảo ở Myanmar",2025-10-14 18:31:00,Thế giới,Một ủy ban lưỡng đảng của Quốc hội Mỹ đã điều tra nghi vấn Công ty Starlink của tỉ phú Elon Musk có liên quan đến việc cung cấp dịch vụ internet vệ tinh cho các trung tâm lừa đảo tại Myanmar.
Nhà lãnh đạo Kim Jong-un có thể sắp gặp Tổng thống Trump?,2025-10-14 17:56:00,Thế giới,Bộ trưởng Thống nhất Hàn Quốc Chung Dong-young hôm 14.10 nói nhà lãnh đạo CHDCND Triều Tiên Kim Jong-un có thể gặp Tổng thống Mỹ Donald Trump bên lề Hội nghị cấp cao APEC vào cuối tháng này.
Ông Trump sẽ dự lễ ký kết thỏa thuận hòa bình Thái Lan - Campuchia,2025-10-14 16:22:00,Thế giới,Ngoại trưởng Malaysia Mohamad Hasan hôm nay 14.10 thông báo Tổng thống Mỹ Donald Trump sẽ tham dự lễ ký kết một 'thỏa thuận hòa bình' giữa Thái Lan và Campuchia tại hội nghị cấp cao ASEAN sắp tới.
Phát hiện dấu vết phóng xạ tại trang trại đinh hương ở Indonesia,2025-10-14 16:14:00,Thế giới,"Indonesia phát hiện trong mẫu đinh hương của một công ty trên đảo Sumatra có dấu vết Caesium-137, đồng vị phóng xạ có thể làm gia tăng nguy cơ ung thư khi tiếp xúc."
Tàu sân bay Mỹ có thể chở bao nhiêu tiêm kích?,2025-10-14 16:08:00,Quân sự,"Tùy theo lớp tàu sân bay, các hàng không mẫu hạm của Mỹ có thể chở một số lượng nhất định chiến đấu cơ, phụ thuộc vào công nghệ phóng và kỹ thuật theo tàu, Slash Gear cho biết."
"Hội chợ Từ thiện Quốc tế trở lại, tiếp tục tinh thần giao lưu văn hóa, vì cộng đồng",2025-10-14 16:02:00,Thế giới,"Dù là người muốn mua sắm sớm cho mùa lễ cuối năm, hoặc muốn trải qua một ngày thư giãn vui vẻ với gia đình, Hội chợ Từ thiện Quốc tế 2025 luôn có chỗ cho tất cả mọi người."
"Trung Quốc bắt đầu áp thuế cảng đối với tàu Mỹ, tuyên bố 'chiến đấu đến cùng'",2025-10-14 11:17:00,Thế giới,"Trung Quốc hôm nay 14.10 đã chính thức bắt đầu thu phí cảng đặc biệt đối với các tàu do Mỹ sở hữu, vận hành, đóng hoặc treo cờ Mỹ, theo CCTV."
"Ông Zelensky sắp gặp ông Trump, Ukraine có thể nhận tên lửa Tomahawk?",2025-10-14 11:09:00,Thế giới,"Tổng thống Ukraine Volodymyr Zelensky sẽ đến Mỹ tuần này để gặp Tổng thống Donald Trump, thảo luận về vấn đề tăng cường năng lực phòng không và tấn công tầm xa của Kyiv."
Ông Trump ký tuyên bố với lãnh đạo 3 cường quốc Trung Đông về Gaza,2025-10-14 10:59:00,Thế giới,Tổng thống Mỹ Donald Trump đã ca ngợi một 'ngày trọng đại cho Trung Đông' khi ông và các nhà lãnh đạo khu vực ký một tuyên bố nhằm củng cố lệnh ngừng bắn ở Dải Gaza.
"SpaceX phóng thành công Starship, chuyển sang bản nâng cấp cho mặt trăng, sao Hỏa",2025-10-14 10:35:00,Thế giới,"SpaceX của tỉ phú Elon Musk đã phóng tên lửa Starship thứ 11 từ Texas (Mỹ), chuyến bay cuối cùng trước khi hãng bắt tay thử nghiệm phiên bản mới của dòng tên lửa khổng lồ dành cho hành trình lên mặt trăng và sao Hỏa."
Thượng viện Mỹ 'khuyến khích' mời Đài Loan tham gia RIMPAC,2025-10-14 09:00:00,Thế giới,"Thượng viện Mỹ đã thông qua dự luật chính sách quốc phòng cho tài khóa 2026, trong đó lần đầu tiên 'khuyến khích mạnh mẽ' việc mời lực lượng phòng vệ biển của Đài Loan tham gia cuộc tập trận Vành đai Thái Bình Dương (RIMPAC)."
Hamas giết hàng chục người tại Dải Gaza sau thỏa thuận ngừng bắn với Israel?,2025-10-14 07:49:00,Thế giới,"Giới thạo tin cho rằng Hamas đang muốn khẳng định lại quyền lực tại Dải Gaza khi giết hàng chục người, trong động thái trấn áp các nhóm thách thức quyền lực của mình và trừng trị những 'kẻ hợp tác' với Israel."
Mỹ ủng hộ Philippines sau khi Trung Quốc cảnh báo về vụ va chạm trên Biển Đông,2025-10-14 07:41:00,Thế giới,"Hôm 13.10, Mỹ tuyên bố đứng về phía đồng minh Philippines và nhấn mạnh hiệp ước phòng thủ giữa hai nước sau khi tàu Trung Quốc và tàu Philippines va chạm trên Biển Đông."
Rò rỉ đoạn trao đổi giữa Tổng thống Trump và Tổng thống Prabowo,2025-10-14 07:36:00,Thế giới,Tổng thống Indonesia Prabowo Subianto và Tổng thống Mỹ Donald Trump dường như không hay biết rằng một micro vẫn đang ghi âm khi hai người trao đổi bên lề hội nghị về Dải Gaza.
Lối thoát nào cho thương chiến Mỹ - Trung?,2025-10-14 06:00:00,Thế giới,Trong khi phía Mỹ có dấu hiệu hạ nhiệt thì Trung Quốc tiếp tục thể hiện sự cứng rắn giữa lúc xung đột thương mại hai bên.
Sóng gió bủa vây chính phủ 'Lecornu 2.0' ở Pháp,2025-10-14 05:45:00,Thế giới,Tổng thống Pháp Emmanuel Macron ngày 12.10 đã công bố chính phủ mới do Thủ tướng Sebastien Lecornu đứng đầu. Đây là lần thứ 2 trong vòng 1 tuần nước này có nội các mới.
Giải Nobel Kinh tế vinh danh nghiên cứu về tăng trưởng,2025-10-14 05:40:00,Thế giới,"Chiều qua (13.10), Viện Hàn lâm khoa học Hoàng gia Thụy Điển đã trao giải Nobel Kinh tế 2025 cho 3 nhà nghiên cứu giải thích được sự tăng trưởng kinh tế được thúc đẩy nhờ đổi mới."
Chiến sự Ukraine ngày 1.328: Nga cảnh báo hậu quả tồi tệ cho ông Trump,2025-10-14 05:34:00,Quân sự,Nga lặp lại cảnh báo sau khi Tổng thống Mỹ Donald Trump đề cập khả năng cung cấp tên lửa tầm xa Tomahawk cho Ukraine.
Ít nhất 47 người thiệt mạng sau mưa lớn kéo dài ở Mexico,2025-10-14 05:14:00,Thế giới,Chính phủ Mexico ngày 12.10 cho biết ít nhất 47 người thiệt mạng sau nhiều ngày mưa lớn và lũ lụt nghiêm trọng do ảnh hưởng của các cơn bão nhiệt đới Priscilla và Raymond.
Israel - Hamas tuân thủ thỏa thuận giai đoạn 1,2025-10-14 05:00:00,Thế giới,"Hôm qua (13.10, giờ VN), lực lượng Hamas đã trả tự do cho toàn bộ 20 con tin Israel còn sống theo một phần thỏa thuận ngừng bắn giai đoạn 1 tại Dải Gaza, theo AFP và Reuters."
Rộ tin Tổng thống Madagascar ra nước ngoài giữa sức ép từ chức,2025-10-13 23:01:00,Thế giới,"Giữa áp lực kêu gọi từ chức từ người biểu tình, Tổng thống Madagascar Andry Rajoelina được cho là đã rời khỏi đất nước."
Quân đội Pakistan báo động cao sau vụ đụng độ nghiêm trọng dọc biên giới,2025-10-13 18:50:00,Thế giới,"Quân đội Pakistan ngày 13.10 đã được đặt trong tình trạng báo động cao tại khu vực biên giới với Afghanistan, sau cuộc giao tranh nghiêm trọng khiến hàng chục người thiệt mạng."
Người đoạt giải Nobel Kinh tế 2025 vừa được xướng tên,2025-10-13 17:18:00,Kinh tế,Giải Nobel Kinh tế 2025 được trao cho 3 tác giả vì đã giải thích được nguyên nhân của tăng trưởng kinh tế dựa trên đổi mới.
Hàn Quốc tính cử cảnh sát đến Campuchia sau vụ sinh viên bị tra tấn đến chết,2025-10-13 16:50:00,Thế giới,Cơ quan Cảnh sát quốc gia Hàn Quốc (NPA) cho biết sẽ họp với phía Campuchia vào cuối tháng này nhằm thảo luận các biện pháp phòng ngừa và hợp tác sau cái chết của một sinh viên Hàn Quốc tại Campuchia.
Chính phủ Hà Lan tiếp quản hãng sản xuất chip Nexperia từ tập đoàn Trung Quốc,2025-10-13 16:01:00,Kinh tế,"Trong một động thái bất ngờ, chính phủ Hà Lan tiến hành tiếp quản Nexperia, hãng sản xuất chip máy tính dành cho ô tô và các ngành điện tử tiêu dùng, do lo ngại nguy cơ rò rỉ công nghệ quan trọng về tay Trung Quốc."
Nga bác bỏ thông tin tàu ngầm Kilo gặp sự cố phải nổi lên ngoài khơi Pháp,2025-10-13 15:14:00,Thế giới,Quân đội Nga đã bác bỏ thông tin tàu ngầm Kilo tên Novorossiysk của lực lượng này gặp sự cố và phải nổi lên ngoài khơi Pháp gần đây.
Phát hiện vật thể đen bí ẩn ở rìa vũ trụ,2025-10-13 13:30:00,Chuyện lạ,"Với việc huy động hệ thống kính viễn vọng trên toàn cầu để tạo ra 'siêu kính viễn vọng', các nhà thiên văn học phát hiện một vật thể đen có khối lượng thấp nhất và chưa từng được quan sát trước đó trong vũ trụ."
Hamas bắt đầu thả con tin Israel,2025-10-13 13:28:00,Thế giới,"Hamas ngày 13.10 đã thả 7 con tin Israel đầu tiên còn sống, đánh dấu bước đầu tiên của thỏa thuận ngừng bắn mà Tổng thống Mỹ Donald Trump làm trung gian nhằm chấm dứt xung đột ở Gaza."
Giá Bitcoin 'nhảy múa' giữa thương chiến Mỹ - Trung,2025-10-13 10:42:00,Kinh tế,"Đi kèm những diễn biến căng thẳng thương mại gần đây giữa Mỹ và Trung Quốc, giá Bitcoin cũng như các loại tiền kỹ thuật số khác đang biến động liên tục."
UAV Nga tập kích tổ hợp pháo tự hành 6 triệu USD Ukraine,2025-10-13 10:07:00,Quân sự,Truyền thông Nga công bố video máy bay không người lái (UAV) Lancet của lực lượng Moscow đã triển khai tấn công tổ hợp pháo tự hành CAESAR của Ukraine.
Số sinh viên quốc tế đến Mỹ giảm gần 20% trong tháng 8,2025-10-13 09:30:00,Thế giới,"Số lượng sinh viên quốc tế đến Mỹ trong tháng 8 năm nay giảm 19% so với cùng kỳ năm 2024, đánh dấu mức giảm lớn nhất từ trước đến nay, không tính giai đoạn đại dịch Covid-19."
Lời dọa bất khả thi của Tổng thống Trump,2025-10-13 09:10:00,Góc nhìn,"Sau cảnh báo áp thuế, Tổng thống Mỹ Donald Trump hôm 9.10 dọa đẩy Tây Ban Nha ra khỏi NATO. Cả hai lời đe dọa đều liên quan việc Tây Ban Nha là thành viên duy nhất không đồng tình với yêu cầu của Mỹ và quyết định chung của NATO về việc dành 5% GDP quốc gia mỗi năm cho ngân sách quốc phòng."
'Khủng hoảng mới nổi': tỷ lệ tử vong ở người trẻ gia tăng,2025-10-13 08:25:00,Thế giới,Nghiên cứu vừa được công bố chỉ ra thế giới đang đối mặt với ‘khủng hoảng mới nổi’ khi tỷ lệ tử vong ở người trẻ gia tăng.
Ông Trump bất ngờ xoa dịu Trung Quốc giữa căng thẳng thương mại,2025-10-13 08:20:00,Thế giới,"Tổng thống Mỹ Donald Trump cho biết Washington muốn giúp Trung Quốc chứ không phải làm tổn hại nước này, một động thái xoa dịu chỉ vài ngày sau khi ông dọa áp thuế bổ sung 100% đối với nền kinh tế lớn thứ hai thế giới."
"Ông Trump nói xung đột Gaza đã kết thúc, Israel tuyên bố chiến thắng",2025-10-13 07:24:00,Thế giới,Tổng thống Mỹ Donald Trump tuyên bố xung đột ở Gaza đã kết thúc và Trung Đông sẽ 'bình thường trở lại' khi ông có chuyến công du đến khu vực.
Pháp công bố chính phủ mới sau khi tái bổ nhiệm thủ tướng,2025-10-13 07:16:00,Thế giới,"Phủ Tổng thống Pháp ngày 12.10 đã công bố nội các mới của Thủ tướng Sebastien Lecornu, trong đó đã thay đổi nhân sự một số vị trí so với danh sách cách đây 1 tuần."
Mỹ dọa chuyển tên lửa Tomahawk cho Ukraine nếu Nga không chấm dứt chiến sự,2025-10-13 07:11:00,Thế giới,Tổng thống Mỹ Donald Trump cho biết ông có thể cung cấp tên lửa Tomahawk tầm xa cho quân đội Ukraine nếu Tổng thống Nga Vladimir Putin không chấm dứt chiến sự ở Ukraine.
Hội nghị hòa bình Gaza và canh bạc của Hamas,2025-10-13 06:00:00,Thế giới,"Tổng thống Mỹ Donald Trump sẽ đồng chủ trì Hội nghị hòa bình Gaza tại Ai Cập vào ngày 13.10, trong khi giới chức Hamas hé lộ lý do đồng ý thả những con tin còn lại mà không cần thỏa thuận về việc Israel rút quân hoàn toàn."
Căng thẳng Mỹ - Trung liệu còn leo thang?,2025-10-13 05:18:00,Kinh tế,Đợt leo thang căng thẳng thương mại bất ngờ giữa Trung Quốc và Mỹ đã gây tác động lớn đến thị trường nhưng được kỳ vọng chỉ là chiến thuật đàm phán tạm thời.
Trung Quốc khuyến khích dùng AI nhưng thận trọng bí mật quốc gia,2025-10-13 05:16:00,Thế giới,"Cơ quan chức năng Trung Quốc vừa công bố hướng dẫn mới, khuyến khích chính quyền địa phương ứng dụng trí tuệ nhân tạo (AI) để nâng cao hiệu quả làm việc, song nhấn mạnh các quan chức cần lưu ý về vấn đề bảo mật."
Chiến sự Ukraine ngày 1.327: Nga cảnh báo xung đột leo thang,2025-10-13 05:00:00,Quân sự,"Bộ Quốc phòng Nga tuyên bố Ukraine đã mất khoảng 1.460 quân nhân trong 24 giờ, trong khi Tổng thống Ukraine Volodymyr Zelensky cáo buộc quân đội Nga đã phóng hơn 3.100 UAV trong tuần qua."
Nga - Ukraine dồn dập không kích cơ sở năng lượng,2025-10-13 04:36:00,Thế giới,"Các cuộc không kích của Ukraine vào cuối tuần qua đã nhằm vào nhà máy lọc dầu nằm sâu trong lãnh thổ Nga, với những thông tin tiết lộ Mỹ đã ""chỉ điểm"" cho lực lượng Kyiv thông qua mạng lưới tình báo."
Xả súng chết nhiều người tại một quán bar ở Mỹ,2025-10-12 22:46:00,Thế giới,Đã có 4 người thiệt mạng và ít nhất 20 người bị thương trong vụ xả súng tại một quán bar đông đúc trên đảo St.Helena thuộc bang Nam Carolina của Mỹ.
"Lũ lụt khắp 17 tỉnh của Thái Lan, 340.000 người bị ảnh hưởng",2025-10-12 21:28:00,Thế giới,"Lũ lụt tiếp tục diễn ra trên khắp 17 tỉnh của Thái Lan trong ngày 12.10, chủ yếu ở miền trung và miền bắc, theo tờ Bangkok Post."
Trung Quốc phản ứng về mức thuế quan đáp trả mới nhất của ông Trump,2025-10-12 18:23:00,Thế giới,Bộ Thương mại Trung Quốc hôm nay 12.10 đã có phản ứng trực tiếp đầu tiên đối với việc Tổng thống Mỹ Donald Trump tuyên bố sẽ áp đặt thêm thuế quan 100% đối với hàng Trung Quốc được xuất khẩu sang Mỹ.
"Một đơn vị quân đội nổi loạn, Tổng thống Madagascar cảnh báo âm mưu đảo chính",2025-10-12 17:02:00,Thế giới,Tổng thống Madagascar tuyên bố đang có âm mưu đảo chính sau khi một đơn vị quân đội tuyên bố kiểm soát toàn bộ lực lượng vũ trang và gia nhập lực lượng biểu tình chống chính phủ.
Cuba bác bỏ cáo buộc dính vào xung đột Nga-Ukraine,2025-10-12 10:25:00,Thế giới,Bộ Ngoại giao Cuba ngày 11.10 đã có phản ứng về cáo buộc của Mỹ rằng binh sĩ Cuba đang chiến đấu ở Ukraine.
Ít nhất 37 người chết do mưa lũ tại Mexico,2025-10-12 09:29:00,Thế giới,"Trận lũ do mưa lớn những ngày qua tại Mexico đã khiến ít nhất 37 người thiệt mạng, đồng thời làm nhiều nhà cửa, công trình bị hư hại nghiêm trọng."
Giao tranh căng thẳng tại biên giới Afghanistan và Pakistan,2025-10-12 07:58:00,Thế giới,Giao tranh căng thẳng đã bùng phát dọc biên giới Afghanistan và Pakistan vào tối 11.10 và hai bên tuyên bố đã chiếm giữ hoặc phá hủy nhiều chốt kiểm soát của nhau.
Cựu Tổng thống Biden phải xạ trị chữa ung thư,2025-10-12 06:50:00,Thế giới,Cựu Tổng thống Mỹ Joe Biden đang được kết hợp xạ trị với liệu pháp hormone để điều trị căn bệnh ung thư tuyến tiền liệt.
Lời qua tiếng lại về giải Nobel Hòa bình,2025-10-12 06:00:00,Thế giới,"Hôm qua (giờ VN), Tổng thống Mỹ Donald Trump cho biết tân chủ nhân của giải Nobel Hòa bình 2025 là nhà lãnh đạo đối lập ở Venezuela Maria Corina Machado gọi điện và nói rằng đã nhận giải nhân danh ông."
Tổng thống Trump tiếp tục thúc đẩy kế hoạch Gaza,2025-10-12 05:30:00,Thế giới,Tổng thống Mỹ Donald Trump sắp đến Trung Đông sau khi thỏa thuận ngừng bắn giữa Israel và lực lượng Hamas ở Dải Gaza đạt tiến triển bước đầu.
Nhà Trắng sa thải hàng loạt công chức,2025-10-12 05:25:00,Thế giới,"Tổng thống Donald Trump xác nhận việc sa thải hàng loạt công chức liên bang đã bắt đầu ngày 10.10 (giờ địa phương) giữa lúc chính phủ Mỹ tiếp tục rơi vào tình trạng tê liệt do khủng hoảng ngân sách, theo CBS News."
Thương chiến Mỹ - Trung bất ngờ leo thang,2025-10-12 05:00:00,Thế giới,"Sau một thời gian tạm lắng căng thẳng kèm những động thái hướng đến đàm phán, Mỹ và Trung Quốc bất ngờ leo thang căng thẳng thương mại bằng các biện pháp ""ăn miếng trả miếng""."
Chiến sự Ukraine ngày 1.326: Nga và Ukraine đều tổn thất lớn,2025-10-12 04:50:00,Quân sự,"Tổng thống Ukraine Volodymyr Zelensky điện đàm với Tổng thống Mỹ Donald Trump, sau khi Ukraine hứng đợt tấn công ồ ạt của Nga nhằm vào cơ sở hạ tầng năng lượng."
Nhiễm Covid-19 làm biến đổi tinh trùng?,2025-10-11 19:25:00,Thế giới,"Nghiên cứu vừa công bố cho thấy nhiễm Covid-19 làm thay đổi tinh trùng ở chuột và ảnh hưởng thế hệ con, dù cần thêm các nghiên cứu khác để xem có những thay đổi tương tự ở người hay không."
Tàu chiến Trung Quốc cập cảng Campuchia,2025-10-11 19:24:00,Thế giới,"Hai tàu chiến Trung Quốc ngày 10.10 đã cập cảng Campuchia trong chuyến thăm mà Bắc Kinh mô tả là chuyến thăm hữu nghị và huấn luyện, đánh dấu nỗ lực tăng cường quan hệ quốc phòng với quốc gia Đông Nam Á này."
Điều tra bất thường về tỷ lệ cá cược giải Nobel Hòa bình,2025-10-11 16:14:00,Thế giới,"Các quan chức Na Uy giám sát giải Nobel Hòa bình đang điều tra vụ cá cược trực tuyến đáng ngờ về người đoạt giải năm nay, theo tờ The Guardian vào tối 10.10."
Triều Tiên trình làng tên lửa liên lục địa 'mạnh nhất' trong lễ duyệt binh,2025-10-11 15:23:00,Thế giới,Hãng thông tấn KCNA hôm nay 11.10 đưa tin loại tên lửa đạn đạo liên lục địa 'mạnh nhất' của CHDCND Triều Tiên đã được trình làng trong cuộc duyệt binh tại quảng trường Kim Nhật Thành ở thủ đô Bình Nhưỡng vào tối 10.10.
Tổng thống Trump có 'tuổi tim mạch' trẻ hơn 14 năm,2025-10-11 15:15:00,Thế giới,"Trong một bản ghi nhớ được Nhà Trắng công bố ngày 10.10, bác sĩ của Tổng thống Mỹ Donald Trump cho biết ông Trump có 'sức khỏe đặc biệt' với tuổi tim mạch trẻ hơn khoảng 14 năm so với tuổi thực tế."
Mỹ tụt lại phía sau Nga và Trung Quốc trong cuộc đua vũ khí bội siêu thanh,2025-10-11 13:00:00,Quân sự,"Một báo cáo mới công bố đã phơi bày thực trạng hiện tại trên đường đua vũ khí bội siêu thanh của thế giới, theo đó Mỹ đang bị tụt lại đằng sau Nga lẫn Trung Quốc."
"Trung Quốc phản đối Mỹ triển khai lực lượng, tấn công tàu gần Venezuela",2025-10-11 11:09:00,Thế giới,"Tại cuộc họp khẩn cấp của Hội đồng Bảo an Liên Hiệp Quốc hôm 10.10, Đại diện thường trực của Trung Quốc tại Liên Hiệp Quốc Phó Thông đã nêu phản ứng của Bắc Kinh đối với việc Mỹ triển khai lực lượng tới vùng biển Caribbean gần Venezuela."
"Nổ lớn tại nhà máy thuốc nổ quân sự ở Mỹ, cả tòa nhà 'biến mất'",2025-10-11 09:29:00,Thế giới,Giới chức Mỹ thông báo 19 người mất tích và có người đã thiệt mạng sau vụ nổ lớn tại một nhà máy sản xuất thuốc nổ quân sự ở hạt Hickman thuộc bang Tennessee (Mỹ) hôm 10.10.
Thủ tướng Pháp vừa từ chức lại được tái bổ nhiệm,2025-10-11 09:19:00,Thế giới,"Trong một động thái chọc giận không ít đối thủ chính trị, Tổng thống Pháp Emmanuel Macron hôm 10.10 đã tái bổ nhiệm ông Sebastien Lecornu trên vai trò thủ tướng, chỉ vài ngày sau khi ông này từ chức."
Bà Melania tiết lộ đã làm việc với ông Putin về trẻ em Ukraine,2025-10-11 09:17:00,Thế giới,Đệ nhất phu nhân Mỹ Melania Trump ngày 10.10 cho biết bà đã làm việc trực tiếp với Tổng thống Nga Vladimir Putin nhằm hỗ trợ đoàn tụ những trẻ em Ukraine bị đưa sang Nga trong xung đột.
Hơn 100 công chức Trung Quốc bị phát hiện lãnh trợ cấp thất nghiệp bất hợp pháp,2025-10-11 08:36:00,Thế giới,Hơn 100 công chức tại tỉnh Tứ Xuyên thuộc tây nam Trung Quốc đã bị bắt quả tang nhận trợ cấp thất nghiệp trong khi vẫn nhận lương cố định mỗi tháng.
Mỹ lập lực lượng đặc nhiệm mới chống ma túy ở Mỹ Latinh,2025-10-11 07:53:00,Thế giới,"Mỹ sẽ thành lập một lực lượng đặc nhiệm chung chống ma túy để giám sát các hoạt động ở Mỹ Latinh, một động thái nhằm tăng cường các hoạt động hiện diện quân sự của Washington trong khu vực."
"Ông Trump áp thêm thuế quan 100% cho hàng Trung Quốc, dọa hủy gặp ông Tập",2025-10-11 07:48:00,Kinh tế,"Hôm 10.10, Tổng thống Mỹ Donald Trump thông báo áp thuế bổ sung 100% đối với hàng hóa Trung Quốc, đồng thời dọa hủy gặp Chủ tịch nước Trung Quốc Tập Cận Bình tại Hàn Quốc vào cuối tháng này."
Mỹ bắt đầu sa thải hàng loạt nhân viên liên bang trong lúc chính phủ đóng cửa,2025-10-11 07:47:00,Thế giới,"Hôm 10.10, chính quyền Tổng thống Donald Trump thông báo khởi động việc sa thải hàng loạt nhân sự liên bang, trong lúc chính phủ Mỹ vẫn tiếp tục đóng cửa do quốc hội chưa đạt được thỏa thuận về ngân sách."
Hàn Quốc triệu tập Đại sứ Campuchia vì loạt vụ bắt cóc công dân,2025-10-11 07:46:00,Thế giới,Ngoại trưởng Hàn Quốc Cho Hyun ngày 10.10 đã triệu tập Đại sứ Campuchia sau khi có báo cáo về sự gia tăng đột biến các vụ bắt cóc công dân Hàn Quốc liên quan các đường dây lừa đảo việc làm tại quốc gia Đông Nam Á này.
Gaza giữa những lực cản hòa bình sau lệnh ngừng bắn,2025-10-11 06:00:00,Thế giới,"Lệnh ngừng bắn ở Dải Gaza đã bắt đầu có hiệu lực, nhưng để vùng đất này hòa bình lâu dài thì vẫn cần giải quyết nhiều thách thức lớn."
Trung Quốc mở cuộc điều tra nhằm vào Qualcomm,2025-10-11 05:40:00,Thế giới,"Hôm qua (10.10), tờ South China Morning Post đưa tin Trung Quốc đã mở một cuộc điều tra đối với gã khổng lồ sản xuất chip Qualcomm (Mỹ)."
EU đang tự ngáng chân về xung đột Ukraine?,2025-10-11 05:29:00,Thế giới,"Dù là bên ủng hộ Ukraine mạnh mẽ, nhiều nước thuộc Liên minh châu Âu (EU) đang tăng cường nhập khẩu năng lượng từ Nga bất chấp sự phản đối từ Nhà Trắng."
Động đất rung chuyển miền nam Philippines,2025-10-11 05:16:00,Thế giới,"Ngày 10.10, một trận động đất mạnh 7,4 độ Richter đã xảy ra ngoài khơi bờ biển phía đông nam Philippines, làm dấy lên cảnh báo sóng thần ở nhiều quốc gia Đông Nam Á."
"Chiến sự Ukraine ngày 1.325: Nga tập kích UAV kỷ lục, Kyiv chìm trong bóng tối",2025-10-11 04:32:00,Quân sự,"Nhiều khu vực rộng lớn ở Kyiv chìm trong bóng tối vào đầu ngày 10.10 sau khi máy bay không người lái (UAV) và tên lửa của Nga tấn công các cơ sở năng lượng của Ukraine, khiến điện và nước bị cắt trên diện rộng."
Nhà Trắng chỉ trích Ủy ban Nobel vì không trao giải cho ông Trump,2025-10-10 22:31:00,Thế giới,Nhà Trắng đã chỉ trích quyết định của Ủy ban Nobel Na Uy vì trao giải Nobel Hòa bình cho một nhà hoạt động Venezuela thay vì Tổng thống Mỹ Donald Trump.
ICC bác yêu cầu tại ngoại của cựu Tổng thống Philippines Duterte,2025-10-10 21:01:00,Thế giới,Các thẩm phán Tòa án Hình sự quốc tế (ICC) ngày 10.10 bác bỏ yêu cầu của luật sư bào chữa cho cựu Tổng thống Philippines Rodrigo Duterte về việc cho ông tại ngoại trong thời gian chờ xét xử.
"Lệnh ngừng bắn ở Gaza có hiệu lực, Israel bắt đầu rút quân",2025-10-10 20:14:00,Thế giới,Israel cho biết thỏa thuận ngừng bắn giữa Israel và Hamas tại Dải Gaza đã có hiệu lực vào trưa 10.10 (giờ địa phương) và Lực lượng Phòng vệ Israel (IDF) đang rút về các tuyến đường như thỏa thuận.
Nhiều thi thể được phát hiện trên sông ở Texas,2025-10-10 16:44:00,Thế giới,"Giới chức bang Texas (Mỹ) nhấn mạnh rằng không có bằng chứng về kẻ giết người hàng loạt, dù hàng loạt thi thể được tìm thấy ở sông ngòi làm dấy lên lo ngại."
Bà Maria Corina Machado đoạt giải Nobel Hòa bình 2025,2025-10-10 16:39:00,Thế giới,Nhà hoạt động người Venezuela Maria Corina Machado ngày 10.10 được xướng tên là chủ nhân giải Nobel Hòa bình 2025.
"Đảng Komeito rút khỏi liên minh cầm quyền ở Nhật, tương lai nữ thủ tướng gặp khó",2025-10-10 16:29:00,Thế giới,"Đảng Komeito rút khỏi liên minh với đảng Dân chủ Tự do (LDP), khiến tương lai của tân lãnh đạo LDP Sanae Takaichi gặp khó khăn trong bối cảnh bà đang trên đường trở thành nữ thủ tướng đầu tiên của Nhật Bản."
Nghiên cứu mới lý giải nguyên nhân khiến bão ở Đông Nam Á ngày càng dữ dội,2025-10-10 15:25:00,Thế giới,"Theo nghiên cứu vừa công bố, ô nhiễm không khí tại Đông Nam Á khiến các cơn bão xuất hiện với tần suất và cường độ ngày càng lớn trong khu vực."
Điện Kremlin tuyên bố ủng hộ ông Trump đoạt giải Nobel Hòa bình,2025-10-10 14:47:00,Thế giới,Nga ủng hộ Tổng thống Mỹ Donald Trump được trao giải Nobel Hòa bình nhờ những nỗ lực của ông nhằm hướng tới kết thúc xung đột ở Ukraine.
Quốc hội Peru phế truất tổng thống và bầu người mới ngay trong đêm,2025-10-10 14:19:00,Thế giới,Tổng thống Peru Dina Boluarte đã bị quốc hội phế truất trong cuộc bỏ phiếu vừa kết thúc vào rạng sáng 10.10 tại quốc gia Nam Mỹ.
Philippines phát hiện hàng trăm 'dự án ma' trong kiểm soát lũ,2025-10-10 10:30:00,Thế giới,"Sau hơn một tháng nhậm chức, tân Bộ trưởng Công chính Philippines Vince Dizon phát hiện hàng trăm 'dự án ma' trong kiểm soát lũ, đồng thời cho biết đây chỉ là kết quả sơ bộ vì số lượng dự án sẽ kiểm tra còn rất lớn."
Bỉ phá âm mưu tấn công thủ tướng bằng UAV,2025-10-10 10:28:00,Thế giới,Văn phòng công tố viên Bỉ cho biết một nhóm âm mưu tấn công Thủ tướng Bỉ Bart de Wever và các chính trị gia bằng UAV nhưng đã bị ngăn chặn.
Phát hiện 'chìa khóa' tiềm năng kéo dài tuổi thọ,2025-10-10 09:59:00,Thế giới,"Các nhà nghiên cứu phát hiện một loại protein vốn làm rút ngắn tuổi thọ con người lại hoạt động gần như trái ngược ở loài chuột chũi trụi lông, mang đến những phát hiện mới về tiềm năng nâng cao sức khỏe."
Con bài láng giềng của Ấn Độ và Taliban,2025-10-10 09:37:00,Góc nhìn,Việc đón tiếp người đứng đầu cơ quan ngoại giao của chính thể Taliban ở Afghanistan Amir Khan Muttaqi là sự chuyển hướng của Ấn Độ trong chính sách đối với Taliban.
"Động đất mạnh và cảnh báo sóng thần ở Philippines, tổng thống ra lệnh sơ tán",2025-10-10 09:29:00,Thế giới,Trận động đất mạnh trên 7 độ Richter xảy ra tại khu vực Mindanao của Philippines dẫn đến cảnh báo sóng thần và cơ quan chức năng nước này kêu gọi người dân tại các khu vực ven biển ở miền trung và miền nam lập tức di chuyển lên các khu vực cao.
Ông Trump đòi 'đuổi' Tây Ban Nha khỏi NATO,2025-10-10 07:52:00,Thế giới,Tổng thống Mỹ Donald Trump cho rằng NATO nên khai trừ Tây Ban Nha vì mức chi tiêu quân sự thấp của nước này.
Thẩm phán Mỹ chặn Tổng thống Trump điều Vệ binh Quốc gia đến Illinois,2025-10-10 07:43:00,Thế giới,"Thẩm phán liên bang Mỹ ngày 9.10 đã chặn chính quyền Tổng thống Donald Trump điều lực lượng Vệ binh Quốc gia đến bang Illinois, sau những diễn biến tương tự tại bang Oregon."
Mỹ muốn máy bay Trung Quốc qua lại Mỹ không bay ngang lãnh thổ Nga,2025-10-10 06:59:00,Thế giới,"Mỹ muốn các hãng hàng không Trung Quốc ngừng bay ngang nước Nga trên các chuyến bay đến và đi từ Mỹ, trong bối cảnh các hãng hàng không Mỹ không được bay ngang Nga."
"Israel duyệt thỏa thuận với Hamas, Mỹ sẽ điều quân đội giám sát ngừng bắn Dải Gaza",2025-10-10 06:45:00,Thế giới,Nội các Israel đã thông qua bộ khung thỏa thuận giúp cứu con tin tại Dải Gaza trong khi Mỹ dự kiến đưa binh sĩ đến để giám sát ngừng bắn.
Ai sẽ là chủ nhân giải Nobel Hòa bình 2025?,2025-10-10 06:00:00,Thế giới,"Hôm nay (10.10), Ủy ban Nobel Na Uy sẽ xướng tên chủ nhân của giải Nobel Hòa bình 2025, một trong những giải thưởng được chú ý hàng đầu mỗi mùa Nobel."
Chiến sự Ukraine ngày 1.324: Thông tin trái chiều giữa Moscow và Kyiv,2025-10-10 05:25:00,Quân sự,"Trong khi Bộ Quốc phòng và phía chuyên gia quân sự Nga tiếp tục cập nhật đà tiến tại Ukraine, Tổng thống Ukraine Volodymyr Zelensky lại thông báo quân Ukraine gây thiệt hại nặng do quân Nga ở Donetsk."
Kinh tế toàn cầu phục hồi tốt hơn dự kiến,2025-10-10 05:12:00,Kinh tế,"Phát biểu tại một sự kiện của Viện Milken (Mỹ) ngày 8.10, Tổng giám đốc Quỹ tiền tệ quốc tế (IMF) Kristalina Georgieva nhận định nền kinh tế thế giới đã chứng tỏ khả năng phục hồi tốt hơn kỳ vọng, bất chấp loạt cú sốc và căng thẳng toàn cầu."
Mỹ bế tắc trong việc thông qua ngân sách tạm thời,2025-10-10 05:02:00,Thế giới,"Khủng hoảng chính phủ Mỹ vẫn chưa có lối thoát khi Thượng viện nước này ngày 8.10 một lần nữa bác bỏ các đề xuất của đảng Cộng hòa lẫn đảng Dân chủ nhằm mở cửa lại chính phủ, theo CNN."
Thỏa thuận ngừng bắn Israel - Hamas và tương lai Gaza,2025-10-10 05:00:00,Thế giới,"Tổng thống Mỹ Donald Trump hôm qua thông báo Israel và Hamas đã đồng ý thỏa thuận ngừng bắn, rút quân và trả tự do cho các con tin còn lại ở Dải Gaza, đánh dấu bước tiến quan trọng khôi phục hòa bình cho khu vực."
Loạt diễn biến mới trong xung đột Nga - Ukraine,2025-10-10 04:39:00,Thế giới,"Trong bài phát biểu được công bố hôm qua, Tổng thống Ukraine Volodymyr Zelensky nói các cuộc tấn công tầm xa của Ukraine vào các cơ sở năng lượng của Nga có thể đã dẫn đến tình trạng thiếu hụt nhiên liệu lên tới 20%, theo Reuters."
"Israel và Hamas đã ký thỏa thuận ngừng bắn, Israel kiểm soát 53% Gaza",2025-10-09 21:44:00,Thế giới,"Quan chức cấp cao của Hamas Osama Hamdan cho biết việc trao trả con tin Israel và thả tù nhân Palestine dự kiến sẽ diễn ra ngày 13.10, trong khi Israel nói quân đội nước này dù rút quân sẽ vẫn kiểm soát khoảng 53% lãnh thổ Gaza."
Ông Putin lần đầu làm rõ vụ rơi máy bay chở khách Azerbaijan Airlines,2025-10-09 19:57:00,Thế giới,"Hôm nay 9.10, Tổng thống Nga Vladimir Putin đã chia sẻ với người đồng cấp Azerbaijan Ilham Aliyev về chuyện đã xảy ra vào ngày 25.12.2024, khiến một máy bay chở khách của Hãng Azerbaijan Airlines rơi xuống lãnh thổ Kazakhstan."
Trung Quốc siết kiểm soát đất hiếm trước thềm cuộc gặp hai ông Tập - Trump,2025-10-09 19:09:00,Kinh tế,"Hôm nay 9.10, Trung Quốc công bố một loạt biện pháp kiểm soát xuất khẩu mới đối với đất hiếm và các công nghệ liên quan, trước thềm cuộc gặp giữa Tổng thống Mỹ Donald Trump và Chủ tịch nước Trung Quốc Tập Cận Bình."
VN - Úc tăng cường nhập khẩu trái cây lẫn nhau,2025-10-09 19:00:00,Kinh tế,"Hôm nay (9.10), Cục Trồng trọt và Bảo vệ thực vật (TTBVTV) thuộc Bộ Nông nghiệp và Môi trường (NN&MT) phối hợp với Đại sứ quán Úc tại VN tổ chức lễ công bố xuất khẩu trái bưởi của VN sang Úc và trái việt quất của Úc sang VN, giúp tăng cường nhập khẩu trái cây lẫn nhau."
"Ông Trump kêu gọi Thái Lan - Campuchia đàm phán, Bangkok nêu điều kiện",2025-10-09 17:17:00,Thế giới,Thủ tướng Thái Lan Anutin Charnvirakul ngày 9.10 cho hay Tổng thống Mỹ Donald Trump đã gửi một bức thư kêu gọi Thái Lan - Campuchia đàm phán hòa bình và giải quyết tranh chấp biên giới.
Tổng thống Colombia cảnh báo 'kịch bản chiến tranh' sau hành động của Mỹ,2025-10-09 17:12:00,Thế giới,"Tổng thống Colombia Gustavo Petro ngày 8.10 viết trên mạng xã hội X cho rằng ""tình huống chiến tranh"" đã xuất hiện ở vùng Caribbean sau khi có dấu hiệu cho thấy một chiếc thuyền được cho là chở công dân Colombia đã bị ném bom."
5 người bị cáo buộc mưu sát Tổng thống Ecuador được thả,2025-10-09 16:33:00,Thế giới,Cảnh sát Ecuador đã bắt giữ 5 người với cáo buộc mưu sát Tổng thống Daniel Noboa nhưng tòa án đã ngay lập tức ra lệnh thả người.
Vụ rơi máy bay bí ẩn gần Vùng 51 càng trở nên kỳ lạ hơn,2025-10-09 13:05:00,Thế giới,"Cho đến nay vẫn chưa có nhiều thông tin về một máy bay không xác định, được nhiều người cho là một loại thiết bị bay không người lái, đã rơi xuống miền nam bang Nevada (Mỹ), gần Vùng 51 hôm 23.9."
Tàu ngầm hạt nhân tối tân nhất của Mỹ hoàn tất thử nghiệm,2025-10-09 12:43:00,Quân sự,Tập đoàn Huntington Ingalls Industries (HII) thông báo nhà máy đóng tàu Newport News Shipbuilding của hãng đã thực hiện thành công các chuyến đi biển đầu tiên của tàu ngầm hạt nhân Massachusetts (SSN 798) lớp Virginia.
Hóa thạch ‘quái vật biển’ còn nguyên da 240 triệu năm tuổi,2025-10-09 12:36:00,Chuyện lạ,"Trong một phát hiện gây rúng động giới cổ sinh vật học, một hóa thạch của 'quái vật biển' thời cổ đại với phần da còn nguyên đã được tìm thấy ở Thụy Sĩ, theo chuyên san Swiss Journal of Palaeontology."
Nhật Bản bắt một người Việt vì nghi ngờ nhập lậu gạo dưới nhãn 'đậu xanh',2025-10-09 09:56:00,Thế giới,Cảnh sát tỉnh Osaka của Nhật Bản mới đây đã bắt giữ một phụ nữ Việt cùng chồng người Nhật vì nghi ngờ họ ngụy trang khoảng 45 tấn gạo từ Việt Nam thành 'đậu xanh'.
Đức bãi bỏ chương trình cấp quốc tịch nhanh sau 3 năm,2025-10-09 09:42:00,Thế giới,"Quốc hội Đức đã bãi bỏ luật nhập tịch theo thủ tục nhanh chóng do chính phủ tiền nhiệm ban hành, làm nổi bật thái độ bất bình của người dân đối với vấn đề nhập cư."
Giải mã cách dựng những pho tượng đầu người khổng lồ trên đảo Phục Sinh,2025-10-09 09:40:00,Thế giới,Các nhà khảo cổ học đã giải đáp bí ẩn kéo dài hàng thập niên về cách người Rapa Nui vận chuyển những tượng Moai khổng lồ trên Đảo Phục Sinh.
"Ông Trump đòi bỏ tù thống đốc Illinois, thị trưởng Chicago",2025-10-09 09:33:00,Thế giới,Tổng thống Mỹ Donald Trump cho rằng Thống đốc bang Illinois J.B. Pritzker và thị trưởng thành phố Chicago Brandon Johnson nên bị bỏ tù vì chống đối việc triển khai Vệ binh quốc gia.
Tổng thống Pháp sắp bổ nhiệm thủ tướng thứ 6 trong 2 năm,2025-10-09 09:31:00,Thế giới,Văn phòng Tổng thống Pháp Emmanuel Macron ngày 8.10 cho biết ông sẽ bổ nhiệm một thủ tướng mới trong vòng 48 giờ tới trong bối cảnh nước Pháp đang đối mặt với cuộc khủng hoảng chính trị nghiêm trọng nhất trong nhiều thập niên.
Trung Quốc sắp bàn giao tàu chiến mới cho Campuchia,2025-10-09 09:25:00,Thế giới,Trung Quốc sắp hoàn tất việc lắp khinh hạm mới cho Campuchia theo khuôn khổ dự án viện trợ quân sự Trung Quốc cho Campuchia.
"Myanmar bị tố tấn công làm chết 20 người, Mỹ lên tiếng",2025-10-09 08:49:00,Thế giới,Reuters hôm nay 9.10 dẫn một số nguồn tin khẳng định ít nhất 20 người đã thiệt mạng trong vụ tấn công mới nhất của chính quyền quân sự Myanmar ở vùng Sagaing.
Chính quyền Mỹ sa thải nhân viên giấu quan hệ yêu đương với người Trung Quốc,2025-10-09 07:32:00,Thế giới,Chính quyền Tổng thống Mỹ Donald Trump ngày 8.10 thông báo đã sa thải một nam nhân viên thuộc Bộ Ngoại giao Mỹ có mối quan hệ tình cảm với một phụ nữ Trung Quốc.
Tổng thống Trump công bố đạt thỏa thuận hòa bình tại Dải Gaza,2025-10-09 07:23:00,Thế giới,Tổng thống Mỹ Donald Trump và các bên khác xác nhận Israel và Hamas đã đạt thỏa thuận hòa bình giai đoạn một nhằm chấm dứt xung đột tại Dải Gaza.
'Bóc phốt' nghịch lý ở Đại học Harvard,2025-10-09 06:00:00,Thế giới,Báo cáo do nội bộ Đại học Harvard (Mỹ) thực hiện đã phơi bày một dạng văn hóa lớp học gây tranh cãi của ngôi trường thuộc nhóm danh giá nhất thế giới.
Nobel Hóa học vinh danh cấu trúc khung kim loại - hữu cơ,2025-10-09 05:55:00,Thế giới,Giải Nobel Hóa học năm nay đã vinh danh 3 nhà khoa học với công trình phát triển cấu trúc có tính ứng dụng trong lưu trữ năng lượng và giải quyết ô nhiễm môi trường.
Đan Mạch sẽ cấm người dưới 15 tuổi dùng mạng xã hội,2025-10-09 05:47:00,Thế giới,"Tờ The Guardian ngày 8.10 dẫn lời Thủ tướng Đan Mạch Mette Frederiksen cho biết nước này sẽ cấm người dưới 15 tuổi dùng mạng xã hội, đồng thời cáo buộc điện thoại di động và mạng xã hội ""đánh cắp tuổi thơ con em chúng ta""."
"Giữa lúc đàm phán, Israel chặn tàu cứu trợ đến Gaza",2025-10-09 05:00:00,Thế giới,"Đội tàu nhân đạo Global Sumud Flotilla cáo buộc quân đội Israel ngày 8.10 đã chặn ít nhất 3 tàu của họ đang chở hàng cứu trợ đến Dải Gaza, theo AFP."
"Chiến sự Ukraine ngày 1.323: Nhiều tỉnh Ukraine mất điện, Nga nói 'cạn' động lực hòa bình",2025-10-09 04:28:00,Quân sự,"Ukraine ngày 8.10 cho biết nhiều tỉnh ở nước này chịu cảnh mất điện sau khi lực lượng Nga tập kích hạ tầng năng lượng. Trong khi đó, nhà ngoại giao Nga cho rằng động lực hướng đến hòa bình Ukraine từ sau thượng đỉnh Mỹ - Nga đã cạn kiệt."
Nội các Đức thông qua luật cho phép cảnh sát bắn hạ UAV,2025-10-08 22:24:00,Thế giới,"Nội các Đức ngày 8.10 thông qua luật cho phép cảnh sát bắn hạ máy bay không người lái (UAV) trái phép, trong bối cảnh xuất hiện nhiều vụ xâm phạm không phận ở châu Âu."
"Châu Âu áp dụng hệ thống nhập cảnh mới, du khách cần lưu ý gì?",2025-10-08 20:32:00,Thế giới,"Từ ngày 12.10, một loạt nước châu Âu sẽ bắt đầu áp dụng quy trình xuất nhập cảnh bằng sinh trắc học, thay thế hộ chiếu vật lý. Điều này sẽ tác động đến những người có ý định đến châu Âu."
Nobel Hóa học 2025 vinh danh công trình phát triển khung kim loại hữu cơ,2025-10-08 17:18:00,Thế giới,"Giải Nobel Hóa học năm nay đã được trao cho các nhà khoa học với công trình phát triển khung kim loại - hữu cơ, với khả năng hấp thụ khí thải và có tiềm năng trở thành 'vật liệu của thế kỷ 21'."
Deloitte phải hoàn tiền cho chính phủ Úc vì sai sót khi dùng AI làm báo cáo,2025-10-08 16:25:00,Thế giới,"Deloitte, một trong những tập đoàn kiểm toán lớn nhất thế giới, sẽ phải hoàn trả một phần tiền trong hợp đồng cho chính phủ Úc sau khi bị phát hiện sai sót trong báo cáo, bị cho là vì dùng trí tuệ nhân tạo (AI)."
Nhiều thú dữ thoát khỏi các vườn quốc gia trong mưa lũ chết người ở Ấn Độ,2025-10-08 16:20:00,Thế giới,"Những con hổ, báo đốm và voi thoát ra khỏi các vườn quốc gia ở Ấn Độ trong mưa lũ, ngoài ra xác nhiều động vật hoang dã khác như tê giác, bò rừng và hươu bị trôi dạt lên bờ sông."
Tổng thống Argentina trình diễn nhạc rock trước sân khấu 15.000 người,2025-10-08 16:16:00,Thế giới,"Sự kiện ra mắt sách của Tổng thống Javier Milei được xây dựng thành một đêm nhạc rock cuồng nhiệt, nơi nhà lãnh đạo Argentina đã thể hiện 9 ca khúc."
Ứng viên Trợ lý Bộ trưởng Chiến tranh Mỹ có quan điểm thế nào về Đài Loan?,2025-10-08 11:04:00,Thế giới,"Ông John Noh, ứng viên cho vị trí Trợ lý Bộ trưởng Chiến tranh Mỹ phụ trách các vấn đề an ninh Ấn Độ Dương - Thái Bình Dương, tuyên bố Đài Loan phải tăng mạnh chi tiêu phòng vệ, nhưng vũ khí sẽ tiếp tục được chuyển từ Mỹ sang Đài Loan."
"Xe chở Tổng thống Ecuador bị hàng trăm người vây ném đá, có vết đạn bắn",2025-10-08 10:39:00,Thế giới,"Đoàn xe chở Tổng thống Ecuador Daniel Noboa đã bị khoảng 500 người vây quanh và ném đá, 5 người đã bị bắt với cáo buộc mưu sát tổng thống."
Phát hiện nhện 'nửa đực nửa cái',2025-10-08 10:19:00,Chuyện lạ,"Một cá thể nhện lưỡng tính vô cùng hiếm gặp đã được tìm thấy trong số những mẫu vật của loài nhện mới gần một khu rừng thuộc Nong Rong, Phanom Thuan (tỉnh Kanchanaburi) ở miền tây Thái Lan, theo Phys.org hôm 7.10."
Chính phủ Mỹ đóng cửa: Trễ chuyến bay hàng loạt vì nhân viên không lưu nghỉ làm,2025-10-08 10:07:00,Thế giới,"Việc chính phủ Mỹ đóng cửa một phần khiến nhiều kiểm soát viên không lưu không đi làm, dẫn đến tình trạng trễ chuyến hàng loạt tại nhiều sân bay trên cả nước."
Gia tộc Shinawatra rút khỏi đường đua ghế Thủ tướng Thái Lan vào năm sau,2025-10-08 09:28:00,Thế giới,"Tại đại hội ngày 7.10, đảng Pheu Thai đã hé lộ sự thay đổi chiến lược lớn trước kỳ tổng tuyển cử Thái Lan năm sau, theo đó Chủ tịch đảng Paetongtarn Shinawatra khẳng định không có tên của gia tộc Shinawatra chạy đua ghế thủ tướng."
Liên minh láng giềng gần,2025-10-08 09:17:00,Góc nhìn,Úc và Papua New Guinea vừa mở ra trang sử quan hệ song phương mới và tạo thành tác nhân địa chính trị khu vực mới với việc ký kết thỏa thuận phòng thủ chung mà trong thực chất là một liên minh quân sự và an ninh không chính thức.
"Hơn 2 triệu người nhập cư đã rời Mỹ, thêm 600.000 người sắp bị trục xuất",2025-10-08 07:49:00,Thế giới,"Các cơ quan liên bang Mỹ đã trục xuất số lượng lớn người nhập cư trái phép trong chiến dịch vẫn tiếp diễn, với thông điệp 'thời kỳ biên giới mở đã chấm dứt'."
"Bị Israel tố phát triển tên lửa có thể vươn tới Mỹ, Iran phản ứng sao?",2025-10-08 07:09:00,Thế giới,Ngoại trưởng Iran Abbas Araghchi ngày 7.10 đã lên tiếng sau khi Thủ tướng Israel Benjamin Netanyahu gần đây cáo buộc Tehran đang phát triển tên lửa có khả năng vươn tới các thành phố của Mỹ.
Lầu Năm Góc bật đèn xanh cho dòng tiêm kích kế tiếp của Hải quân Mỹ,2025-10-08 07:06:00,Quân sự,"Sau nhiều tháng trì hoãn, Lầu Năm Góc sớm nhất là trong tuần này sẽ chọn ra nhà thầu thiết kế và chế tạo tiêm kích tàng hình thế hệ kế tiếp triển khai trên các hàng không mẫu hạm của Hải quân Mỹ."
Ông Putin nói Nga kiểm soát thêm gần 5.000 km2 tại Ukraine,2025-10-08 06:49:00,Thế giới,"Tổng thống Vladimir Putin thông tin về các khu vực Nga giành quyền kiểm soát tại Ukraine trong năm nay, dù trước đó phía Ukraine khẳng định các đợt tấn công gần đây của đối phương đều thất bại."
"Chính phủ vẫn đóng cửa, Nhà Trắng căng thẳng với nhiều bang",2025-10-08 05:25:00,Thế giới,"Cả 2 dự luật song song nhằm mở cửa lại chính phủ Mỹ thất bại lần thứ 5 tại Thượng viện, trong khi Nhà Trắng và một số bang tiếp tục căng thẳng."
Chiến sự Ukraine ngày 1.322: Nga - Ukraine 'đối công' kịch liệt,2025-10-08 05:00:00,Quân sự,"Nga và Ukraine tiến hành các đợt tấn công qua lại bằng hàng trăm máy bay không người lái (UAV), trong khi một nhà máy điện hạt nhân tại Nga cũng thông báo bị ảnh hưởng."
Venezuela cảnh báo Đại sứ quán Mỹ bị tấn công,2025-10-08 04:44:00,Thế giới,"Tổng thống Venezuela Nicolas Maduro ngày 6.10 cho biết nước này đã cảnh báo Mỹ về một ""chiến dịch cờ giả"" do các phần tử cực đoan trong phe cánh hữu Venezuela lên kế hoạch, nhằm đặt chất nổ tại Đại sứ quán Mỹ ở thủ đô Caracas, theo Reuters."
"Ông Trump 'bắn tín hiệu' việc chuyển tên lửa Tomahawk 
cho Ukraine",2025-10-08 04:09:00,Thế giới,"Reuters ngày 7.10 đưa tin Tổng thống Mỹ Donald Trump nói rằng ""gần như đã có quyết định"" về việc cung cấp tên lửa hành trình tầm xa Tomahawk do Mỹ sản xuất cho Ukraine, dù từ chối tiết lộ cụ thể."
Thị trưởng vừa đắc cử bị đâm nguy kịch tại nhà ở Đức,2025-10-07 21:47:00,Thế giới,"Thị trưởng mới đắc cử của thị trấn Herdecke, miền tây nước Đức, đã bị đâm trọng thương ngay tại nhà riêng ngày 7.10."
"Tiết lộ của cựu Thủ tướng Merkel làm các nước Baltic, Ba Lan giận dữ",2025-10-07 17:22:00,Thế giới,Quan chức Ba Lan và các nước Baltic đã đáp trả gay gắt khi cựu Thủ tướng Đức Angela Merkel cho rằng Đông Âu chịu một phần trách nhiệm về chiến dịch của Nga tại Ukraine.
"Giá phòng ở Brazil đắt đỏ, nhiều nước tính dự hội nghị khí hậu COP30 từ xa",2025-10-07 17:18:00,Thế giới,Hàng chục quốc gia vẫn chưa tìm được chỗ ở cho hội nghị khí hậu COP30 diễn ra vào tháng tới tại Brazil trong khi giá phòng tại thành phố đăng cai đang tăng phi mã.
Nobel Vật lý 2025 trao cho 3 nhà khoa học tại Mỹ,2025-10-07 17:14:00,Thế giới,Giải Nobel Vật lý 2025 đã được trao cho 3 nhà khoa học tại Mỹ nhờ khám phá đối với hiện tượng xuyên hầm cơ học lượng tử vĩ mô và lượng tử hóa năng lượng trong mạch điện.
Bê bối trộm xác được hiến tặng cho Đại học Harvard để bán ra chợ đen,2025-10-07 16:16:00,Thế giới,Tòa án Tối cao bang Massachusetts (Mỹ) vừa đưa ra phán quyết về vụ án cựu quản lý nhà xác Đại học Harvard có hành vi phân xác và bán các bộ phận cơ thể của người hiến xác.
"Rơi trực thăng y tế trên cao tốc Mỹ, 3 người nguy kịch",2025-10-07 16:15:00,Thế giới,"Một chiếc trực thăng y tế đã bị rơi trên tuyến đường cao tốc 50 đông đúc ở thành phố Sacramento, bang California (Mỹ), khiến 3 người trong tình trạng nguy kịch."
Những nghiên cứu đột phá vẫn chờ giải Nobel,2025-10-07 13:30:00,Thế giới,"Giải Nobel là niềm mơ ước của mọi nhà khoa học trên toàn thế giới, và không thiếu những công trình nghiên cứu đang chờ được vinh danh."
Hội nghị thượng đỉnh Doanh nghiệp Anh - Việt Nam đầu tiên tập trung chủ đề gì?,2025-10-07 12:25:00,Kinh tế,"Hôm nay (7.10), tại TP.HCM, Hiệp hội Doanh nghiệp Anh tại Việt Nam (BritCham Việt Nam) phối hợp với Tổng lãnh sự quán Anh chính thức thông báo việc tổ chức Hội nghị thượng đỉnh Doanh nghiệp Anh quốc - Việt Nam 2025 đầu tiên."
"Bitcoin lập đỉnh kỷ lục, vàng tiếp đà tăng mạnh",2025-10-07 11:10:00,Thế giới,"Bitcoin đạt mức cao kỷ lục mới, tăng vượt mức 125.000 USD nhờ dòng tiền đổ vào mạnh mẽ từ các nhà đầu tư."
Châu Âu lại chấn động,2025-10-07 11:09:00,Góc nhìn,"Cả về đối nội ở CH Séc lẫn về địa chính trị ở châu Âu, kết quả cuộc bầu cử quốc hội vừa qua ở CH Séc tác động giống như một trận địa chấn."
Chiến thuật mới: Nga dùng UAV sợi quang phục kích đoàn xe hậu cần Ukraine,2025-10-07 10:59:00,Thế giới,"Binh sĩ Ukraine cho biết phi công Nga phục kích các tuyến hậu cần gần tiền tuyến bằng máy bay không người lái (UAV) sợi quang - loại vũ khí gần như miễn nhiễm với các biện pháp tác chiến điện tử, khiến chúng rất khó bị đánh chặn."
"Thượng viện Mỹ tiếp tục bế tắc, chính phủ vẫn phải đóng cửa",2025-10-07 10:49:00,Thế giới,"Thượng viện Mỹ ngày 6.10 không thể thông qua kế hoạch ngân sách và chính phủ phải tiếp tục đóng cửa, khiến một số ngành và nhân sự chịu ảnh hưởng lớn."
Pakistan ca ngợi hiệu quả vũ khí Trung Quốc khi đụng độ Ấn Độ,2025-10-07 08:35:00,Thế giới,"Pakistan vừa lên tiếng khẳng định các hệ thống vũ khí do Trung Quốc sản xuất đã thể hiện ""cực kỳ hiệu quả"" trong cuộc đụng độ kéo dài 4 ngày với Ấn Độ hồi tháng 5."
Ông Trump: Đã có quyết định về cung cấp tên lửa Tomahawk cho Ukraine,2025-10-07 08:29:00,Thế giới,"Tổng thống Mỹ Donald Trump cho biết ông đã đưa ra quyết định về việc cung cấp tên lửa tầm xa Tomahawk cho Ukraine, song không tiết lộ chi tiết cụ thể."
Albania: Bị cáo bắn chết thẩm phán tại tòa vì biết sẽ thua kiện,2025-10-07 08:05:00,Thế giới,"Cảnh sát Albania hôm 6.10 (giờ địa phương) cho biết một bị cáo đã nổ súng tại tòa án ở thủ đô 6.10, giết chết thẩm phán và làm bị thương 2 người khác."
Một thẩm phán quyết chặn ông Trump điều Vệ binh Quốc gia,2025-10-07 07:52:00,Thế giới,"Bà Karin Immergut, Thẩm phán tòa án quận Mỹ tại bang Oregon, đã cấm chính quyền Tổng thống Donald Trump điều Vệ binh Quốc gia ở bất kỳ tiểu bang nào đến TP.Portland (bang Oregon)."
"Ông Trump hủy đàm phán với Venezuela, Caracas cảnh báo âm mưu tại Đại sứ quán Mỹ",2025-10-07 07:50:00,Thế giới,"Tổng thống Mỹ Donald Trump được cho là đã chấm dứt nỗ lực thỏa thuận ngoại giao với Venezuela, đồng thời yêu cầu Đặc phái viên Mỹ Richard Grenell ngừng mọi liên hệ với chính quyền Caracas."
Nobel Y sinh vinh danh phát hiện dung nạp miễn dịch ngoại biên,2025-10-07 06:31:00,Thế giới,"Ba nhà khoa học cùng chia sẻ giải Nobel Y sinh 2025 nhờ những khám phá về dung nạp miễn dịch ngoại biên, giúp mở ra lĩnh vực nghiên cứu mới."
Toan tính mới của Mỹ tại Caribe,2025-10-07 05:12:00,Thế giới,Lãnh đạo Mỹ tuyên bố tấn công thêm một tàu bị cáo buộc chở ma túy ngoài khơi Venezuela và cân nhắc hành động trên đất liền.
Tương lai Gaza trước bước ngoặt mới,2025-10-07 05:08:00,Thế giới,"Hôm qua (giờ địa phương), các phái đoàn của lực lượng Hamas, Israel và Mỹ bước vào cuộc đàm phán gián tiếp ở Ai Cập để bàn về tương lai của Dải Gaza, theo AFP. Trước khi bước vào cuộc đàm phán do Ai Cập chủ trì, cả Hamas lẫn Israel đều phản hồi tích cực về kế hoạch hòa bình của Tổng thống Mỹ Donald Trump."
"Chiến sự Ukraine ngày 1.321: Ukraine ồ ạt trả đũa, lo tên lửa Patriot thiếu hiệu quả",2025-10-07 04:35:00,Quân sự,"Ukraine ồ ạt tập kích tại nhiều mục tiêu tại Nga, sau khi đối phó hơn 50 tên lửa và gần 500 máy bay không người lái của đối phương vào một ngày trước đó."
Hàng trăm du học sinh quốc tế 'mắc kẹt' tại Mỹ kiện chính quyền ông Trump,2025-10-06 21:08:00,Thế giới,"Nhiều du học sinh nước ngoài kiện chính quyền Mỹ vì bị thu hồi thị thực khiến họ như bị mắc kẹt, vì họ vẫn được phép học tại nước này."
Nobel Y sinh 2025 gọi tên khám phá về khả năng dung nạp miễn dịch ngoại biên,2025-10-06 16:48:00,Thế giới,"Ba nhà khoa học Mary E. Brunkow (Mỹ), Fred Ramsdell (Mỹ) và Shimon Sakaguchi (Nhật Bản) được vinh danh Giải Nobel Y sinh 2025 nhờ những phát hiện liên quan khả năng dung nạp miễn dịch ngoại biên, giúp ngăn chặn hệ miễn dịch làm hại cơ thể."
Thủ tướng Pháp từ chức sau chưa đầy một tháng,2025-10-06 15:11:00,Thế giới,"Bloomberg ngày 6.10 đưa tin ông Sebastien Lecornu, người vừa được bổ nhiệm làm Thủ tướng Pháp chưa đầy một tháng, đã từ chức sau khi danh sách nội các bị chỉ trích."
Giới khoa học bác bỏ nghiên cứu 'vắc xin Covid-19 làm tăng nguy cơ ung thư',2025-10-06 11:36:00,Thế giới,"Các chuyên gia cho biết, nghiên cứu dựa trên dữ liệu trước đây từ Hàn Quốc không chứng minh được điều gì về mối liên hệ giữa vắc xin Covid-19 và ung thư."
"Lũ quét, lở đất cuốn trôi nhiều ngôi làng ở Nepal, ít nhất 44 người chết",2025-10-06 10:28:00,Thế giới,"Lở đất nhiều nơi kèm theo lũ lụt trên diện rộng và sét đánh do mưa lớn ở Nepal đã khiến ít nhất 44 người chết hôm 5.10, thêm nhiều người tung tích chưa rõ."
"Bão tuyết bất thường, gần 1.000 người mắc kẹt trên núi 
Everest",2025-10-06 10:18:00,Thế giới,"Bão tuyết bất ngờ xuất hiện vào đầu tháng 10 trên núi Everest khiến gần 1.000 người bị mắc kẹt, dẫn đến một chiến dịch cứu hộ lớn."
"Úc và Papua New Guinea chính thức thành đồng minh, bảo vệ nhau nếu bị tấn công",2025-10-06 10:02:00,Thế giới,"Úc và Papua New Guinea đã chính thức ký hiệp ước phòng thủ chung, quy định sẽ bảo vệ lẫn nhau nếu bị tấn công."
Ông Kim Jong-un thăm tàu khu trục Choe Hyon,2025-10-06 10:01:00,Quân sự,"Nhà lãnh đạo Kim Jong-un của CHDCND Triều Tiên đã thăm tàu khu trục Choe Hyon trong khuôn khổ cuộc triển lãm quân sự diễn ra ngày 5.10, theo Hãng thông tấn KCNA hôm nay 6.10."
"Tàu hải quân bị chìm, New Zealand còn phải bồi thường cho Samoa",2025-10-06 08:33:00,Thế giới,"New Zealand sẽ bồi thường 3,6 triệu USD cho Samoa sau vụ tàu hải quân New Zealand bị chìm ngoài khơi Samoa hồi năm 2024, gây ảnh hưởng môi trường và sinh kế của người dân địa phương."
Tổng thống Trump điều Vệ binh Quốc gia California đến Oregon,2025-10-06 08:32:00,Thế giới,Chính quyền Tổng thống Mỹ Donald Trump đã điều động Vệ binh Quốc gia bang California đến thành phố Portland (bang Oregon) và lãnh đạo các bang tuyên bố sẽ khởi kiện.
Syria lần đầu bầu cử sau khi chính quyền al-Assad sụp đổ,2025-10-06 07:06:00,Thế giới,"Syria ngày 5.10 đã tổ chức kỳ bầu cử quốc hội đầu tiên, kể từ sau khi chính quyền cựu Tổng thống Bashar al-Assad sụp đổ hồi cuối năm ngoái."
Ông Trump thông báo Mỹ tấn công thêm một 'tàu ma túy' ngoài khơi Venezuela,2025-10-06 06:52:00,Thế giới,Tổng thống Donald Trump cho biết quân đội Mỹ đã tấn công một tàu nữa mà họ cho là chở ma túy ngoài khơi Venezuela và có thể tấn công hoạt động buôn ma túy trên đất liền.
"Nổ súng hàng loạt trên đường phố đông đúc của Sydney, 20 người bị thương",2025-10-06 06:48:00,Thế giới,"Cảnh sát Úc đã bắt giữ một nghi phạm nổ súng vô tội vạ trên đường phố đông đúc của thành phố Sydney, khiến 20 người bị thương, theo AFP hôm nay 6.10."
Kinh tế thế giới gặp khó vì chính phủ Mỹ đóng cửa,2025-10-06 05:44:00,Kinh tế,Việc chính phủ Mỹ đóng cửa do hai đảng Cộng hòa và Dân chủ chưa thể thống nhất về kế hoạch ngân sách đang gây ra ảnh hưởng kinh tế không chỉ đối với nước này mà còn với thế giới.
Chờ đợi thỏa thuận hòa bình ở Gaza,2025-10-06 05:00:00,Thế giới,"Các phái đoàn Israel và Hamas sẽ tiến hành những cuộc đàm phán gián tiếp trong ngày 5 - 6.10 tại Cairo (Ai Cập), với mục tiêu đạt được thỏa thuận trao đổi con tin và tù nhân, mở đường cho thỏa thuận ngừng bắn tại Dải Gaza."
Chiến sự Ukraine ngày 1.320: Hỏa lực Nga giáng xuống loạt thành phố ở Ukraine,2025-10-06 04:45:00,Quân sự,Tổng thống Ukraine Volodymyr Zelensky ngày 5.10 nói Nga đã tập kích quy mô lớn nhằm vào các cơ sở sản xuất vũ khí và cơ sở hạ tầng năng lượng của Ukraine trong đêm.
Ông Putin: Viện trợ tên lửa Tomahawk cho Ukraine sẽ 'phá hủy' quan hệ Nga - Mỹ,2025-10-05 20:34:00,Thế giới,"Tổng thống Nga Vladimir Putin cảnh báo nếu Mỹ cung cấp tên lửa hành trình Tomahawk cho Ukraine để tấn công tầm xa vào sâu trong lãnh thổ Nga, thì điều này đồng nghĩa với việc 'phá hủy' quan hệ giữa Moscow và Washington."
Giáo hoàng Leo XIV kêu gọi giúp đỡ người nhập cư sau khi chỉ trích ông Trump,2025-10-05 20:25:00,Thế giới,"Giáo hoàng Leo XIV đã kêu gọi 1,4 tỉ người Công giáo trên thế giới quan tâm đến những người nhập cư, đồng thời đưa ra thông điệp chào đón người di cư, chỉ vài ngày sau khi chỉ trích chính sách chống nhập cư cứng rắn của Tổng thống Mỹ Donald Trump."
Mở cửa lăng mộ pharaoh ở Thung lũng các vị vua sau 20 năm,2025-10-05 16:38:00,Thế giới,"Giới chức Ai Cập ngày 4.10 đã mở cửa tham quan mộ của pharaoh Amenhotep III ở thành phố Luxor, sau hơn 20 năm trùng tu."
Hành khách say xỉn tấn công tình dục nhân viên hàng không,2025-10-05 16:34:00,Thế giới,"Một nữ hành khách say xỉn bị bắt sau khi nhiều lần từ chối đứng dậy nhường lối đi cho hành khách ngồi cùng hàng và còn tấn công một nhân viên hàng không tại Sân bay quốc tế thành phố Salt Lake (bang Utah, Mỹ)."
"Bão Matmo đổ bộ Trung Quốc, hàng trăm ngàn người sơ tán",2025-10-05 15:13:00,Thế giới,"Bão Matmo đã đổ bộ vào miền nam Trung Quốc giữa kỳ nghỉ lễ, khiến nhiều hoạt động bị hủy và hàng trăm ngàn người sơ tán."
Ông Kim Jong-un tuyên bố chuẩn bị có thêm biện pháp quân sự mới,2025-10-05 08:37:00,Thế giới,"Phát biểu tại một cuộc triển lãm quốc phòng, nhà lãnh đạo CHDCND Triều Tiên Kim Jong-un cho biết nước này sẽ phát triển thêm các biện pháp quân sự mới đối phó việc Mỹ tăng cường lực lượng quân sự ở Hàn Quốc."
"CH Czech sắp có thủ tướng mới, nguồn viện trợ Ukraine khả năng u ám",2025-10-05 08:25:00,Thế giới,"Đảng cánh hữu ANO của cựu Thủ tướng CH Czech Andrej Babis đã giành chiến thắng trong cuộc bầu cử quốc hội ngày 4.10, đặt ra viễn cảnh u ám cho sự viện trợ dành cho Ukraine."
Bang Illinois nói ông Trump gửi ‘tối hậu thư’ điều Vệ binh Quốc gia,2025-10-05 08:01:00,Thế giới,Thống đốc bang Illinois JB Pritzker cho biết chính quyền Tổng thống Mỹ Donald Trump dự định điều 300 Vệ binh Quốc gia ở tiểu bang.
"Lý giải hiện tượng siêu trăng tuần sau, người Việt có thể quan sát khi nào?",2025-10-05 07:09:00,Thế giới,"Nếu thời tiết thuận lợi, mọi người từ khắp nơi trên thế giới có thể chứng kiến siêu trăng vào đầu tuần sau, khi mặt trăng trông to và sáng hơn thông thường."
Lithuania đóng cửa sân bay ở thủ đô vì khinh khí cầu,2025-10-05 07:03:00,Thế giới,Lithuania đã tạm dừng hoạt động hàng không tại sân bay ở thủ đô Vilnius do khả năng có khinh khí cầu bay vào không phận của nước này.
Thách thức cho nữ thủ tướng đầu tiên của Nhật Bản,2025-10-05 05:30:00,Thế giới,"Hôm qua, bà Sanae Takaichi (64 tuổi) đã được bầu chọn làm chủ tịch đảng Dân chủ tự do (LDP) của Nhật Bản để tiến tới thay ông Shigeru Ishiba làm thủ tướng nước này."
"Bị ông Trump gây sức ép, Hamas 'xuống nước'",2025-10-05 05:15:00,Thế giới,Tình hình thực địa ở Gaza tiếp tục phức tạp dù Tổng thống Mỹ Donald Trump kêu gọi Israel ngừng đánh bom lãnh thổ này sau khi nhận phản hồi tích cực từ lực lượng Hamas.
Chiến sự Ukraine ngày 1.319: Ukraine tố UAV Nga tấn công xe lửa,2025-10-05 05:07:00,Quân sự,Tổng thống Ukraine Volodymyr Zelensky tố cáo máy bay không người lái (UAV) của Nga đã bắn trúng một xe lửa cách biên giới khoảng 70 km.
Mức phí thị thực H-1B mới của Mỹ bị kiện,2025-10-05 05:00:00,Thế giới,"Một liên minh đại diện cho các nhân viên y tế, giáo sư đại học và các nhóm tôn giáo ngày 3.10 nộp đơn kiện lên tòa án liên bang ở TP.San Francisco (bang California, Mỹ)"
Liên Hiệp Quốc yêu cầu Nicaragua giải trình vụ 120 người mất tích,2025-10-05 04:33:00,Thế giới,"Nhóm công tác của Liên Hiệp Quốc (LHQ) về các vụ mất tích cưỡng bức ngày 3.10 kêu gọi chính quyền Nicaragua của Tổng thống Daniel Ortega ""làm rõ số phận và nơi ở"" của hơn 120 người được cho là mất tích kể từ cuộc đàn áp chống biểu tình năm 2018."
Họp ủy ban biên giới Campuchia - Thái Lan có thể bị hoãn,2025-10-04 21:15:00,Thế giới,"Hôm nay (4.10), báo The Nation đưa tin cuộc họp ủy ban biên giới Campuchia - Thái Lan có thể bị hoãn đến giữa tháng 10 do phía Campuchia vẫn chưa phản hồi đề xuất rút quân và rà phá bom mìn của Thái Lan."
Trung Quốc đã triển khai hệ thống phòng thủ như Vòm Vàng tương lai của Mỹ?,2025-10-04 18:04:00,Quân sự,"Trung Quốc đã triển khai một nguyên mẫu hoạt động của hệ thống phòng thủ toàn cầu tương tự như hệ thống Vòm Vàng tương lai của Mỹ, theo South China Morning Post."
"Bão Matmo mạnh lên, một thành phố ở Trung Quốc ngừng hầu hết hoạt động",2025-10-04 16:43:00,Thế giới,Các tỉnh miền nam Trung Quốc đã tăng cấp độ cảnh báo và dự kiến cho dừng nhiều chuyến bay khi bão Matmo ngày càng tiến gần.
Bắt 7 nghi phạm vụ cướp 'kinh hoàng' tại cửa hàng trang sức Kim Hưng ở Mỹ,2025-10-04 16:01:00,Thế giới,Giới chức thành phố San Jose thuộc bang California (Mỹ) ngày 3.10 thông báo cảnh sát đã bắt giữ 7 người bị cho là có liên quan vụ cướp táo tợn giữa ban ngày tại cửa hàng trang sức Kim Hưng ngày 5.9.
Siêu tàu sân bay Mỹ trở lại Địa Trung Hải,2025-10-04 13:36:00,Thế giới,Chuyên trang USNI News ngày 3.10 dẫn một số nguồn tin hé lộ vị trí hiện nay của siêu tàu sân bay Mỹ USS Gerald R. Ford.
"Bà Takaichi Sanae đắc cử lãnh đạo LDP, Nhật Bản sắp có nữ thủ tướng đầu tiên",2025-10-04 13:32:00,Thế giới,"Đài NHK đưa tin bà Takaichi Sanae đã vượt qua 4 ứng cử viên khác để trở thành lãnh đạo đảng Dân chủ Tự do (LDP) cầm quyền, qua đó nhiều khả năng sẽ trở thành tân thủ tướng."
Hình Tổng thống Trump sẽ lên đồng xu 1 USD,2025-10-04 10:52:00,Thế giới,"Thiết kế do Bộ Tài chính Mỹ công bố cho thấy hình ảnh đồng xu với một mặt là chân dung nhìn nghiêng của Tổng thống Donald Trump, và mặt còn lại khắc họa ông giơ cao nắm đấm trước quốc kỳ Mỹ."
"Chiến hạm Nga bị tố chĩa vũ khí vào tàu Đan Mạch, Mỹ lên tiếng",2025-10-04 10:32:00,Thế giới,"Cơ quan tình báo quốc phòng Đan Mạch cáo buộc các tàu chiến Nga đã nhiều lần di chuyển theo hướng va chạm, chĩa vũ khí vào các tàu hải quân Đan Mạch và làm gián đoạn hệ thống dẫn đường tại eo biển Đan Mạch."
Cháy nổ 'như bom nguyên tử' tại nhà máy lọc dầu Mỹ,2025-10-04 10:30:00,Thế giới,Lính cứu hỏa đã dập tắt hoàn toàn đám cháy tại nhà máy lọc dầu của Chevron ở bang California (Mỹ) sau vụ nổ 'như bom nguyên tử' vào tối 2.10.
Nắm chặt ‘chìa khóa’ đúng để mở cửa du học Canada,2025-10-04 09:18:00,Thế giới,"Trả lời phỏng vấn riêng của Báo Thanh Niên, Lãnh sự Holly Jacobs, Trưởng Bộ phận Di trú tại Tổng lãnh sự quán Canada TP.HCM, khẳng định Việt Nam tiếp tục là thị trường chiến lược đối với giáo dục Canada."
Một liên minh nỗ lực ngăn ông Trump áp phí 100.000 USD đối với thị thực H-1B,2025-10-04 09:11:00,Thế giới,"Một liên minh gồm công đoàn, người sử dụng lao động và một số nhóm tôn giáo đã đệ đơn kiện nhằm ngăn chặn Tổng thống Mỹ Donald Trump áp dụng mức phí 100.000 USD đối với thị thực H-1B mới."
"Dự luật ngân sách bị bác lần 4, chính phủ Mỹ đóng cửa đến tuần sau",2025-10-04 08:31:00,Thế giới,Chính phủ Mỹ sẽ tiếp tục bị đóng cửa ít nhất cho đến hết tuần này do quốc hội chưa đồng ý thông qua dự luật ngân sách chi tiêu.
"Ấn Độ tuyên bố bắn hạ 5 chiến đấu cơ F-16, JF-17 trong giao tranh với Pakistan",2025-10-04 07:54:00,Thế giới,Tư lệnh Không quân Ấn Độ Amar Preet Singh ngày 3.10 tuyên bố Ấn Độ đã bắn hạ 5 chiến đấu cơ F-16 và JF-17 của Pakistan trong cuộc giao tranh ác liệt giữa hai nước hồi tháng 5.
Lãnh án 8 năm tù vì mưu sát thẩm phán tối cao Mỹ,2025-10-04 07:54:00,Thế giới,Đối tượng Sophie Roske mưu sát thẩm phán tối cao Mỹ Brett Kavanaugh đã lãnh bản án hơn 8 năm tù trong phiên tòa ngày 3.10.
Mỹ tập kích thêm một tàu nghi chở ma túy gần Venezuela,2025-10-04 07:53:00,Thế giới,Bộ trưởng Chiến tranh Mỹ Pete Hegseth cho biết nước này đã tập kích vào một tàu nghi chở ma túy bất hợp pháp ngoài khơi bờ biển Venezuela.
Ông Trump yêu cầu Israel ngừng bắn sau khi Hamas đồng ý thả con tin,2025-10-04 07:52:00,Thế giới,"Tổng thống Mỹ Donald Trump ngày 4.10 yêu cầu Israel phải 'ngay lập tức' chấm dứt chiến dịch quân sự ở Dải Gaza để mở đường cho các cuộc đàm phán, sau khi Hamas bày tỏ thiện chí."
Trung Quốc xây dựng trung tâm dữ liệu trong lòng biển,2025-10-04 06:28:00,Thế giới,"Vì các trung tâm dữ liệu không chỉ tiêu tốn năng lượng mà còn cần biện pháp giải nhiệt rất lớn do hơi nóng tỏa ra, nên một công ty Trung Quốc dự định đưa một nhóm máy chủ xuống vùng biển ngoài khơi Thượng Hải (Trung Quốc) để giải quyết bài toán năng lượng chung cho máy tính."
Nước Nhật trước cơ hội tạo bước ngoặt lịch sử,2025-10-04 06:00:00,Thế giới,"Dự kiến hôm nay (4.10), đảng Dân chủ Tự do (LDP) của Nhật Bản sẽ bầu chọn lãnh đạo mới của đảng này, đồng thời giữ chức Thủ tướng của xứ sở mặt trời mọc."
Mỹ 'lên nòng' đối phó băng nhóm ma túy,2025-10-04 05:45:00,Thế giới,"Tổng thống Mỹ Donald Trump tuyên bố đất nước bước vào cuộc xung đột vũ trang với các băng nhóm ma túy, báo hiệu những động thái leo thang của Washington ở khu vực Caribbean."
"Ông Putin đáp trả ông Trump, NATO",2025-10-04 05:14:00,Thế giới,"Phát biểu tại diễn đàn các chuyên gia Nga có tên Câu lạc bộ Đối thoại Valdai ở TP.Sochi (Nga) rạng sáng qua, Tổng thống Nga Vladimir Putin cảnh báo việc Mỹ chuyển giao tên lửa Tomahawk cho Ukraine sẽ đánh dấu một giai đoạn leo thang hoàn toàn mới, trong đó tính cả quan hệ Nga - Mỹ, theo Reuters."
Biểu tình phản đối Israel chặn tàu viện trợ Gaza,2025-10-04 05:00:00,Thế giới,"Reuters ngày 3.10 đưa tin Israel đối diện làn sóng chỉ trích và biểu tình phản đối tại nhiều nước, sau khi quân đội nước này chặn hầu hết trong số khoảng 40 tàu chở hàng viện trợ cho Dải Gaza và bắt giữ hơn 450 nhà hoạt động nước ngoài."
Chiến sự Ukraine ngày 1.318: Nga lợi dụng sương mù; vũ khí Mỹ sẽ đến chậm?,2025-10-04 04:34:00,Quân sự,Phía Ukraine nói Nga ngày 3.10 đã thực hiện vụ tấn công lớn nhất vào hạ tầng khí đốt trong xung đột. Hai bên cùng ngày cũng tuyên bố đánh chặn hàng trăm UAV đối thủ.
Cảnh sát Anh bắn nhầm nạn nhân khi ngăn vụ tấn công khủng bố,2025-10-03 21:32:00,Thế giới,"Cơ quan chức năng Anh ngày 3.10 cho hay trong lúc ngăn chặn kẻ tấn công giáo đường Do Thái ở thành phố Manchester, cảnh sát đã bắn nhầm và khiến một nạn nhân thiệt mạng."
"Nước Anh hứng bão Amy, nhiều khu vực cảnh báo nguy hiểm đến tính mạng",2025-10-03 19:53:00,Thế giới,"Dự kiến mọi khu vực trên nước Anh sẽ chịu ảnh hưởng của bão Amy vào ngày mai (4.10), dự báo có gió giật lên đến 152 km/giờ."
Kẻ bắn chết cựu chính trị gia đối lập Campuchia bị Thái Lan tuyên tù chung thân,2025-10-03 15:47:00,Thế giới,Một tay súng người Thái Lan đã bị kết án tù chung thân hôm nay 3.10 vì tội sát hại cựu chính trị gia đối lập Campuchia Lim Kimya tại thủ đô Bangkok hồi tháng 1.
Phát hiện hành tinh lang thang lớn nhanh như 'Thánh Gióng',2025-10-03 15:42:00,Chuyện lạ,"Các nhà thiên văn học vừa phát hiện một hành tinh lang thang có hành vi bất thường khi tăng trưởng ở mức độ kỷ lục, chưa từng được ghi nhận ở bất kỳ hành tinh nào thuộc dạng này trước đó."
"Pháp bắt tàu nghi liên quan Nga, Tổng thống Putin phản ứng gắt",2025-10-03 11:38:00,Thế giới,"Tổng thống Nga Vladimir Putin ngày 2.10 đã lên tiếng về vụ Pháp bắt giữ một tàu chở dầu nghi có liên quan Nga, đồng thời cam kết sẽ có phản ứng 'đáng kể' đối với những gì ông gọi là các mối đe dọa từ châu Âu."
Lý do Tổng thống Iran đề xuất dời đô khỏi Tehran,2025-10-03 11:27:00,Thế giới,Tổng thống Iran Masoud Pezeshkian cho rằng tình trạng nguồn cung nước sụt giảm nghiêm trọng tại thủ đô Tehran buộc đất nước không còn cách nào khác ngoài việc dời đô.
Phát hiện một thứ gì đó khổng lồ chuyển động gần lõi trái đất,2025-10-03 10:44:00,Chuyện lạ,Một đội ngũ các nhà địa vật lý học thông báo tìm ra bằng chứng cho thấy đã có một thứ gì đó khổng lồ chuyển động thật sâu trong lòng trái đất.
Mỹ bỏ tù người phụ nữ định dìm chết bé gái Hồi giáo 3 tuổi,2025-10-03 10:37:00,Thế giới,"Người phụ nữ 43 tuổi lãnh án 5 năm tù giam, sau khi tìm cách dìm chết một bé gái người Mỹ gốc Palestine theo đạo Hồi tại một hồ bơi chung cư."
Triển vọng thay đổi cục diện về đất hiếm,2025-10-03 09:40:00,Góc nhìn,"Tuy mới là dự định và các cuộc thương thảo mới chỉ bắt đầu, nhưng chủ ý của Trung Quốc và Malaysia về hợp tác tinh chế đất hiếm ở Malaysia đã đủ để khiến thế giới phải lưu tâm."
"Sân bay Munich gián đoạn vì drone, hàng ngàn hành khách bị ảnh hưởng",2025-10-03 09:10:00,Thế giới,"Rạng sáng nay (3.10), giới chức sân bay Munich (Đức) thông báo sự xuất hiện của các thiết bị bay không người lái (drone) vào khuya 2.10 đã buộc phía kiểm soát không lưu ngừng hoạt động, gây ảnh hưởng cho hàng ngàn hành khách."
Trung Quốc bác bỏ chuyện gửi vũ khí cho Campuchia lúc giao tranh với Thái Lan,2025-10-03 08:44:00,Thế giới,Trung Quốc lên tiếng sau khi truyền thông đưa tin Trung Quốc có thể đã chuyển giao vũ khí do nước này sản xuất cho Campuchia sử dụng trong căng thẳng biên giới với Thái Lan.
Trung Quốc vạch '4 lằn ranh đỏ' cho tân Tổng lãnh sự Mỹ tại Hồng Kông,2025-10-03 08:35:00,Thế giới,Bộ Ngoại giao Mỹ ngày 3.10 đã có phản ứng về việc một nhà ngoại giao cấp cao Trung Quốc tại Hồng Kông nêu 4 'lằn ranh đỏ' đối với Tổng lãnh sự Mỹ mới được bổ nhiệm ở Hồng Kông.
"Ông Putin cảnh báo nếu Mỹ gửi Tomahawk cho Ukraine, nêu trường hợp Nga thử hạt nhân",2025-10-03 07:11:00,Thế giới,"Tổng thống Nga Vladimir Putin ngày 2.10 đã có phản ứng về việc Mỹ đang cân nhắc cung cấp tên lửa Tomahawk cho Ukraine, đồng thời nêu trường hợp Nga sẽ tiến hành cuộc thử hạt nhân mới."
Ông Trump tuyên bố 'xung đột vũ trang' với các băng nhóm ma túy,2025-10-03 06:47:00,Thế giới,"Tổng thống Mỹ Donald Trump xác định các băng nhóm ma túy là 'lực lượng vũ trang phi nhà nước', liệt vào danh sách tổ chức khủng bố với hành động cấu thành một cuộc tấn công vũ trang nhằm vào Mỹ."
Trục vớt kho báu từ xác tàu ngoài khơi Florida,2025-10-03 06:43:00,Chuyện lạ,Đài NBC News dẫn thông tin từ một công ty trục vớt kho báu cho biết hơn 1.000 đồng bạc và vàng đã được lấy khỏi một xác tàu từ thế kỷ 18 đang ở ngoài khơi bang Florida của Mỹ.
Giải mã chiếc ô an ninh Mỹ dành cho Qatar,2025-10-03 06:00:00,Thế giới,Tổng thống Mỹ Donald Trump đã có nước đi bất ngờ khi ban hành sắc lệnh bảo vệ Qatar trong trường hợp nước đồng minh Trung Đông này bị tấn công.
Washington những ngày chính phủ đóng cửa,2025-10-03 05:25:00,Thế giới,Hàng trăm ngàn nhân viên liên bang Mỹ đang bị cho nghỉ không lương trong khi lưỡng đảng nhất quyết không nhượng bộ để khôi phục ngân sách chính phủ.
"Chiến sự Ukraine 1.317: Nga tiến về miền trung Ukraine, đe dọa đường tiếp tế của Kyiv",2025-10-03 05:00:00,Quân sự,"Quân đội Nga được cho là đang tiến nhanh tại tỉnh Dnipropetrovsk, trong khi các nước phương Tây đang bàn tính gia tăng sức ép nhiều mặt lên Moscow."
Phương Tây bàn chuyện giúp sức Ukraine,2025-10-03 04:43:00,Thế giới,"Reuters ngày 2.10 dẫn lời các quan chức Mỹ cho hay nước này sẽ cung cấp thông tin tình báo về các mục tiêu hạ tầng năng lượng trên lãnh thổ Nga, trong lúc cân nhắc gửi tên lửa để Ukraine tấn công."
Hai máy bay chở khách va chạm tại sân bay ở New York,2025-10-02 21:03:00,Thế giới,Hai chiếc máy bay chở khách của hãng hàng không Delta đã va chạm với nhau khi đang lăn bánh tại sân bay ở New York (Mỹ) tối 1.10.
"Tấn công chết người ngay giáo đường Do Thái tại Anh, chính phủ họp khẩn",2025-10-02 19:08:00,Thế giới,"Một vụ tấn công nghiêm trọng đã xảy ra gần giáo đường Do Thái ở Anh ngay trong ngày lễ quan trọng nhất của người Do Thái, làm 2 người thiệt mạng."
59 người mất tích 'không còn dấu hiệu sống' trong vụ sập trường tại Indonesia,2025-10-02 17:50:00,Thế giới,"Đội cứu hộ tuyên bố không còn dấu hiệu sống nào tại hiện trường vụ sập trường ở tỉnh Đông Java, nơi ước tính còn 59 người mất tích."
Pháp lục soát tàu chở dầu nghi liên quan 'hạm đội bóng tối' của Nga,2025-10-02 10:49:00,Thế giới,"Truyền thông đưa tin binh sĩ Pháp đã lên và kiểm tra tàu chở dầu Boracay, con tàu bị nghi thuộc 'hạm đội bóng tối' tham gia vận chuyển dầu mỏ của Nga."
Phát hiện vật thể liên sao bí ẩn đang lao nhanh trong hệ mặt trời,2025-10-02 10:38:00,Chuyện lạ,"Vật thể liên sao bí ẩn được hình thành trong một hệ sao khác và trôi dạt vào hệ mặt trời, kèm theo những hiện tượng khác hẳn so với những sao chổi trong hệ mặt trời từng được biết đến."
Rộ tin Mỹ sẽ hỗ trợ tình báo để Ukraine tấn công hạ tầng năng lượng Nga,2025-10-02 09:49:00,Quân sự,Tờ The Wall Street Journal loan tin Mỹ sẽ cung cấp thông tin tình báo cho Ukraine tấn công tầm xa bằng tên lửa vào cơ sở hạ tầng năng lượng trong lãnh thổ Nga.
Ông Trump tiết lộ 'át chủ bài đàm phán' với ông Tập,2025-10-02 09:40:00,Thế giới,Tổng thống Mỹ Donald Trump cho biết rằng đậu nành sẽ là chủ đề thảo luận chính khi ông gặp Chủ tịch nước Trung Quốc Tập Cận Bình vào 4 tuần tới.
"Israel chặn thuyền chở hàng viện trợ Gaza, bắt nhà hoạt động nổi tiếng",2025-10-02 09:16:00,Thế giới,"Quân đội Israel ngày 1.10 đã tiếp cận những con thuyền chở hàng viện trợ đến Dải Gaza và bắt giữ các thành viên trên thuyền, trong đó có nhà hoạt động môi trường nổi tiếng Greta Thunberg."
Nghiên cứu mới chỉ ra nguyên nhân phụ nữ sống lâu hơn đàn ông,2025-10-02 08:54:00,Thế giới,Nghiên cứu được tiến hành bởi các chuyên gia tại Viện Nhân chủng học Tiến hóa Max Planck (Đức) cho thấy nguyên nhân sống thọ hơn của phụ nữ nằm ở việc sở hữu 2 nhiễm sắc thể X.
Tỉ phú Elon Musk trở thành người đầu tiên sở hữu 500 tỉ USD,2025-10-02 08:52:00,Thế giới,"Tỉ phú Elon Musk, CEO của hãng xe điện Tesla - đã trở thành người đầu tiên trên thế giới đạt giá trị tài sản ròng gần 500 tỉ USD."
Mỹ tuyên bố bảo đảm an ninh cho Qatar sau đòn tập kích của Israel,2025-10-02 07:29:00,Thế giới,Mỹ sẽ coi bất kỳ cuộc tấn công vũ trang nào vào lãnh thổ Qatar là mối đe dọa đối với Washington và sẽ cung cấp cho quốc gia Ả Rập vùng Vịnh này các bảo đảm an ninh trong tương lai.
Ông Trump 'chỉ đùa' khi đăng hình ảnh AI của nghị sĩ Dân chủ,2025-10-02 07:29:00,Thế giới,Phó tổng thống Mỹ JD Vance lên tiếng sau khi đảng Dân chủ phản ứng việc một nghị sĩ hàng đầu của đảng này bị Tổng thống Donald Trump đăng hình ảnh chỉnh sửa bằng trí tuệ nhân tạo (AI).
Tòa Tối cao Mỹ chưa cho ông Trump sa thải Thống đốc Fed,2025-10-02 07:28:00,Thế giới,"Tòa án Tối cao Mỹ ngày 1.10 phán Thống đốc Cục Dự trữ Liên bang (Fed) Lisa Cook tiếp tục giữ chức vụ, sau khi chính quyền Tổng thống Mỹ Donald Trump tìm cách sa thải bà."
"Quốc hội bế tắc, chính phủ Mỹ đóng cửa",2025-10-02 05:41:00,Thế giới,"Những mâu thuẫn về chính sách y tế đã khiến cho quốc hội Mỹ không thể thông qua ngân sách kịp thời, dẫn đến chính phủ đóng cửa lần đầu tiên trong 6 năm."
Châu Âu gấp rút tăng năng lực UAV,2025-10-02 05:30:00,Thế giới,Ngoại trưởng Romania Oana Toiu ngày 30.9 xác nhận nước này có kế hoạch hợp tác với Ukraine để sản xuất máy bay không người lái (UAV) nhằm bảo vệ không phận NATO.
Hamas trước tối hậu thư của Tổng thống Trump,2025-10-02 05:15:00,Thế giới,"Tổng thống Mỹ Donald Trump ngày 29.9 gửi tối hậu thư cho Hamas, theo đó lực lượng này chỉ còn vài ngày để chấp nhận kế hoạch hòa bình do ông khởi xướng nhằm chấm dứt cuộc xung đột ở Gaza, theo AFP."
Thảm kịch động đất ở Philippines,2025-10-02 05:00:00,Thế giới,"Giới chức Philippines ngày 1.10 thông báo có ít nhất 69 người thiệt mạng và gần 200 người bị thương trong trận động đất mạnh 6,9 độ Richter ở miền trung Philippines vào tối 30.9."
"Chiến sự Ukraine ngày 1.316: Ukraine tấn công 4 tỉnh, Nga giảm tốc độ tiến quân?",2025-10-02 04:28:00,Quân sự,Tỉnh trưởng Vyacheslav Gladkov của tỉnh Belgorod thuộc Nga cáo buộc Ukraine đã tấn công các khu định cư trong tỉnh bằng hơn 110 UAV và bắn gần 20 quả đạn trong 24 giờ trước đó.
Sĩ quan cảnh sát Campuchia bị bắt vì nhận hối lộ từ một người Thái Lan,2025-10-01 19:46:00,Thế giới,"Trung tá Vorn Veasna, cựu Phó cảnh sát trưởng huyện Bavel ở Campuchia, đã nhận hối lộ 774.000 USD từ một người Thái Lan bị cáo buộc đứng sau đường dây lừa đảo trực tuyến, theo Đơn vị Chống tham nhũng của Campuchia."
"Mạng internet sập trên toàn Afghanistan, Taliban nói do đứt cáp",2025-10-01 16:57:00,Thế giới,"Chính quyền Taliban đã chính thức bác bỏ thông tin đã ra lệnh cấm internet tại Afghanistan, cho biết mạng bị sập do sự cố đứt cáp."
"Ông Trump tuyên bố đã điều tàu ngầm hạt nhân đến gần Nga, Moscow nói gì?",2025-10-01 16:51:00,Quân sự,"Phát biểu tại căn cứ của thủy quân lục chiến Quantico (bang Virginia, Mỹ) ngày 30.9, Tổng thống Mỹ Donald Trump cho hay ông đã triển khai một tàu ngầm hạt nhân gần Nga sau khi bị phía Moscow 'đe dọa một chút' gần đây."
Giải mã bài toán đối phó UAV quân sự ngày càng tinh vi,2025-10-01 14:00:00,Quân sự,"Khi máy bay không người lái (UAV) ngày càng đóng vai trò quan trọng trong những cuộc xung đột vũ trang hiện nay, các bên tham chiến cũng đã tìm ra những biện pháp đối phó loại vũ khí này."
Nepal có nữ thần 2 tuổi,2025-10-01 12:32:00,Chuyện lạ,"Một bé gái 2 tuổi ở Nepal vừa chính thức trở thành Kumari, 'nữ thần đồng trinh' là biểu tượng linh thiêng được tôn thờ bởi cả cộng đồng Hindu và Phật giáo tại quốc gia Nam Á."
Số người thiệt mạng đang tăng nhanh sau động đất ở Philippines,2025-10-01 11:22:00,Thế giới,"Số người thiệt mạng do trận động đất 6,9 độ Richter tại miền trung Philippines gần 70 người, trong lúc các bệnh viện trên đảo Cebu rơi vào tình trạng quá tải khi số người bị thương tăng cao."
Đài Loan không đồng ý sản xuất 50% chip tại Mỹ,2025-10-01 10:47:00,Thế giới,Phó viện trưởng Hành chính viện Đài Loan Trịnh Lệ Quân hôm nay 1.10 tuyên bố Đài Loan 'sẽ không đồng ý' sản xuất 50% chất bán dẫn của mình tại Mỹ.
"Đại sứ Nam Phi tại Pháp bất ngờ qua đời ở Paris, để lại thư tuyệt mệnh",2025-10-01 09:55:00,Thế giới,Đại sứ Nam Phi tại Pháp Nathi Mthethwa được phát hiện đã qua đời và để lại một bức thư tuyệt mệnh cho vợ mình tại khách sạn Hyatt Regency ở Paris.
"Ấn Độ tương kế, tựu kế trước Trung Quốc",2025-10-01 09:35:00,Góc nhìn,"Ở vùng Tây Tạng có con sông mà Trung Quốc gọi là sông Yalung Zangbo và Ấn Độ gọi là Brahmaputra. Sau một thời gian quan ngại sâu sắc về việc Trung Quốc xây dựng siêu đập thủy điện ở vùng thượng lưu, Ấn Độ đang chuẩn bị xây dựng một mạng lưới các đập thủy điện ở vùng hạ lưu con sông này và ở các nhánh dòng chảy của con sông."
Giá vàng miếng SJC tự do rao mức không tưởng 170 triệu đồng/lượng,2025-10-16 16:26:00,Ngân hàng,"Chiều 16.10, trên các diễn đàn mua bán vàng tự do, nhiều thành viên rao bán vàng miếng SJC với mức giá lên 170 triệu đồng/lượng, còn vàng nhẫn 4 số 9 đẩy lên 162 triệu đồng/lượng."
"Tôm Indonesia nhiễm phóng xạ, tôm Việt có cơ hội bứt phá?",2025-10-16 16:21:00,Kinh tế,"Sản phẩm tôm Indonesia bị FDA (Mỹ) phát hiện nhiễm phóng xạ vào tháng 8 vừa qua, khiến lượng hàng xuất khẩu vào Mỹ giảm đến 19% so với cùng kỳ năm 2024.  Thị trường Mỹ đang cần nguồn cung bổ sung từ các nước khác, đặc biệt là Việt Nam."
Rút ngắn thời gian chào bán cổ phiếu lần đầu ra công chúng,2025-10-16 15:59:00,Chứng khoán,"Nhiều quy định mới về chào bán cổ phiếu, phát hành ra công chúng đã được thay đổi."
VPBankS chào bán cổ phiếu ra công chúng với giá 33.900 đồng/cổ phiếu,2025-10-16 15:51:00,Chứng khoán,Công ty CP Chứng khoán VPBank (VPBankS) công bố chào bán cổ phiếu ra công chúng với mức giá 33.900 đồng/cổ phiếu và số lượng là 375 triệu đơn vị.
Chuỗi cà phê Three O'Clock ký hợp đồng nhượng quyền sang Indonesia,2025-10-16 15:50:00,Kinh tế,"Công ty Teatime ký hợp đồng nhượng quyền độc quyền thương hiệu Three O'Clock tại thủ đô Jakarta, Indonesia."
"Dữ liệu là 'trái tim' của chuyển đổi số, là 'bộ não' của kỷ nguyên vươn mình",2025-10-16 15:49:00,Kinh tế,"Đó là nhấn mạnh của thiếu tướng Nguyễn Ngọc Cương, Giám đốc Trung tâm Dữ liệu quốc gia (Bộ Công an), Phó chủ tịch Hiệp hội Dữ liệu Quốc gia tại lễ công bố mạng lưới chuyên gia dữ liệu toàn cầu."
Có 68% hộ dân nông thôn được sử dụng nước sạch đạt quy chuẩn,2025-10-16 15:46:00,Kinh tế,"Hiện nay, có khoảng 68% hộ dân nông thôn được sử dụng nước sạch đạt quy chuẩn. Mục tiêu đến năm 2030, tỷ lệ này sẽ nâng lên 80% và đạt 100% vào năm 2045."
Tin vui cho người dân TP.HCM: Nhà ở riêng lẻ sẽ được miễn giấy phép xây dựng,2025-10-16 15:44:00,Địa ốc,"Văn phòng UBND TP.HCM vừa có thông báo kết luận của Phó chủ tịch UBND TP.HCM Bùi Xuân Cường chỉ đạo Sở Xây dựng nghiên cứu đơn giản hóa thủ tục cấp giấy phép xây dựng, miễn giấy phép xây dựng nhà ở riêng lẻ trên địa bàn thành phố."
Khánh Hòa đấu giá đất làm dự án nhà máy điện mặt trời 1.700 tỉ đồng,2025-10-16 13:57:00,Địa ốc,"UBND tỉnh Khánh Hòa vừa trình HĐND tỉnh xem xét, phê duyệt danh mục khu đất tổ chức đấu thầu lựa chọn nhà đầu tư thực hiện dự án Nhà máy điện mặt trời Long Sơn giai đoạn 2, với tổng vốn đầu tư dự kiến 1.700 tỉ đồng."
"Xe điện bùng nổ, có thể chiếm 86% doanh số toàn cầu vào năm 2030",2025-10-16 13:56:00,Kinh tế,"Khởi đầu khá chậm chạp khi phải mất khoảng 6 năm để nâng thị phần toàn cầu từ 1 - 10%, song, xe điện đã có cuộc bứt phá ngoạn mục trong thời gian rất ngắn và ước tính chỉ cần thêm 6 năm nữa sẽ chạm mốc tỷ lệ 80%."
Người đưa mận trắng thành món mứt 'trứ danh' miền Tây,2025-10-16 10:46:00,Làm giàu,"Nghiên cứu chế biến mận trắng thành món mứt thơm ngon, bà Huỳnh Thị Ngọc Hạnh (50 tuổi, ngụ xã Mỹ Tú, TP.Cần Thơ - trước đây là xã Mỹ Thuận, H.Mỹ Tú, Sóc Trăng) góp phần nâng giá trị tăng loại trái cây này lên gấp hàng chục lần."
"Giá vàng nhẫn tăng lên 153 triệu đồng/lượng, vượt vàng miếng SJC",2025-10-16 10:44:00,Ngân hàng,"Giá vàng nhẫn Công ty Bảo Tín Minh Châu tăng lên 153 triệu đồng/lượng, vượt giá vàng miếng SJC ở mức 149,1 triệu đồng/lượng."
VPBank Private Lounge - không gian giao dịch đẳng cấp của giới triệu đô,2025-10-16 10:29:00,Kinh tế,"Chính thức khai trương ngày 10.10, VPBank Private Lounge - không gian giao dịch sang trọng tại trung tâm TP.HCM - được xem như viên ngọc xanh hội tụ sự tinh tế, đẳng cấp và nghệ thuật. Lấy cảm hứng từ dòng chảy thịnh vượng và tinh thần cá nhân hóa, VPBank Private Lounge mở ra trải nghiệm ngân hàng hoàn toàn mới - nơi nghệ thuật, tài chính và phong cách sống giao hòa dành riêng cho giới thượng lưu."
Đưa nông sản Việt lên bản đồ số,2025-10-16 10:00:00,Kinh tế,"Nông sản Việt Nam ở khắp 34 tỉnh, thành phố được giới thiệu trên nền tảng ‘bản đồ nông sản số’, là công cụ giúp người tiêu dùng, doanh nghiệp dễ dàng tra cứu thông tin sản phẩm của từng địa phương, kết nối sản xuất với tiêu dùng."
Đà Nẵng sẵn sàng trả đến 150 triệu đồng/tháng để thu hút nhân lực chất lượng cao,2025-10-16 09:51:00,Kinh tế,"Theo chính sách thu hút nhân lực chất lượng cao của TP.Đà Nẵng, mức lương đối với chuyên gia, nhà quản lý, nhà quản trị doanh nghiệp, nhà khoa học đầu ngành được hưởng từ 50-150 triệu đồng/tháng."
Giá USD hôm nay 16.10.2025: Đồng loạt giảm cả trong nước và thế giới,2025-10-16 08:46:00,Ngân hàng,Giá USD trong và ngoài nước đồng loạt giảm. Đồng bạc xanh trên thị trường tự do giảm nhẹ nhưng vẫn đang cao hơn giá trong ngân hàng 830 đồng/USD.
Giá vàng hôm nay 16.10.2025: Lập kỷ lục mới hướng đến 149 triệu đồng,2025-10-16 08:45:00,Ngân hàng,Giá vàng trong nước tiếp tục lập kỷ lục mới khi tiến gần mức 149 triệu đồng mỗi lượng.
Ra mắt hãng hàng không Sun PhuQuoc Airways: Giá vé ra sao?,2025-10-16 07:09:00,Kinh tế,"Tối 15.10, Sun PhuQuoc Airways đã chính thức ra mắt. Đây là hãng hàng không thứ 7 của Việt Nam và là hãng bay đầu tiên hướng đến mở đầu mô hình 'hàng không nghỉ dưỡng'."
Áp dụng cứng nhắc bảng giá đất mới sẽ 'làm khó' doanh nghiệp,2025-10-16 07:08:00,Kinh tế,"Các chuyên gia cho rằng, bảng giá đất mới theo luật Đất đai 2024 đã bộc lộ nhiều bất cập. Việc sửa đổi luật Đất đai là cấp thiết, bởi nếu tiếp tục áp dụng cứng nhắc bảng giá đất mới sẽ làm khó doanh nghiệp và khiến nhiều dự án ách tắc."
Đẩy nhanh 'thắp sáng' điện mặt trời trong khu công nghiệp,2025-10-16 06:31:00,Chính sách - Phát triển,"Nhiều tín hiệu cho thấy, đầu tư điện tái tạo trong khu công nghiệp tiếp tục được tháo gỡ vướng mắc trong bối cảnh nhu cầu điện xanh của các doanh nghiệp trong khu chế xuất - khu công nghiệp, khu công nghệ cao rất lớn. Đây cũng là cơ hội để các khu công nghiệp thu hút đầu tư…"
Xây dựng môi trường mạng văn minh,2025-10-16 06:31:00,Chính sách - Phát triển,"Trong kỷ nguyên số, con người đôi khi sống trên không gian mạng còn nhiều hơn ngoài đời thực. Tuy nhiên, bên cạnh những lợi ích to lớn, không gian mạng đang trở thành mảnh đất màu mỡ cho tin giả (fake news) và hành vi bôi nhọ thiếu kiểm tra. Những ""rác thải số"" này không chỉ gây hoang mang dư luận mà còn ảnh hưởng nghiêm trọng đến sự phát triển lành mạnh của cộng đồng doanh nghiệp."
Kiến nghị vẫn linh hoạt bay châu Á giai đoạn đầu khai thác Long Thành,2025-10-16 06:24:00,Chính sách - Phát triển,"Tổng công ty Hàng không Việt Nam (VNA) vừa gửi văn bản tới Bộ Xây dựng, Cục Hàng không cùng Tổng công ty Cảng hàng không Việt Nam (ACV) kiến nghị phương án khai thác của các hãng hàng không tại sân bay Long Thành và Tân Sơn Nhất."
Tiền số: Cơ hội và rủi ro,2025-10-16 04:00:00,Kinh tế,Vụ án tiền số AntEx vừa bị Công an TP.Hà Nội công bố quyết định khởi tố một lần nữa cho thấy rủi ro trên thị trường này rất lớn nếu nhà đầu tư không tỉnh táo.
Gạo Việt 'giải mã' thị trường Philippines,2025-10-16 04:00:00,Kinh tế,"Tại TP.HCM, gạo bán lẻ giảm giá mạnh nhất là ST25. Trong khi đó, hoạt động xuất khẩu vẫn chậm do thị trường lớn nhất Philippines đang tạm ngưng nhập. Philippines liệu có kéo dài lệnh cấm nhập khẩu gạo như các tuyên bố gần đây là câu hỏi mà ngành gạo trong nước đang giải mã."
"Giá điện 2 thành phần: Ai lợi, ai thiệt?",2025-10-16 04:00:00,Kinh tế,"Nếu áp dụng giá bán điện 2 thành phần, nhóm khách hàng sử dụng điện có công suất ổn định, dùng nhiều trong giờ thấp điểm sẽ có lợi thế. Ngược lại, nhóm sử dụng không ổn định, làm thời vụ, hộ dân cư… có thể phải trả tiền điện cao hơn hiện nay."
Lập Hội đồng thẩm định dự án metro nối Cần Giờ của VinSpeed,2025-10-15 21:52:00,Chính sách - Phát triển,UBND TP.HCM vừa ban hành Quyết định về việc thành lập Hội đồng thẩm định hồ sơ đề nghị chấp thuận chủ trương đầu tư đồng thời chấp thuận nhà đầu tư dự án metro nối trung tâm thành phố đến Cần Giờ do Công ty CP Đầu tư và Phát triển đường sắt cao tốc Vinspeed đề xuất.
Vingroup ra mắt 'Cộng đồng hưu trí' đẳng cấp quốc tế đầu tiên tại Việt Nam,2025-10-15 19:17:00,Kinh tế,"Tập đoàn Vingroup vừa công bố ra mắt Vin New Horizon - chuỗi dịch vụ và đô thị hưu trí, dưỡng lão cao cấp theo tiêu chuẩn quốc tế đầu tiên tại Việt Nam. Đặc biệt, Cần Giờ (TP.HCM) sẽ là khu đô thị đầu tiên có sự hiện diện của Vin New Horizon."
"Đào tạo 25.000 - 35.000 kỹ sư, chuyên gia năng lượng hạt nhân, tái tạo...",2025-10-15 19:13:00,Chính sách - Phát triển,"Chính phủ vừa ban hành Nghị quyết 328 về Chương trình hành động của Chính phủ thực hiện Nghị quyết số 70 của Bộ Chính trị về bảo đảm an ninh năng lượng quốc gia đến năm 2030, tầm nhìn đến năm 2045."
Đà Nẵng 'siết' chống rửa tiền trong lĩnh vực bất động sản,2025-10-15 19:11:00,Kinh tế,"Sở Xây dựng Đà Nẵng vừa có công văn yêu cầu các ngân hàng, chi nhánh ngân hàng, chủ đầu tư... có trách nhiệm báo cáo Ngân hàng Nhà nước các giao dịch đáng ngờ nhằm chống rửa tiền trong lĩnh vực bất động sản."
Vietlott hỗ trợ 3 tỉnh miền Bắc sau bão số 11,2025-10-15 19:11:00,Kinh tế,"Ngày 14.10.2025, Công ty Xổ số điện toán Việt Nam (Vietlott) cùng Quỹ Tâm Tài Việt đã trao 2,3 tỉ đồng hỗ trợ 3 tỉnh Thái Nguyên, Bắc Ninh và Cao Bằng khắc phục hậu quả do bão số 11 gây ra."
Giai đoạn đầu sàn vàng chỉ áp dụng với vàng nguyên liệu nhập khẩu,2025-10-15 16:35:00,Kinh tế,Thí điểm sàn giao dịch vàng tại Việt Nam sẽ được triển khai theo 3 giai đoạn. Giai đoạn đầu chỉ thực hiện giao dịch vàng nguyên liệu nhập khẩu.
'Nút thắt' rừng cản tiến độ hai dự án cao tốc ở Lâm Đồng,2025-10-15 16:25:00,Chính sách - Phát triển,Hai dự án cao tốc Tân Phú - Bảo Lộc và Bảo Lộc - Liên Khương đến nay vẫn chưa hoàn tất thủ tục chuyển đổi mục đích sử dụng rừng và đất rừng để triển khai thi công; tỉnh Lâm Đồng đang khẩn trương chỉ đạo đẩy nhanh tiến độ thực hiện.
"Cao tốc Trung Lương - Mỹ Thuận tăng phí 8 - 15%, xe qua lại tốn bao nhiêu?",2025-10-15 16:21:00,Kinh tế,Lãnh đạo Sở Xây dựng tỉnh Đồng Tháp vừa lý giải về việc mức phí sử dụng đường bộ cao tốc Trung Lương - Mỹ Thuận tăng từ 8 - 15%.
Doanh nghiệp khoáng sản kiến nghị gỡ rào cản thuế để thúc đẩy chế biến sâu,2025-10-15 15:43:00,Kinh tế,"Ngày 15.10, tại hội thảo ‘Chính sách tài chính cho ngành công nghiệp khoáng sản’, nhiều doanh nghiệp ngành khoáng sản kiến nghị tháo gỡ rào cản thuế để thúc đẩy đầu tư chế biến sâu."
Ùn ùn xếp hàng xem triển lãm dệt may quốc tế tại TP.HCM,2025-10-15 15:22:00,Kinh tế,"Triển lãm quốc tế về máy móc công nghiệp ngành dệt may Việt Nam (VTG 2025) được công nhận là một trong những triển lãm thương mại thường niên có quy mô lớn tại Việt Nam đã khai mạc sáng nay 15.10 tại Trung tâm Hội chợ và Triển lãm Sài Gòn (SECC), TP.HCM."
"Đột phá hạ tầng, Cà Mau khẳng định vị thế cực tăng trưởng",2025-10-15 15:17:00,Kinh tế,"Cà Mau đang bước vào giai đoạn bứt phá mạnh mẽ khi hàng loạt dự án hạ tầng giao thông, cảng biển, sân bay và khu công nghiệp trọng điểm được khởi động."
Kỷ nguyên tiến ra biển: Mở 'kho báu đại dương',2025-10-15 13:43:00,Kinh tế,"Sau cuộc sáp nhập lịch sử ""vẽ lại giang sơn"", Việt Nam có đến 21/34 tỉnh thành ven biển. Cũng gần như ngay lập tức, hàng loạt siêu dự án lấn biển lớn được khởi động, đưa đất nước tiến vào kỷ nguyên mới với động lực tăng trưởng mới: ""Kho báu đại dương""."
Siêu ứng dụng quốc gia trong kỷ nguyên số,2025-10-15 13:43:00,Chính sách - Phát triển,"Tích hợp hàng chục tiện ích, giải quyết nhiều thủ tục hành chính chỉ trong một ứng dụng trên điện thoại thông minh, VNeID đang từng bước trở thành siêu ứng dụng mang lại tiện ích cho người dân."
Giá USD hôm nay 15.10.2025: Đô tự do tăng cao,2025-10-15 09:14:00,Ngân hàng,Giá USD trong các ngân hàng thương mại đứng yên nhưng thị trường tự do duy trì đà tăng.
Giá vàng hôm nay 15.10.2025: Tăng mạnh qua mức 147 triệu đồng/lượng,2025-10-15 09:12:00,Ngân hàng,"Giá vàng trong nước tăng mạnh hơn 1 triệu đồng mỗi lượng, lên mức cao kỷ lục 147,3 triệu đồng. Các đơn vị kinh doanh vàng khá thận trọng khi đưa ra giá đầu ngày trong bối cảnh kim loại quý thế giới biến động mạnh, xác lập đỉnh mới ở 4.186 USD/ounce."
Vì sao khách hàng nên chọn mua nhà tại Van Phuc City,2025-10-15 08:00:00,Kinh tế,"Từ tầm nhìn chiến lược và nỗ lực bền bỉ, Khu đô thị Vạn Phúc (Van Phuc City) đã trở thành một đại đô thị hiện hữu, sầm uất và hoàn chỉnh tại TP.HCM. Nơi đây không chỉ tạo nên chốn an cư đẳng cấp, mà còn khẳng định vị thế khác biệt. Mọi tiêu chuẩn sống từ quy mô, cảnh quan đến tiện ích, đều được đầu tư chỉn chu, mang đến trải nghiệm sống trọn vẹn mỗi ngày..."
The Pearl: Mỗi ngôi nhà trở thành ‘di sản’,2025-10-15 08:00:00,Kinh tế,"Năm tháng chảy trôi, bốn mùa đơm hoa kết trái, dòng sông Vàm Cỏ Đông hàng trăm năm qua đã đắp bồi vùng đất Nam bộ. Nép mình bên dòng chảy huyền thoại ấy, chắt lọc những tinh túy ngọt lành, The Pearl được kiến tác từ chính thiên nhiên nguyên bản, để trở thành kiệt tác ""di sản độc bản"" ghi dấu ấn với thời gian."
7 hãng bay Việt Nam đang cạnh tranh với gần 70 hãng hàng không quốc tế,2025-10-15 06:49:00,Kinh tế,"Theo Phó tổng giám đốc Vietnam Airlines, Việt Nam là một trong những thị trường hàng không phát triển vượt bậc. Song 7 hãng hàng không trong nước (tính cả Sun Air) đang phải cạnh tranh với gần 70 hãng bay quốc tế tại thị trường Việt Nam."
Bứt lên phía trước bằng nông nghiệp xanh,2025-10-15 06:49:00,Chính sách - Phát triển,"Không chỉ dẫn đầu về số lượng và chất lượng, nhiều nông sản của Việt Nam tiếp tục bứt lên phía trước bằng các sản phẩm bền vững với môi trường, phát thải thấp."
Những khu công nghiệp sinh thái độc đáo trên thế giới,2025-10-15 06:49:00,Chính sách - Phát triển,"Khu công nghiệp đầu tiên trên thế giới được cho là ra đời ở Manchester (Anh) vào khoảng năm 1896. Gần 130 năm trôi qua, mô hình khu công nghiệp trên toàn cầu đã thay đổi, trải một bước tiến dài đến hoàn toàn xanh, sạch."
Vingroup triển khai đồng loạt dự án NƠXH trên cả nước,2025-10-15 06:04:00,Kinh tế,"Vingroup vừa công bố triển khai các dự án nhà ở xã hội (NƠXH) tại 7 tỉnh, thành phố trên toàn quốc."
"Giá vàng lên đỉnh, thị trường không có nguồn",2025-10-15 06:03:00,Kinh tế,"Bước qua ngày thứ 5 xóa bỏ độc quyền sản xuất vàng miếng, độc quyền nhập khẩu vàng nguyên liệu, thị trường trong nước vẫn đang khan hàng. Giá vàng trong nước tăng lên mức đắt đỏ nhất trong lịch sử."
"Quét quảng cáo 'nổ', thị trường thực phẩm chức năng trầm lắng",2025-10-15 06:02:00,Kinh tế,"Thông tin Võ Thị Ngọc Ngân (thường gọi là DJ Ngân 98) bị khởi tố, bắt tạm giam khiến cộng đồng mạng xôn xao. Sau đợt truy quét hồi giữa năm, thị trường thực phẩm chức năng một lần nữa bị siết đầu vào để dần đi vào khuôn phép."
Có gì đặc biệt trong Hội chợ Mùa Thu sắp diễn ra ở Hà Nội?,2025-10-14 19:37:00,Kinh tế,"Hội chợ Mùa Thu 2025 sắp diễn ra tại Trung tâm Triển lãm Việt Nam (VEC) sẽ là sự kiện xúc thương mại mang quy mô và tầm cỡ chưa từng có, với 3.000 gian hàng của 2.500 doanh nghiệp trong nước tham gia."
Việt Nam là thị trường trọng điểm của Korean Air,2025-10-14 19:28:00,Kinh tế,"Đại diện hãng hàng không lớn hàng đầu Hàn Quốc khẳng định, Việt Nam là thị trường tăng trưởng trọng điểm của Korean Air."
Hộ kinh doanh doanh thu trên 3 tỉ có nên lên doanh nghiệp?,2025-10-14 17:43:00,Kinh tế,"Nhiều chuyên gia cho rằng, khi xóa thuế khoán, hộ kinh doanh có doanh thu trên 3 tỉ đồng nên chuyển đổi lên doanh nghiệp để được hưởng nhiều chính sách ưu đãi."
"Chậm siết tiêu chuẩn nhiên liệu, ô nhiễm không khí sẽ gia tăng",2025-10-14 16:03:00,Kinh tế,"Nếu chậm áp dụng mức tiêu thụ nhiên liệu theo đề xuất của Bộ Xây dựng, ô nhiễm môi trường nghiêm trọng sẽ tiếp tục xâm chiếm."
Giá vàng rung lắc ở mức đỉnh,2025-10-14 15:02:00,Ngân hàng,"Chiều 14.10, giá vàng miếng liên tục thay đổi, biến động khôn lường."
Vietnam Airlines thông báo khẩn về sự cố lộ thông tin khách hàng,2025-10-14 11:50:00,Chính sách - Phát triển,"Tổng công ty Hàng không Việt Nam (Vietnam Airlines) vừa gửi email đến khách hàng, thông báo về sự cố bảo mật."
Doanh nghiệp Việt ngày càng có vị thế trên bản đồ công nghệ toàn cầu,2025-10-14 11:31:00,Kinh tế,"Nhiều doanh nghiệp công nghệ Việt không ngừng đổi mới, phát triển những sản phẩm và giải pháp mang dấu ấn trí tuệ Việt hoàn toàn có thể vươn ra thế giới và cạnh tranh sòng phẳng với các tên tuổi quốc tế."
Việt Nam sẽ đạt được khát vọng vươn mình của dân tộc,2025-10-14 11:26:00,Chính sách - Phát triển,"Chỉ còn chưa đầy 2 tháng nữa, Việt Nam chính thức bước vào kỷ nguyên mới, kỷ nguyên thực hiện khát vọng vươn mình của dân tộc."
"Đến năm 2030, TP.HCM cần 974.000 căn nhà ở xã hội",2025-10-14 10:53:00,Địa ốc,"Đến năm 2030, TP.HCM sau sáp nhập cần tới 974.000 căn nhà ở xã hội. Để xây dựng được số nhà trên, TP.HCM đang rà soát các nguồn lực để thực hiện."
"CapitaLand tài trợ hơn 2,5 tỉ đồng trong chiến dịch 'Bước chân gắn kết yêu thương' mùa 3",2025-10-14 10:49:00,Kinh tế,"Ngày 13.10, CapitaLand Development (CLD) vừa kết thúc thành công chiến dịch 'Bước chân gắn kết yêu thương' mùa 3 tại Việt Nam, ghi nhận 440 triệu bước chân thông qua chiến dịch trực tuyến và sự kiện đi bộ ngoài trời."
Tăng sức cạnh tranh cho hàng hóa Việt,2025-10-14 10:48:00,Chính sách - Phát triển,"Logistics được coi là ""xương sống"" hỗ trợ mọi hoạt động kinh tế. Tuy nhiên, chi phí logistics tại Việt Nam vẫn đang ở mức cao, ảnh hưởng không nhỏ đến sức cạnh tranh của hàng Việt."
Doanh nghiệp Việt chi tiền tỉ tuyển người giỏi,2025-10-14 10:48:00,Kinh tế,"Các doanh nghiệp tư nhân sẵn sàng chi mạnh tay để mời người giỏi về điều hành, không hề thua kém công ty nước ngoài. Thu nhập của các sếp doanh nghiệp nhà nước cũng đang tăng nhanh, đặc biệt là trong bối cảnh Việt Nam tiến hành tinh gọn bộ máy hiện nay."
40 doanh nghiệp tìm cơ hội đưa hàng Việt vào hệ thống bán lẻ Casino của Pháp,2025-10-14 10:44:00,Kinh tế,"Thông tin từ Paris (Pháp), Bộ Công thương và Tập đoàn Central Retail Việt Nam phối hợp với nhà bán lẻ lớn của Pháp - Tập đoàn Casino - tổ chức chương trình kết nối giao thương doanh nghiệp Việt - Pháp với sự tham gia của 40 doanh nghiệp Việt ngay trong ngày 13.10."
CEO FPT: Hãy triển khai AI một cách có trách nhiệm và nhân văn,2025-10-14 10:41:00,Kinh tế,"Trong phần chia sẻ tại sự kiện Leaders Forum 2025 diễn ra ngày 24.9 vừa qua, Tổng giám đốc FPT Nguyễn Văn Khoa nhấn mạnh: 'AI chỉ thực sự có giá trị khi được triển khai bằng trách nhiệm và nhân văn', kêu gọi các CEO tiếp cận AI theo hướng nâng tầm con người chứ không phải thay thế."
Amway Việt Nam vào top 5 doanh nghiệp tiêu biểu ASEAN,2025-10-14 10:05:00,Kinh tế,"Amway Việt Nam vừa vinh dự được xướng tên tại Diễn đàn Kinh tế ASEAN lần thứ 6, ở hạng mục Top 5 Doanh nghiệp tiêu biểu ASEAN. Giải thưởng là sự công nhận cho những đóng góp thiết thực cho cộng đồng và chiến lược phát triển bền vững của Amway Việt Nam, củng cố vị thế hàng đầu của thương hiệu tại thị trường khu vực."
"Đón mùa lễ hội cuối năm, Vietjet tăng chuyến bay đến Melbourne, Sydney",2025-10-14 09:45:00,Kinh tế,"Đón mùa du lịch và lễ hội cuối năm, Vietjet tăng chuyến trên các đường bay tới loạt thành phố lớn nhất Australia, mang tới thêm cơ hội bay cho người dân và du khách với nhiều chương trình khuyến mãi hấp dẫn."
Kiến nghị gỡ vướng cách tính tiền sử dụng đất cho doanh nghiệp,2025-10-14 09:41:00,Kinh tế,"Hiệp hội Bất động sản TP.HCM (HoREA) kiến nghị, việc tính tiền sử dụng đất, tiền thuê đất được xác định tại thời điểm ký hợp đồng BT."
"Giá vàng hôm nay 14.10.2025: Tăng vọt 2,8 triệu đồng/lượng",2025-10-14 09:01:00,Ngân hàng,"Giá vàng miếng SJC tăng mạnh 2,3 - 2,8 triệu đồng mỗi lượng, lên mức cao kỷ lục 146,4 triệu đồng."
Giá USD hôm nay 14.10.2025: Ngân hàng tăng mạnh chiều mua,2025-10-14 09:01:00,Ngân hàng,Giá USD trong các ngân hàng thương mại tăng mạnh ở chiều mua vào.
The Gió Riverside ra mắt 35 căn shop khối đế thương mại,2025-10-14 09:00:00,Kinh tế,"Các sản phẩm căn hộ thương mại tại khối đế dự án The Gió Riverside được nhà đầu tư quan tâm, phù hợp kinh doanh, cho thuê tạo dòng tiền hoặc đầu tư tích lũy trong trung - dài hạn."
Bình Điền - Hành trình hơn nửa thế kỷ ‘phụng sự nông dân’,2025-10-14 08:29:00,Kinh tế,"Hơn 50 năm 'phụng sự nông dân', Công ty CP Phân bón Bình Điền không chỉ là thương hiệu uy tín mà còn gắn bó bền bỉ với nông dân và là đơn vị tiên phong trong việc 'xanh hóa - số hóa' để hướng tới nền nông nghiệp hiện đại, bền vững."
Khi doanh nghiệp chủ động thúc đẩy môi trường kinh doanh thuận lợi,2025-10-14 08:23:00,Kinh tế,"Thời điểm công bố lần đầu, Chỉ số năng lực cạnh tranh cấp tỉnh (PCI) từng gây xôn xao khi chính doanh nghiệp 'chấm điểm' cơ quan quản lý. Nhưng đằng sau sự táo bạo đó là khát vọng lớn: truyền tải mức độ hài lòng của cộng đồng doanh nghiệp về chất lượng điều hành của chính quyền địa phương, mong muốn cải thiện môi trường kinh doanh. Chính tinh thần tiên phong đó đã góp phần nâng vị thế khu vực kinh tế tư nhân Việt Nam ngay từ hai thập kỷ trước."
GC Food chọn lối đi bền vững để vươn ra toàn cầu,2025-10-14 08:21:00,Kinh tế,"Nha đam, thạch dừa từ Việt Nam đã hiện diện trên bàn ăn của người tiêu dùng Nhật, Hàn, Mỹ, châu Âu… Phía sau hành trình ấy là bước đi táo bạo của một doanh nghiệp chọn con đường xanh và bền vững để chinh phục thế giới."
"Diamond Sky - Chạm vào đỉnh cao, sở hữu thiên nhiên ‘độc tôn’",2025-10-14 08:00:00,Kinh tế,"Trong thế giới bất động sản siêu sang, khái niệm 'độc bản' thường được dùng để chỉ thiết kế, số lượng hay thương hiệu. Nhưng với Diamond Sky, định nghĩa ấy được nâng lên một tầm cao chưa từng có: sở hữu trọn vẹn 4 lớp cảnh quan - 4 lớp không gian 'có một không hai' ngay giữa lòng đô thị."
Trò chuyện với CEO khu nghỉ dưỡng cho giới siêu giàu,2025-10-14 08:00:00,Kinh tế,"'Ngoài cơ sở vật chất, dịch vụ chuẩn 5 sao, điều khách thượng lưu mong muốn nhất là sự tinh tế. Chúng tôi để ý từng cảm xúc và mong muốn của khách. Nếu họ thích một vật dụng nào đó, chúng tôi sẵn sàng chuẩn bị và gửi tặng, tất nhiên không phải những thứ gắn trên tường', CEO mô hình cho thuê trọn đảo tại Vias Resort Vân Phong Peninsula Lê Thanh Bình chia sẻ khi đón chúng tôi ở khu nghỉ dưỡng này."
Quảng Ngãi đấu thầu chọn nhà đầu tư dự án khu đô thị hơn 1.650 tỉ đồng,2025-10-14 07:59:00,Chính sách - Phát triển,"Một khu đô thị mới có quy mô gần 120 ha, tổng vốn đầu tư hơn 1.650 tỉ đồng, sẽ được triển khai tại xã Thọ Phong (Quảng Ngãi) theo hình thức đấu thầu lựa chọn nhà đầu tư."
Ngành nước TP.HCM bước vào kỷ nguyên số,2025-10-14 06:34:00,Chính sách - Phát triển,"Xây dựng hệ thống cấp nước thông minh, trở thành doanh nghiệp số mang đến những tiện ích hiện đại cho người dân TP.HCM là mục tiêu mà Tổng công ty Cấp nước Sài Gòn TNHH MTV (SAWACO) đang quyết tâm theo đuổi trong 5 năm tới."
Mở rộng chuỗi khu công nghiệp xanh - sinh thái 'made in Việt Nam',2025-10-14 06:33:00,Chính sách - Phát triển,"Hơn 10 năm trước, Khu công nghiệp chuyên sâu Phú Mỹ 3 ra đời như một minh chứng cho khát vọng xây dựng mô hình công nghiệp xanh, hiện đại, thân thiện môi trường. Thành công ấy không chỉ đem lại niềm tự hào cho Công ty CP Thanh Bình Phú Mỹ, mà còn mở ra một hướng đi mới cho Việt Nam trong việc phát triển khu công nghiệp bền vững."
Cuộc chuyển đổi lịch sử hộ kinh doanh lên doanh nghiệp,2025-10-14 06:33:00,Chính sách - Phát triển,"Trước ngưỡng cửa kỷ nguyên mới, Việt Nam đã tiến hành cuộc chuyển đổi lịch sử, đưa 2 triệu hộ kinh doanh lên doanh nghiệp."
Việt Nam: Hấp lực cho dòng vốn FDI,2025-10-14 06:32:00,Chính sách - Phát triển,"Việt Nam vẫn là điểm đến hấp dẫn cho dòng vốn đầu tư trực tiếp nước ngoài (FDI) trong bối cảnh xung đột địa chính trị và biến động kinh tế toàn cầu. Điều này càng được xác tín mạnh mẽ hơn khi nhiều ""đại bàng"" chọn Việt Nam để làm tổ, liên tục mở rộng đầu tư. Không những thế, Vốn FDI mới tăng liên tục trong thời gian qua đã chứng tỏ hiệu ứng tích cực từ những quyết sách đột phá của Việt Nam chuẩn bị bước vào kỷ nguyên tăng trưởng mới."
Mua nhà ở xã hội chưa bao giờ dễ thế này,2025-10-14 04:54:00,Kinh tế,"Thủ tục đơn giản hơn, mức thu nhập nâng lên cao hơn giúp hàng vạn người nghèo đô thị, công nhân, cán bộ công chức có thể sở hữu một căn nhà ở xã hội. Chưa bao giờ, chính sách nhà ở xã hội đột phá như hiện nay, cả đầu vào và đầu ra."
Khu Nam TP.HCM chờ loạt dự án gỡ ùn tắc,2025-10-14 04:00:00,Kinh tế,"Người dân khu Nam TP.HCM đang mong mỏi những dự án căn cơ sớm được triển khai, hoàn thành để giải quyết tình trạng ùn tắc giao thông nghiêm trọng."
Doanh nhân Sài Gòn vì sự phát triển của TP.HCM,2025-10-13 19:52:00,Kinh tế,"Tối 13.10, nhân kỷ niệm ngày Doanh nhân Việt Nam, Hội Doanh nhân Sài Gòn tổ chức trao thưởng cho nhiều doanh nhân có đóng góp cho cộng đồng và sự phát triển chung của TP.HCM."
Bản lĩnh doanh nghiệp bán lẻ Việt bước vào kỷ nguyên mới,2025-10-13 18:58:00,Kinh tế,"VN đang đặt mục tiêu tăng trưởng 2025 lên 8,3 - 8,5% để tạo đà cho giai đoạn 2026 - 2030 hướng tới tăng trưởng hai chữ số. Đây là động lực trực tiếp đối với ngành bán lẻ - vốn gắn chặt với tiêu dùng nội địa."
Shopee dẫn lối cho doanh nghiệp giày Việt vươn ra quốc tế,2025-10-13 18:42:00,Kinh tế,"Tận dụng sức mạnh của thương mại điện tử (TMĐT) và các sáng kiến toàn cầu của Shopee, thương hiệu giày Erosska đã đưa sản phẩm ‘made in Vietnam’ ra nhiều quốc gia Đông Nam Á."
My F88 mở rộng khả năng tiếp cận tài chính cho người lao động phổ thông,2025-10-13 18:39:00,Kinh tế,"Ra mắt đầu năm 2025, My F88 là kênh giao tiếp kỹ thuật số tiên phong kết nối khách hàng với đơn vị cho vay cầm cố thế hệ mới. Sau 9 tháng, đã có 218.000 khách hàng sử dụng, 280.000 hợp đồng điện tử ký kết và giải ngân 777 tỉ đồng trên My F88. Với mô hình kết hợp giữa công nghệ số và mạng lưới cửa hàng vật lý, F88 đang kiến tạo chuẩn mực mới trong lĩnh vực cho vay cầm cố."
"Acecook Việt Nam: 30 năm kiến tạo hạnh phúc, khát vọng vươn tầm thế giới",2025-10-13 18:18:00,Kinh tế,"Từ những gói mì đầu tiên ra mắt năm 1995, Acecook Việt Nam đã trở thành thương hiệu gắn bó với hàng chục triệu gia đình. Sau 30 năm phát triển, doanh nghiệp không chỉ khẳng định vị thế hàng đầu thị trường mì ăn liền trong nước, mà còn từng bước chinh phục thị trường quốc tế."
Chuyện về mạng xã hội thiện nguyện tiên phong tại Việt Nam,2025-10-13 18:15:00,Kinh tế,"Trong kỷ nguyên số, hoạt động thiện nguyện tại Việt Nam đang chứng kiến sự chuyển mình mạnh mẽ với sự ra đời của mạng xã hội thiện nguyện - Nền tảng Thiện nguyện (App Thiện nguyện). Đây là sáng kiến công nghệ kết nối những tấm lòng hảo tâm, các tổ chức xã hội và những người cần giúp đỡ, góp phần thúc đẩy tính minh bạch và hiệu quả trong hoạt động gây quỹ cộng đồng."
Brook Taylor: Việt Nam năm 2045 là một nước phát triển nhưng mang dấu ấn riêng,2025-10-13 18:08:00,Kinh tế,"Lần đầu đến Việt Nam năm vào 1995 với dự định làm việc vỏn vẹn hai tuần, ông Brook Taylor, Tổng giám đốc điều hành Tập đoàn VinaCapital, không ngờ mình đã gắn bó với đất nước gần ba thập kỷ. Ông không chỉ điều hành Tập đoàn VinaCapital, mà còn là đồng tác giả của Việt Nam - Ngôi sang đang lên của châu Á, cuốn sách hiếm hoi do người nước ngoài chấp bút về hành trình đổi thay ngoạn mục của Việt Nam. Theo ông Taylor, những thành tựu mà Việt Nam đạt được trong 30 năm qua là 'điều rất hiếm quốc gia nào trên thế giới làm được'."
Nghịch lý: dược Việt tăng trưởng cao nhưng đối mặt bẫy giá trị thấp,2025-10-13 17:58:00,Kinh tế,"Ngành dược Việt Nam đứng trước dư địa tăng trưởng lớn, nhưng để bứt phá, cần chuyển mình từ sản xuất thuốc giá trị thấp sang đầu tư công nghệ cao và tự chủ dược phẩm."
"Khách mua vàng, bán vàng từ 20 triệu đồng phải chuyển khoản",2025-10-13 17:39:00,Ngân hàng,"Nhiều doanh nghiệp thông báo thay đổi hình thức thanh toán liên quan đến việc mua vàng, bán vàng từ sau ngày 10.10."
SCC xuất khẩu mỹ phẩm sang châu Âu,2025-10-13 17:39:00,Kinh tế,"Được vinh danh là nhà sản xuất hóa mỹ phẩm hàng đầu tại Việt Nam, Công ty cổ phần Mỹ phẩm Sài Gòn (SCC) đặt mục tiêu nâng cao doanh số xuất khẩu sang thị trường nước ngoài đạt 25% tổng doanh thu trong vài năm tới."
Kiến nghị bỏ thu phí hạ tầng cảng biển tại TP.HCM như những nơi khác,2025-10-13 17:38:00,Chính sách - Phát triển,"Trong kiến nghị gửi Sở Xây dựng TP.HCM mới đây, Hiệp hội Đại lý, môi giới và dịch vụ hàng hải Việt Nam (VISABA) cho rằng, việc thu phí hạ tầng cảng biển tại TP.HCM là ""nguồn thu lớn nhưng hiệu quả giải ngân chưa tương xứng""."
Chuyên gia chống lừa đảo bị công an 'giả' hăm dọa,2025-10-13 17:10:00,Kinh tế,"Tình trạng giả danh công an để ""bắt cóc online"", lừa đảo trực tuyến đã gia tăng đến mức báo động. Ngay chính cả chuyên gia chống lừa đảo cũng bị kẻ lừa đảo tìm đến."
Nền tảng blockchain U2U Network của Việt Nam niêm yết trên sàn tài sản số Kraken Mỹ,2025-10-13 16:49:00,Kinh tế,"Ngày 13.10, U2U Network, nền tảng Blockchain Layer-1 do đội ngũ kỹ sư Việt Nam phát triển, chính thức được Kraken (sàn giao dịch tài sản số Tier-1 có trụ sở tại Mỹ) thông báo niêm yết token U2U. Theo kế hoạch, U2U sẽ bắt đầu giao dịch trên Kraken vào ngày 17.10. Đây là một trong những cột mốc đáng chú ý của công nghệ blockchain ""Make in Vietnam"", một dự án trong nước đáp ứng tiêu chuẩn niêm yết khắt khe của sàn giao dịch hàng đầu thế giới."
"Xóa bỏ độc quyền, giá vàng trong nước cao hơn thế giới 15 triệu đồng",2025-10-13 16:26:00,Ngân hàng,"Chiều 13.10, giá vàng miếng SJC tiếp tục tăng thêm 500.000 đồng mỗi lượng, vượt qua mức 144 triệu đồng/ lượng."
Chứng khoán Mirae Asset sẽ là cầu nối dòng vốn toàn cầu với Việt Nam,2025-10-13 16:11:00,Kinh tế,"Kinh tế Việt Nam đặt mục tiêu tăng trưởng 2 chữ số trong những năm tiếp theo; Trung tâm tài chính quốc tế Việt Nam ra đời; Thị trường chứng khoán được nâng hạng lên thị trường mới nổi… là những nền tảng để các công ty tài chính, chứng khoán phát triển mạnh."
"Quản lý thị trường Cần Thơ cần mạnh tay xử lý hàng giả, hàng cấm",2025-10-13 15:49:00,Kinh tế,"Lực lượng quản lý thị trường TP.Cần Thơ cần tiếp tục giữ vững tinh thần 'không vùng cấm, không chùn tay' xử lý vi phạm hàng giả, hàng cấm, hàng vi phạm sở hữu trí tuệ trên không gian mạng."
AEON mở rộng hiện diện khắp Việt Nam,2025-10-13 15:31:00,Kinh tế,"Tăng trưởng cao hơn mức trung bình chung của ngành bán lẻ trong những năm qua, AEON tiếp tục đặt mục tiêu đến năm 2030 sẽ mở rộng quy mô hoạt động kinh doanh gấp hơn 3 lần hiện nay. Dưới đây là chia sẻ của ông Tezuka Daisuke, Trưởng đại diện Tập đoàn AEON tại Việt Nam, Tổng giám đốc AEON Việt Nam xoay quanh chiến lược trong giai đoạn tới."
Từ hộ kinh doanh đến doanh nghiệp: Đón cơ hội tăng trưởng dài hạn,2025-10-13 15:00:00,Kinh tế,"Hàng triệu hộ kinh doanh đang đứng trước bước ngoặt quan trọng: chuyển đổi sang mô hình doanh nghiệp để tận dụng ưu đãi thuế, mở rộng quy mô và tiếp cận nguồn vốn thuận lợi hơn."
"Chủ tịch VNG Lê Hồng Minh: ‘Không chỉ sống sót, mà phải dẫn đầu’",2025-10-13 14:33:00,Kinh tế,"VNG tuyên bố sẽ 'reset' để bắt đầu một hành trình mới. Lần này, mục tiêu của họ không dừng ở đón sóng và 'Survivor' - sống sót, mà đã trở nên tham vọng hơn: Tạo sóng và dẫn đầu."
Đưa nguồn lực đất đai vào phát triển kinh tế đất nước,2025-10-13 14:11:00,Địa ốc,"Đất đai là nguồn lực lớn nhất, chưa kể còn là đầu vào và đầu ra của hàng chục ngành nghề khác nhau. Chính vì thế, làm thế nào để tối ưu nguồn lực đất đai phục vụ tăng trưởng kinh tế 2 con số trong kỷ nguyên mới là bài toán cần lời giải xác đáng."
Từ 'vai phụ' vươn tới những thương hiệu toàn cầu,2025-10-13 14:11:00,Chính sách - Phát triển,"Từ ""được làm những gì pháp luật cho phép"" tới trở thành ""một động lực quan trọng nhất của nền kinh tế"", doanh nghiệp tư nhân Việt Nam đã bước sang một trang mới."
Kiến nghị giữ nguyên mô hình Chi nhánh văn phòng đăng ký đất đai,2025-10-13 14:03:00,Địa ốc,"Ngày 13.10, Viện Kinh tế tài nguyên và môi trường TP.HCM đã có văn bản gửi Thường trực Ban Bí thư, Thủ tướng Chính phủ, Bộ Nông nghiệp và Môi trường kiến nghị giữ nguyên mô hình Chi nhánh văn phòng đăng ký đất đai như hiện nay."
"Costamigo: Chạm biển, vượt sóng – Đánh thức tiềm năng nghỉ dưỡng biển Lâm Đồng",2025-10-13 13:00:00,Kinh tế,"Ngày 10.10, tại xã Tân Thành, tỉnh Lâm Đồng, Eras Land, đơn vị phát triển Costamigo, đã tổ chức sự kiện ra mắt dự án, quy tụ gần 20 đối tác phân phối uy tín khu vực miền Nam."
Cùng đất nước viết tiếp những kỳ tích,2025-10-13 12:42:00,Kinh tế,"Những ngày tháng 9, Trung tâm Triển lãm Quốc gia tại Hà Nội trở thành tâm điểm với lượng khách khổng lồ tới tham quan Triển lãm thành tựu đất nước ""80 năm Hành trình Độc lập - Tự do - Hạnh phúc""."
Tăng ưu đãi cho khu công nghiệp sinh thái,2025-10-13 12:40:00,Chính sách - Phát triển,"Khu công nghiệp sinh thái được kỳ vọng dẫn dắt tăng trưởng xanh, song ưu đãi hiện chưa đủ khác biệt so với khu công nghiệp thông thường. Nhiều ý kiến đề xuất chính sách hỗ trợ phải mạnh hơn để khuyến khích nhà đầu tư theo xu hướng này."
‘Mê hoặc’ du khách bằng trải nghiệm văn hóa mang dấu ấn di sản,2025-10-13 11:57:00,Kinh tế,"InterContinental Halong Bay Resort những ngày thu tháng 9 trở thành thỏi nam châm hút giới mộ điệu và các tín đồ yêu thích du lịch hạng sang nhờ hành trình trải nghiệm di sản cùng thanh âm của sự thanh lịch ""Echoes of Elegance - Lifestyle of Art & Culinary Journey""."
HFIC- Định chế tài chính đặc thù của TP.HCM,2025-10-13 11:33:00,Kinh tế,"Việt Nam đang bước vào giai đoạn phát triển mới, hướng tới mục tiêu trở thành quốc gia có thu nhập cao vào năm 2045. Tại TP.HCM - đầu tàu kinh tế của cả nước, Công ty Đầu tư Tài chính nhà nước TP.HCM (HFIC) với mô hình định chế tài chính công đặc thù đã và đang là cánh tay nối dài ngân sách, kênh huy động và đầu tư vốn đồng hành cùng doanh nghiệp, góp phần thúc đẩy phát triển kinh tế- xã hội và góp sức cùng Thành phố trong thực hiện các nhiệm vụ chiến lược."
Cục Thuế: Không để hộ nào kinh doanh mà không kê khai thuế,2025-10-13 11:31:00,Kinh tế,"Sau khi xóa thuế khoán, ngành thuế xác định sẽ đẩy mạnh phối hợp với chính quyền địa phương rà soát chống sót hộ kinh doanh: không để hộ nào kinh doanh mà không đăng ký, không kê khai thuế."
Bà Trần Minh Hạnh - TGĐ NAB Innovation Centre Vietnam: 'Trí tuệ Việt tỏa sáng khi được tin tưởng và trao quyền!',2025-10-13 11:17:00,Kinh tế,"Từ Giải thưởng Công nghệ châu Á đến Diễn đàn quốc gia Innovate Vietnam 2025, hành trình của NAB Innovation Centre Việt Nam - dưới sự dẫn dắt của Tổng Giám đốc Trần Minh Hạnh - chính là minh chứng sống động cho tinh thần doanh nghiệp đổi mới sáng tạo. Nhân Ngày Doanh nhân Việt Nam (13.10), báo Thanh Niên đã có cuộc trò chuyện với bà Trần Minh Hạnh - Nữ Tổng Giám đốc Việt đầu tiên của NAB Innovation Centre Vietnam, với khát vọng đưa trí tuệ Việt tỏa sáng trên bản đồ công nghệ toàn cầu."
"Chi cục Hải quan Khu vực II Siết chặt chống buôn lậu, gian lận thương mại",2025-10-13 11:13:00,Kinh tế,"Nhiều giải pháp hiệu quả trong công tác chống buôn lậu, gian lận thương mại, xâm phạm quyền sở hữu trí tuệ đã được Chi cục Hải quan khu vực II triển khai thực hiện, thu được nhiều kết quả đáng ghi nhận."
Ngành điện TP.HCM tăng tốc ổn định sau sáp nhập,2025-10-13 11:09:00,Kinh tế,"Việc tiếp nhận các công ty điện lực thuộc tỉnh Bình Dương và Bà Rịa - Vũng Tàu (cũ) với hơn 14 triệu dân là một bước ngoặt lịch sử của Tổng công ty Điện lực TP.HCM (EVNHCMC). Việc này đặt lên vai ngành điện TP trách nhiệm nặng nề hơn, những yêu cầu dịch vụ ngày càng cao, chất lượng điện năng ngày càng hoàn hảo. Thách thức đó đã được EVNHCMC ""hóa giải"" thế nào?"
Lâm Thúy Ái - nữ doanh nhân cho gà nghe nhạc thiền và sáo trúc,2025-10-13 11:00:00,Kinh tế,"Ròng rã hơn 10 năm, chị Lâm Thúy Ái cùng các đối tác vất vả ngược xuôi để biến một dự án gà đẻ trứng áp dụng công nghệ hiện đại. Những quả trứng hồng Pinky đầu tiên đã được đưa ra thị trường với khát vọng nâng tầm quả trứng Việt."
Tổng công ty Điện lực miền Bắc: Tự hào chặng đường 56 năm,2025-10-13 10:55:00,Kinh tế,"Trải qua 56 năm xây dựng và trưởng thành, EVNNPC đã khẳng định vị thế nòng cốt trong hệ thống điện quốc gia, đóng góp to lớn vào sự phát triển kinh tế - xã hội của đất nước."
"TKV trao 10,7 tỉ đồng hỗ trợ 4 tỉnh khắc phục hậu quả mưa lũ bão Matmo",2025-10-13 10:41:00,Kinh tế,"Tập đoàn Công nghiệp Than - Khoáng sản Việt Nam (TKV) và các đơn vị thành viên đã trao 10,7 tỉ đồng hỗ trợ 4 tỉnh: Cao Bằng, Thái Nguyên, Lạng Sơn và Lào Cai hỗ trợ khắc phục hậu quả thiên tai trong đợt mưa lũ bão Matmo vừa qua."
Điện lực miền Nam - EVNSPC: Viết tiếp những ‘thiên anh hùng ca’,2025-10-13 10:35:00,Kinh tế,"Lịch sử 50 năm khôi phục, cải tạo, xây dựng, phát triển rực rỡ của ngành điện miền Nam cũng chính là lịch sử nửa thế kỷ thống nhất, phục hồi, phát triển, đổi mới và hội nhập của đất nước. Một chặng đường dài không ít chông gai, đáng tự hào với nhiều thành tích đạt được bằng sự nỗ lực phi thường."
Cơ hội sở hữu nhà chưa bao giờ dễ dàng đến thế,2025-10-13 10:31:00,Kinh tế,"Sở hữu căn hộ cao cấp Diamond Sky nay đã trở nên dễ dàng hơn bao giờ hết nhờ đồng hành của các 'ông lớn' ngân hàng như VietinBank, Vietcombank, BIDV. Đây chính là chìa khóa giúp nhiều khách hàng hiện thực hóa giấc mơ an cư tại khu đô thị đáng sống bậc nhất TP.HCM - Van Phuc City."
Bất động sản hưởng lợi từ hạ tầng,2025-10-13 10:28:00,Kinh tế,"Thời gian qua khi khu vực phía nam hệ thống hạ tầng cao tốc, cảng biển, sân bay... được đẩy mạnh đầu tư, cộng với việc sáp nhập Bình Dương, Bà Rịa - Vũng Tàu vào TP.HCM đã giúp thị trường bất động sản hưởng lợi lớn. Cả giao dịch và giá đều tăng mạnh."
Bất động sản hồi sinh mạnh mẽ,2025-10-13 10:22:00,Kinh tế,"Sang năm 2025, thị trường bất động sản đã có sự hồi sinh mạnh mẽ khi hàng loạt các đại dự án được khởi công, xây dựng suốt từ Bắc đến Nam. Đặc biệt, các dự án mở bán đa phần đều có thanh khoản tốt, giá tăng."
Lãnh đạo C.P. Việt nam: Chúng tôi kiên định đồng hành phát triển cùng đất nước Việt Nam,2025-10-13 10:15:00,Kinh tế,"Hơn 30 năm có mặt tại Việt Nam, Công ty C.P. Việt Nam đã phát triển mạnh mẽ và là một ""ông lớn"" thật sự trong lĩnh vực chăn nuôi, thực phẩm. Nhân ngày Doanh nhân Việt Nam, Thanh Niên đã có cuộc phỏng vấn độc quyền với ông Pawalit Ua-Amornwanit, Tổng giám đốc của Công ty cổ phần Chăn nuôi C.P. Việt Nam."
Diện mạo mới của cực tăng trưởng phát triển bậc nhất Bắc Trung bộ,2025-10-13 10:00:00,Kinh tế,"Những năm gần đây, Nghệ An đang bứt phá mạnh mẽ trên mọi phương diện, từ hạ tầng giao thông đến phát triển kinh tế, từng bước khẳng định vị thế là trung tâm tăng trưởng mới của khu vực Bắc Trung bộ."
Lotte Mart kiên định trên hành trình phát triển bền vững,2025-10-13 10:00:00,Kinh tế,"Kiên định với chiến lược phát triển bền vững, LOTTE MART là một trong những nhà bán lẻ nước ngoài hiện diện sớm tại Việt Nam. Sau gần 17 năm, nhà bán lẻ Hàn Quốc đã tạo dựng được vị thế hàng đầu trên thị trường bán lẻ và trở thành điểm đến mua sắm yêu thích của hàng triệu gia đình Việt."
"Chi cục Hải quan Khu vực II: Nhiều thách thức trong chống buôn lậu, hàng giả... qua sàn thương mại điện tử",2025-10-13 09:59:00,Kinh tế,"Công tác chống buôn lậu, gian lận thương mại, hàng giả và bảo vệ sở hữu trí tuệ là nhiệm vụ quan trọng, thường xuyên, liên tục, lâu dài. Lợi dụng cơ chế, chính sách thông thoáng, hệ thống quản lý chưa hiện đại, chưa đồng bộ… vi phạm về hàng gian, hàng giả gia tăng, khiến công tác đấu tranh của ngành hải quan rất khó khăn và phức tạp."
Cơ hội ‘săn’ kim cương nửa tỉ đồng khi gửi tiết kiệm tại Vietbank,2025-10-13 09:56:00,Kinh tế,"Ngân hàng TMCP Việt Nam Thương Tín (Vietbank) chính thức triển khai chương trình khuyến mại thường niên quy mô lớn mang tên ""Tiết kiệm vững vàng, Nhận ngàn tài lộc"" với tổng giá trị giải thưởng gần 5 tỉ đồng dành cho khách hàng cá nhân trên toàn quốc."
Đánh thức khát vọng 'sánh vai các cường quốc',2025-10-13 09:54:00,Chính sách - Phát triển,"Thông điệp ""Kỷ nguyên phát triển mới - kỷ nguyên vươn mình của dân tộc"" của Tổng Bí thư Tô Lâm đã đánh thức khát vọng ""sánh vai các cường quốc"" của Việt Nam."
Bất động sản công nghiệp hút vốn đầu tư,2025-10-13 09:53:00,Chính sách - Phát triển,"Những năm qua bất động sản công nghiệp nổi lên như một ""ngôi sao sáng"" khi liên tục hút dòng vốn cả trong nước lẫn quốc tế. Bất chấp bất động sản thăng trầm, riêng phân khúc này vẫn luôn ổn định và phát triển."
Mở kênh hút vốn ngoại để phát triển kinh tế đất nước,2025-10-13 09:53:00,Chính sách - Phát triển,"Đưa vào hoạt động Trung tâm tài chính quốc tế tại TP.HCM và TP.Đà Nẵng; triển khai thí điểm thị trường tài sản mã hóa từ ngày 9.9 là những bước đột phá để thu hút vốn trung và dài hạn, tạo nền tảng cho tăng trưởng kinh tế của Việt Nam trong kỷ nguyên mới."
Ngân hàng tiên phong hành động mạnh mẽ hỗ trợ doanh nghiệp tư nhân,2025-10-13 09:45:00,Kinh tế,"Ngay sau khi Nghị quyết 68-NQ/TW được ban hành, ACB là ngân hàng tiên phong hành động mạnh mẽ với hàng loạt giải pháp tín dụng hỗ trợ doanh nghiệp nhỏ và vừa (SMEs) không chỉ tiếp cận vốn mà còn thực hiện chuyển đổi số và phát triển bền vững."
"90 căn nhà phố bàn giao ngay, lợi nhuận liền tay",2025-10-13 09:40:00,Kinh tế,"Tại TP.HCM, 90 căn nhà phố Bcons Uni Valley chỉ từ 7,7 tỉ đồng ngay Quốc lộ 1K, cách cầu Bình Triệu 20 phút, giao nhà ngay và được các ngân hàng cho vay đến 70% giá trị."
Giá USD hôm nay 13.10.2025: Ngân hàng đồng loạt giảm,2025-10-13 09:04:00,Ngân hàng,Giá USD trong các ngân hàng tiếp tục giảm mạnh dù thế giới đi ngang sáng đầu tuần.
4 lý do chứng nhận ISO của Bảo hiểm AAA mang lại lợi ích cho khách hàng,2025-10-13 09:00:00,Kinh tế,"Trong bối cảnh ngành bảo hiểm đang cạnh tranh ngày càng khốc liệt, việc lựa chọn một doanh nghiệp có năng lực quản trị chất lượng và an toàn thông tin theo chuẩn mực quốc tế trở thành ưu tiên hàng đầu của khách hàng và doanh nghiệp."
Portcoast: Dấu ấn tiên phong trong chuyển đổi số ngành hạ tầng Việt Nam,2025-10-13 09:00:00,Kinh tế,"Trong bối cảnh cuộc cách mạng công nghiệp 4.0 đang định hình lại mọi ngành kinh tế, một công ty tư vấn Việt Nam đã nổi lên như một đơn vị tiên phong, tạo ra những dấu ấn đậm nét trong lĩnh vực chuyển đổi số hạ tầng kỹ thuật."
Giá vàng hôm nay 13.10.2025: ACB mua vàng miếng giá cao nhất thị trường,2025-10-13 08:54:00,Ngân hàng,"ACB có giá mua vàng cao hơn các công ty kinh doanh khác, nhưng chênh lệch giữa giá mua và bán vàng của nhà băng này cũng ở mức thấp với 1 triệu đồng/lượng. Giá vàng trong nước đã tăng trở lại cùng chiều với kim loại quý thế giới."
Đào tạo nhân lực và logistics xanh: Chìa khóa cạnh tranh của Việt Nam,2025-10-13 08:34:00,Kinh tế,"Trường Đại học Kühne Logistics (KLU) - ngôi trường hàng đầu thế giới về logistics và quản trị chuỗi cung ứng từ Đức đang tiếp tục hành trình thúc đẩy tư duy toàn cầu về phát triển bền vững tại VN và châu Á thông qua các chương trình đào tạo, hợp tác và trao đổi học thuật quốc tế."
VietinBank - Vươn mình cùng đất nước,2025-10-13 08:09:00,Kinh tế,"37 năm đồng hành cùng công cuộc đổi mới, VietinBank khẳng định vị thế là một trong những trụ cột tài chính quốc gia, đồng hành cùng sự nghiệp đổi mới và hội nhập quốc tế của đất nước."
Bà Mai Kiều Liên được vinh danh top 100 phụ nữ quyền lực nhất châu Á 2025,2025-10-13 08:00:00,Kinh tế,"Bà Mai Kiều Liên - Thành viên Hội đồng quản trị kiêm Tổng Giám đốc Vinamilk được Tạp chí Fortune (Mỹ) vinh danh trong danh sách 100 Phụ nữ quyền lực nhất Châu Á năm 2025 (Fortune Most Powerful Women Asia 2025). Bà là nữ doanh nhân Việt Nam duy nhất trong ngành F&B và FMCG hai năm liên tiếp được vinh danh trong danh sách này (2024, 2025).Fortune là tạp chí kinh doanh - tài chính hàng đầu của Mỹ, nổi tiếng toàn cầu với những bảng xếp hạng danh giá về doanh nghiệp và nhà lãnh đạo."
"SATRA đột phá logistics, số hóa: Định hình ‘Hub thương mại xanh - số’",2025-10-13 08:00:00,Kinh tế,"Sau sáp nhập với Bình Dương và Bà Rịa - Vũng Tàu, TP.HCM trở thành một siêu đô thị mới. Điều này vừa mở ra cơ hội, vừa đặt ra nhiều thách thức cho các doanh nghiệp thương mại như Tổng Công ty Thương mại Sài Gòn - TNHH Một Thành viên (SATRA). Trong bối cảnh đó, SATRA xác định chiến lược phát triển đột phá về logistics, cải tiến sản xuất - kinh doanh và kinh tế tuần hoàn, hướng đến một nền kinh tế xanh bền vững."
EVNGENCO3 tham gia kí kết hợp đồng gói thầu EPC dự án chuyển đổi nhiên liệu Nhà máy điện Ô Môn 1,2025-10-13 08:00:00,Kinh tế,"Mới đây, tại TP.Cần Thơ, Tổng công ty Phát điện 3 (EVNGENCO3) - CTCP đã tham gia lễ ký kết hợp đồng gói thầu số 5 (EPC 01) 'Thiết kế, cung cấp thiết bị công nghệ và thi công xây dựng công trình chuyển đổi nhiên liệu NMNĐ Ô Môn 1 sử dụng khí lô B'."
"Cá nhân kinh doanh muốn được giảm trừ gia cảnh, ngành thuế nói gì?",2025-10-13 07:23:00,Kinh tế,"Theo quy định hiện hành, không có giảm trừ gia cảnh khi tính thuế đối với hộ kinh doanh, cá nhân kinh doanh."
Chi tiết cách tính thuế với 3 nhóm hộ kinh doanh từ 2026,2025-10-13 07:22:00,Kinh tế,"Cục Thuế chính thức đề xuất mô hình quản lý thuế hộ kinh doanh theo 3 ngưỡng doanh thu: từ 200 triệu đồng trở xuống, từ trên 200 triệu đồng đến 3 tỉ đồng và từ trên 3 tỉ đồng."
Hành trình kinh tế tư nhân Việt Nam,2025-10-13 06:22:00,Chính sách - Phát triển,"Từ sau Đổi mới năm 1986 đến nay, kinh tế tư nhân Việt Nam trải qua nhiều giai đoạn, từ được thừa nhận pháp lý sang tăng tốc phát triển nhanh và hội nhập quốc tế."
Bản lĩnh doanh nhân Việt,2025-10-13 06:20:00,Kinh tế,"Thuế đối ứng của Mỹ khiến cả thế giới chao đảo và Việt Nam cũng không ngoại lệ. Thế nhưng, bằng bản lĩnh dạn dày và sự linh hoạt biến hóa, các ngành xuất khẩu tưởng chừng bị tác động nhiều nhất đã bứt phá ngay lúc căng thẳng nhất."
Những công trình chở khát vọng vươn mình của dân tộc,2025-10-13 06:19:00,Kinh tế,"Nguồn lực khổng lồ dành để ""mở đường băng"" cho Việt Nam tiến vào kỷ nguyên mới đã được triển khai trong năm 2025 với đường bộ, đường sắt, đường thủy, hàng không... khoác lên mình một định dạng mới. Định dạng thông suốt từ Bắc đến Nam, từ đồng bằng tới cao nguyên; từ quá khứ tới hiện tại và là bệ phóng cho tương lai vươn mình của dân tộc."
Chuyển mình cùng đất nước,2025-10-13 06:19:00,Kinh tế,"Đất nước chuẩn bị cho công cuộc vươn mình lịch sử, doanh nghiệp cũng chuyển mình với tinh thần cống hiến và phụng sự. Năm 2025 đã chứng kiến khối kinh tế tư nhân nói chung và Vingroup nói riêng thực sự trở thành động lực phát triển mới, góp phần đưa Việt Nam tiến vào kỷ nguyên giàu có, thịnh vượng."
Ông trùm bán lẻ - tiêu dùng tiến vào kỷ nguyên số,2025-10-13 06:18:00,Kinh tế,"Trong bối cảnh kinh tế toàn cầu cạnh tranh gay gắt, công nghệ không chỉ là xu hướng mà đã trở thành động lực trực tiếp tạo ra giá trị tài chính cho doanh nghiệp."
"Nam bộ và miền Trung còn mưa kéo dài, miền Bắc rét đậm đến sớm",2025-10-13 04:00:00,Kinh tế,"Ở Nam bộ và miền Trung mùa mưa vẫn tiếp tục kéo dài trong khi tại khu vực phía bắc, không khí lạnh hoạt động mạnh, rét đậm rét hại có khả năng xuất hiện sớm."
Xuất nhập khẩu hướng đến kỷ lục 900 tỉ USD,2025-10-13 04:00:00,Kinh tế,"Chỉ còn vài tháng nữa là năm 2025 sẽ khép lại. Trong hành trình 9 tháng qua, kim ngạch xuất nhập khẩu đã đạt 680,6 tỉ USD và dự báo cả năm 2025 sẽ đạt kỷ lục 900 tỉ USD."
Doanh nghiệp đã sẵn sàng cho kỷ nguyên vươn mình,2025-10-13 04:00:00,Kinh tế,"Một khảo sát nhanh của Báo Thanh Niên thực hiện cho thấy các doanh nghiệp phấn chấn và kỳ vọng rất lớn vào công cuộc cải cách thể chế của Đảng và Nhà nước. Hầu hết các doanh nhân khẳng định nếu chủ trương được thực thi nhanh, sẽ là cơ hội để khối kinh tế tư nhân bung nội lực, đón làn gió mới để bứt lên, đóng góp vào tăng trưởng kinh tế quốc gia."
"A&K Tower, chuẩn mực sống mới tại đông bắc TP.HCM",2025-10-13 00:00:00,Kinh tế,"Ngay khi OBC Holdings công bố dự án A&K Tower, tọa lạc tại phường An Phú TP.HCM đã gây 'bão' trên thị trường bởi chất lượng vượt trội, vị trí vàng và giá mềm so với khu vực. Dự án mở đầu cho kế hoạch phát triển chuỗi 6 dự án chiến lược trong giai đoạn 5 năm tới của doanh nghiệp."
"Miễn thuế đất, giảm tiền thuê đất cho doanh nghiệp, cá nhân ảnh hưởng bão lũ",2025-10-12 18:42:00,Kinh tế,"Người nộp thuế được miễn thuế sử dụng đất phi nông nghiệp trong trường hợp gặp khó khăn do sự kiện bất khả kháng, giá trị thiệt hại về đất và nhà trên đất trên 50% giá tính thuế."
Doanh nghiệp đầu tiên đăng ký chứng nhận khu công nghiệp sinh thái,2025-10-12 18:35:00,Kinh tế,"Công ty CP Thanh Bình Phú Mỹ đã nộp hồ sơ đăng ký chứng nhận khu công nghiệp sinh thái đối với dự án ""Đầu tư Xây dựng và Kinh doanh hạ tầng kỹ thuật Khu công nghiệp chuyên sâu Phú Mỹ 3"". Như vậy, đây sẽ là khu công nghiệp đầu tiên của cả nước thực hiện đăng ký mô hình này."
Đoàn đại biểu Đại hội Đảng bộ TP.HCM tham quan KCN chuyên sâu Phú Mỹ 3,2025-10-12 18:33:00,Kinh tế,Đoàn đại biểu Đại hội Đảng bộ TP.HCM đã tới thăm và làm việc với chủ đầu tư KCN chuyên sâu Phú Mỹ 3- KCN chuyên sâu duy nhất tại Việt Nam.
Ngân hàng trợ lực tài chính chuyển đổi hộ kinh doanh lên doanh nghiệp,2025-10-12 17:04:00,Kinh tế,"Một trong những trọng tâm của Nghị quyết 68-NQ/TW là khuyến khích hộ kinh doanh chuyển đổi lên mô hình doanh nghiệp tư nhân. Các ngân hàng cũng đã nhập cuộc trong quá trình các hộ kinh doanh thực hiện chuyển đổi mô hình lên doanh nghiệp thuận lợi, tiết kiệm chi phí và vận hành chuyên nghiệp hơn ngay từ giai đoạn đầu."
"Bộ đôi Sinh Lời VIB, giải pháp tài chính tối ưu dòng tiền đến 9,3%",2025-10-12 16:41:00,Kinh tế,"Ngân hàng Quốc Tế (VIB) chính thức ra mắt Bộ đôi Sinh lời kết hợp giữa tài khoản Siêu Lợi Suất và thẻ thanh toán Smart Card. Đây là một bộ giải pháp hàng đầu xu thế sinh lời, giúp người dùng tối ưu giá trị tiền nhàn rỗi và cả tiền chi tiêu với lợi ích cộng gộp lên đến 9,3%."
JCI phát động cuộc thi hùng biện tiếng Anh dành cho lãnh đạo trẻ,2025-10-12 15:15:00,Kinh tế,"Hàng năm, hội nghị JCI ASPAC là sự kiện thường niên trọng điểm trong khu vực, kết nối các nhà lãnh đạo trẻ, doanh nhân, chuyên gia để thảo luận các chủ đề nóng như phát triển bền vững, sáng tạo số, lãnh đạo toàn cầu và giao lưu văn hóa quốc tế."
"Hàng tỉ cổ phiếu chứng khoán Techcombank, bất động sản CRV sắp chào sàn",2025-10-12 15:09:00,Chứng khoán,"Hàng tỉ cổ phiếu của các công ty như chứng khoán Techcombank, bất động sản CRV... sắp lên sàn niêm yết."
200 đại biểu Đại hội Đảng bộ TP.HCM lần thứ I tham quan VNG,2025-10-12 14:45:00,Kinh tế,"Sáng 12.10, đoàn đại biểu Đại hội Đảng bộ TP.HCM lần thứ I (nhiệm kỳ 2025-2030) đã có chuyến tham quan và làm việc tại Công ty cổ phần Tập đoàn VNG."
Tự hào doanh nghiệp Việt,2025-10-12 14:07:00,Kinh tế,"Trên nền tảng dựng nước và giữ nước hào hùng, người Việt hôm nay hoàn toàn có thể tự hào về những thành tựu đáng kinh ngạc về khoa học, công nghệ do chính bàn tay và khối óc của chúng ta làm nên sau 80 năm đất nước giành độc lập."
Đất nước sát cánh cùng doanh nghiệp vượt sóng gió,2025-10-12 14:06:00,Chính sách - Phát triển,"Ngay sau khi Mỹ công bố chính sách thuế đối ứng, lãnh đạo Đảng, Nhà nước, Chính phủ đã sát cánh cùng cộng đồng doanh nghiệp qua từng giai đoạn cam go, từng tiến trình đàm phán để có mức thuế tốt nhất, giữ được thị trường quan trọng cho hàng Việt."
Lâm Đồng xúc tiến đầu tư: Doanh nghiệp là thước đo năng lực lãnh đạo tỉnh,2025-10-12 12:30:00,Chính sách - Phát triển,"Hội nghị xúc tiến đầu tư Lâm Đồng 2025 khẳng định, doanh nghiệp là trung tâm phát triển, nơi năng lực lãnh đạo được đo bằng chất lượng tăng trưởng và niềm tin của nhà đầu tư."
Khai trương đường bay kết nối Phú Quốc và Belarus,2025-10-12 11:59:00,Chính sách - Phát triển,Chuyến bay thẳng đầu tiên kết nối thủ đô Minsk (Belarus) với đảo ngọc Phú Quốc (Việt Nam) có 281 hành khách cùng 14 thành viên phi hành đoàn.
Sunshine Group:Giải mã khát vọng lớn trong kỷ nguyên mới từ cuộc tái cấu trúc đột phá,2025-10-12 11:51:00,Kinh tế,"Trong bối cảnh Chính phủ thúc đẩy cải cách thể chế và hiện thực hóa Nghị quyết 68 về phát triển kinh tế tư nhân, Sunshine Group đã khởi động một cuộc tái cấu trúc toàn diện, đột phá từ giai đoạn 2024 - 2025, nhằm chuẩn hóa quản trị và tập trung nguồn lực cho chiến lược tăng trưởng dài hạn."
Taseco Airs chuyển mình cùng đất nước bước vào kỷ nguyên mới,2025-10-12 11:43:00,Kinh tế,"Bước sang năm 2025, nền kinh tế Việt Nam đã mở ra một kỷ nguyên mới, kỷ nguyên của sự vươn mình mạnh mẽ sau những nỗ lực bền bỉ và quyết tâm không ngừng. Hòa chung không khí ấy, Taseco Airs cũng chuyển mình cùng đất nước bước vào kỷ nguyên mới."
"DKRS khẳng định vị thế, bứt phá trong giai đoạn 2025 - 2030",2025-10-12 11:39:00,Kinh tế,"Là một trong số những doanh nghiệp chuyên hoạt động trong lĩnh vực tư vấn chiến lược, phát triển dự án, kinh doanh và tiếp thị bất động sản, những năm qua Công ty cổ phần Dịch vụ Bất động sản Danh Khôi (DKRS) nổi lên như một 'ngôi sao sáng trong làng bất động sản' Việt Nam. Thanh Niên đã có cuộc trò chuyện với ông Nguyễn Văn Tùng, Tổng giám đốc DKRS về những định hướng, chiến lược phát triển trong kỷ nguyên mới."
Constant Energy ghi dấu ấn tại Việt Nam bằng năng lượng sạch toàn diện,2025-10-12 11:36:00,Kinh tế,Là một gã khổng lồ trong ngành năng lượng sạch tại châu Âu. Đến nay Constant Energy đã đạt 260 MWp điện tại châu Á và khẳng định mạnh mẽ dấu ấn tại Việt Nam thông qua triển khai năng lượng sạch toàn diện.
"Solia Group, từ giá trị thật đến tiếng vang lớn trên thị trường Tây TP.HCM",2025-10-12 11:29:00,Kinh tế,"Giữa bức tranh thị trường bất động sản đang chuyển mình sau giai đoạn trầm lắng, Solia Group nổi lên như một điểm sáng khác biệt. Không chọn con đường ồn ào, doanh nghiệp này kiên định với triết lý phát triển bền vững: làm thật, đầu tư thật và mang đến giá trị thật cho cộng đồng."
"Trời vẫn âm u, thời tiết TP.HCM hôm nay sẽ có mưa?",2025-10-12 11:23:00,Kinh tế,"Thời tiết TP.HCM tiếp tục nhiều mây, nắng gián đoạn và có khả năng xuất hiện mưa rào kèm giông vào chiều tối. Bên cạnh đó, độ ô nhiễm không vẫn duy trì mức cảnh báo đỏ."
Căn hộ 4 hồ bơi trên đại lộ ‘vàng’ Lê Khả Phiêu,2025-10-12 11:18:00,Kinh tế,"Từ đầu năm 2025, Quốc lộ 1A qua TP.HCM chính thức mang tên các nguyên lãnh đạo cấp cao. Đáng chú ý, đoạn từ vòng xoay An Lạc đến giáp tỉnh Long An (cũ) được đặt tên đường Lê Khả Phiêu, vừa là sự tri ân, vừa mở ra cột mốc phát triển mới cho đô thị cửa ngõ phía Tây TP.HCM."
Nóng: Chính thức nâng thu nhập lên 20 triệu đồng/tháng sẽ được mua nhà ở xã hội,2025-10-12 11:18:00,Địa ốc,Nghị định 261/2025 có hiệu lực từ 10.10 chính thức quy định mức thu nhập với cá nhân mua nhà ở xã hội được nâng lên tối đa 20 triệu đồng/tháng.
Ngân hàng đẩy mạnh thanh toán thẻ tín dụng,2025-10-12 11:12:00,Kinh tế,"Các ngân hàng tại Việt Nam tung ra nhiều chương trình khuyến khích người dùng sử dụng các phương tiện thanh toán không dùng tiền mặt. Điều này không chỉ mang lại lợi ích cho khách mà còn góp phần thúc đẩy kinh tế số, kinh tế xanh."
"Từ hộ kinh doanh lên doanh nghiệp, cơ hội tăng trưởng dài hạn",2025-10-12 11:03:00,Kinh tế,"Hàng triệu hộ kinh doanh (HKD) đang đứng trước bước ngoặt quan trọng: chuyển đổi sang mô hình doanh nghiệp (DN) để được hưởng ưu đãi thuế, mở rộng quy mô và tiếp cận nguồn vốn thuận lợi hơn. Trên hành trình ấy không chỉ là câu chuyện chính sách, mà sự đồng hành của Sacombank còn mang đến giải pháp tài chính và công nghệ, tạo nền tảng cùng HKD tự tin chuyển đổi lên mô hình DN, vững vàng phát triển dài hạn."
Khu công nghiệp Hàm Kiệm II được ‘hồi sinh’,2025-10-12 11:00:00,Kinh tế,"Sau nhiều năm triển khai cầm chừng, đến nay khi về tay chủ mới, KCN Hàm Kiệm II (tỉnh Lâm Đồng) đã hồi sinh mạnh mẽ, là điểm sáng trong thu hút vốn đầu tư trong và ngoài nước của tỉnh Lâm Đồng. Báo Thanh Niên đã có cuộc trao đổi với ông Lê Trung Đức, thành viên HĐQT, Tổng giám đốc Công ty cổ phần Đầu tư Bình Tân về định hướng phát triển của dự án."
Tài chính xanh trụ cột cho sự phát triển bền vững,2025-10-12 10:57:00,Kinh tế,"Nam A Bank đã xuất sắc được vinh danh ở hai hạng mục quan trọng: ""Ngân hàng Số tiêu biểu"" và ""Ngân hàng tiêu biểu về tín dụng xanh"" tại lễ trao giải Ngân hàng Việt Nam tiêu biểu 2025 (Vietnam Outstanding Banking Awards 2025) mới đây."
LPBank vinh dự đón nhận Bằng khen của Thủ tướng Chính phủ,2025-10-12 10:55:00,Kinh tế,"Ngày 30.8.2025, tại Trụ sở Chính phủ, Ngân hàng Lộc Phát (LPBank) vinh dự nhận Bằng khen của Thủ tướng Chính phủ trong khuôn khổ Hội nghị Doanh nghiệp toàn quốc với chủ đề '80 năm doanh nghiệp đồng hành cùng đất nước'. Đại diện LPBank, ông Nguyễn Đức Thụy - Chủ tịch Hội đồng Quản trị, đã tham dự và đón nhận bằng khen cao quý này, ghi nhận những thành tựu nổi bật của Ngân hàng trong công tác an sinh xã hội, tích cực đóng góp cho cộng đồng và sự phát triển bền vững của đất nước."
UOB: Triển vọng tích cực cho kinh tế Việt Nam trong năm 2025,2025-10-12 10:44:00,Kinh tế,"Mới đây, UOB đã điều chỉnh mức tăng trưởng kinh tế Việt Nam cả năm 2025 lên 7,5%, từ mức dự báo trước đó là 6,9% và cao hơn so với 7,09% trong năm 2024. Ông Suan Teck Kin, Giám đốc Khối Nghiên cứu thị trường và kinh tế toàn cầu, Ngân hàng UOB (Singapore) khá lạc quan khi nhận định tăng trưởng kinh tế Việt Nam trong những năm tới dù thị trường thế giới còn nhiều bất ổn."
Thẻ NAPAS từ hành trình giao thông xanh đến phát triển đô thị thông minh,2025-10-12 10:36:00,Kinh tế,"Thời gian qua, việc triển khai thanh toán thẻ vé trên các tuyến xe buýt, tàu điện (metro) bằng thẻ nội địa NAPAS không chỉ giúp hành khách tiết kiệm thời gian, giảm bớt phiền toái khi tìm tiền lẻ, mà còn góp phần giảm thiểu lượng vé giấy in ra, hạn chế rác thải và bảo vệ môi trường. Đây được đánh giá là bước đi quan trọng nhằm xây dựng hạ tầng giao thông hiện đại, minh bạch và thúc đẩy đô thị thông minh tại nước ta."
TP.HCM có 326 dự án đang giải phóng mặt bằng,2025-10-12 09:14:00,Địa ốc,"Sở Nông nghiệp và Môi trường TP.HCM cho biết, hiện trên địa bàn TP.HCM có 326 dự án giải phóng mặt bằng, bồi thường, hỗ trợ, tái định cư đang được triển khai."
Long Châu thắng giải ‘Giải pháp đột phá về y tế số và chăm sóc sức khỏe’ tại Better Choice Awards 2025,2025-10-12 09:00:00,Kinh tế,Hệ thống nhà thuốc và trung tâm tiêm chủng Long Châu được vinh danh tại Better Choice Awards năm 2025 với giải thưởng 'Giải pháp đột phá về y tế số và chăm sóc sức khỏe' Sự kiện diễn ra tại Trung tâm Đổi mới Sáng tạo Quốc gia cơ sở Hòa Lạc (NIC).
Tái định hình ngành giải trí Karaoke,2025-10-12 09:00:00,Kinh tế,"Sau giai đoạn 'bão tố' Covid-19, chuỗi karaoke ICOOL không chỉ phục hồi mà còn bứt phá. Đứng trước bối cảnh kinh tế suy thoái và những định kiến xã hội về ngành karaoke, ICOOL đã biến thách thức thành cơ hội để tái định hình ngành, hướng tới mô hình karaoke 'sạch', văn minh và cao cấp."
Đà Nẵng: Danh sách 10 dự án nhà ở thương mại đủ điều kiện mở bán,2025-10-12 08:51:00,Địa ốc,Sở Xây dựng TP.Đà Nẵng vừa ban hành danh sách 10 dự án nhà ở thương mại đủ điều kiện mở bán.
TP.HCM làm sạch dữ liệu hơn 5 triệu thửa đất,2025-10-12 08:50:00,Địa ốc,"Sở Nông nghiệp và Môi trường TP.HCM cho biết, đã triển khai chi tiết nhiệm vụ xây dựng, hoàn thiện, làm sạch cơ sở dữ liệu đất đai trên địa bàn thành phố theo kế hoạch của Bộ Công an và Bộ Nông nghiệp và Môi trường."
"Tôn vinh 165 sản phẩm, dịch vụ tiêu biểu TP.HCM nhân ngày Doanh nhân Việt Nam",2025-10-12 08:50:00,Kinh tế,"Các sản phẩm, dịch vụ tiêu biểu của TP.HCM 2025 đã được tôn vinh nhân lễ kỷ niệm 21 năm ngày Doanh nhân Việt Nam."
Tham vọng 'biến' Gia Lai thành thiên đường bò sữa,2025-10-12 08:50:00,Kinh tế,"Sau khi đầu tư 4.500 tỉ đồng vào trang trại - nhà máy ở Gia Lai, Nutifood tiếp tục rót thêm 6.000 tỉ đồng để nâng quy mô đàn bò, diện tích đồng cỏ và công suất nhà máy. Nhà dinh dưỡng hàng đầu Việt Nam không giấu giếm tham vọng đưa Gia Lai thành thiên đường bò sữa trong kế hoạch mở rộng quy mô của mình."
Việt Nam giàu có thịnh vượng - Thời cơ lịch sử đã đến,2025-10-12 08:44:00,Khát vọng Việt Nam,"Các chuyên gia, học giả, nhà nghiên cứu đều có chung một niềm tin mãnh liệt rằng Việt Nam đang đứng trước thời cơ lịch sử và hội tụ đủ mọi điều kiện để biến khát vọng giàu có, thịnh vượng của dân tộc thành hiện thực."
Công nghiệp xanh đang định hình chuỗi cung ứng toàn cầu,2025-10-12 08:40:00,Kinh tế,"Những năm gần đây, biến đổi khí hậu cùng các tiêu chuẩn môi trường mới đang viết lại 'luật chơi' của ngành sản xuất. Nếu trước kia, doanh nghiệp chủ yếu quan tâm tuân thủ pháp lý và tối ưu chi phí, thì nay còn phải thể hiện hiệu quả sử dụng tài nguyên và ưu tiên tuần hoàn chất thải."
"Lấy khách hàng làm trọng tâm, Techcombank giành giải vàng",2025-10-12 08:40:00,Kinh tế,Sản phẩm Techcombank Sinh Lời Tự Động 2.0 của Ngân hàng TMCP Kỹ Thương Việt Nam (Techcombank) vừa chính thức giành giải Vàng Stevie® ở Hạng mục Xuất sắc cho Sản phẩm thiết kế lấy khách hàng là trọng tâm.
"Giá USD hôm nay 12.10.2025: Đồng loạt giảm cùng euro, bảng Anh",2025-10-12 08:39:00,Ngân hàng,"Giá USD và nhiều ngoại tệ như euro, bảng Anh đồng loạt giảm trong tuần dù thế giới đi lên."
Nông nghiệp hút nhiều tỉ phú,2025-10-12 08:30:00,Kinh tế,"Ngày càng có nhiều doanh nghiệp lớn tham gia vào nông nghiệp, cả trong nước và nước ngoài. Vừa là lợi thế, vừa là những mặt hàng thiết yếu, nông nghiệp, đặc biệt nông nghiệp công nghệ cao đang trở thành mảnh đất màu mỡ."
"Khôi phục niềm tin, bảo hiểm nhân thọ khởi sắc",2025-10-12 08:20:00,Kinh tế,"Sau hai năm chững lại, thị trường bảo hiểm nhân thọ Việt Nam đã chứng kiến cuộc vực dậy mạnh mẽ. Không chỉ thoát tăng trưởng âm, bảo hiểm nhân thọ đang vững vàng tiến tới giai đoạn phát triển minh bạch, bền vững cả về quy mô lẫn chất lượng."
PNJ được JWA vinh danh về phát triển bền vững,2025-10-12 08:18:00,Kinh tế,"Vừa qua, tại Hong Kong (Trung Quốc), PNJ là đại diện Việt Nam duy nhất được xướng tên tại giải thưởng JWA 2025 ở hạng mục ‘Sustainability Leadership’ nhờ những chiến lược phát triển bền vững xuất sắc."
Hanwha Life được vinh danh có 'Sản phẩm bảo hiểm đáp ứng nhu cầu bảo vệ tài chính tốt nhất',2025-10-12 08:10:00,Kinh tế,"Khẳng định cam kết mang đến những giải pháp bảo vệ sức khỏe và tài chính tối ưu cho khách hàng, Hanwha Life Việt Nam đã xuất sắc được vinh danh là công ty có 'Sản phẩm bảo hiểm đáp ứng nhu cầu bảo vệ tài chính tốt nhất' tại lễ công bố 'Các sản phẩm, dịch vụ tài chính tiêu biểu 2025', do Báo Tài chính - Đầu tư và Cộng đồng Cố vấn tài chính Việt Nam tổ chức."
Vạn Xuân Group khẳng định vị thế tiên phong bằng chiến dịch ra quân toàn quốc,2025-10-12 08:00:00,Địa ốc,"Ngày 10.10.2025, Vạn Xuân Group đã chính thức khởi động chiến dịch ra quân giới thiệu dự án Happy One Mori trong không khí sôi động và đầy cảm xúc. Sự kiện quy tụ gần 3.000 CVTV đến từ 22 đơn vị phân phối chiến lược trên khắp 2 miền Nam - Bắc, đánh dấu một cú hích mạnh mẽ cho thị trường bất động sản những tháng cuối năm."
'Thần đèn' Nguyễn Văn Cư: 70 tuổi vẫn chạy tốt!,2025-10-12 08:00:00,Kinh tế,"Bẵng đi một thời gian không gặp, “thần đèn” Nguyễn Văn Cư (nổi danh trong lĩnh vực nâng cao, di dời công trình để chống ngập, nghiêng, lún) dù đã bước qua tuổi 70 vẫn hết sức trẻ trung và tràn đầy năng lượng. PV đã có cuộc trao đổi với vị “thần đèn” có năng lực đặc biệt này."
Manulife Việt Nam tiên phong nâng cao kiến thức y tế cộng đồng cho tư vấn viên bảo hiểm,2025-10-12 08:00:00,Kinh tế,Hãng bảo hiểm Manulife công bố hợp tác với các tổ chức y tế nhằm đào tạo kiến thức thiết yếu về sức khỏe cộng đồng cho lực lượng tư vấn viên.
"Vinamilk - 50 năm tiên phong, khẳng định tầm vóc Việt trên bản đồ sữa thế giới",2025-10-12 08:00:00,Kinh tế,"Trong hành trình kiến thiết quốc gia, Vinamilk không ngừng đổi mới sáng tạo, khẳng định khát vọng của một doanh nghiệp tư nhân vươn tầm quốc tế."
"Giá vàng hôm nay 12.10.2025: Bỏ độc quyền vàng miếng, chênh lệch mua bán vẫn 3 triệu",2025-10-12 07:41:00,Ngân hàng,Giá vàng trong nước tăng vọt lập kỷ lục mới theo đà đi lên của thế giới khi nhà đầu tư lo lắng về xung đột thương mại leo thang.
Siêu đô thị có chuỗi cung ứng toàn cầu đầu tiên,2025-10-12 06:49:00,Chính sách - Phát triển,"Sau cuộc tái thiết giang sơn, bản đồ phát triển vùng Đông Nam bộ được vẽ lại với tầm nhìn một siêu đô thị liên kết TP.HCM."
"Metro, 'phép màu' cho giao thông công cộng TP.HCM",2025-10-12 04:00:00,Kinh tế,"Nếu trước kia câu chuyện được bàn nhiều nhất của giao thông công cộng TP.HCM là trợ giá xe buýt mỗi năm cả ngàn tỉ đồng nhưng vẫn ế khách thì giờ đây, tuyến metro số 1 đã chở trên mình hàng triệu người từ khi đưa vào sử dụng. Chỉ trong vòng 5 năm trở lại đây, giao thông công cộng TP.HCM đã ""lột xác"", từ ế sang quá tải; từ xăng sang sạch..."
Điểm sáng thu hút FDI: Từ 'công xưởng lắp ráp' đến trung tâm công nghệ cao,2025-10-11 19:32:00,Kinh tế,"Đã và đang là 'ngôi sao sáng' về thu hút vốn FDI, thời gian tới, Việt Nam hoàn toàn có thể vươn lên nấc thang cao hơn, từ 'công xưởng lắp ráp' đến trung tâm sáng tạo, chế tạo công nghệ cao."
Siết vay mua nhà thứ hai: Phanh đừng để thị trường nhà đất ‘tắt máy’,2025-10-11 17:18:00,Chính sách - Phát triển,"Đề xuất siết hạn mức vay đối với người mua nhà thứ hai trở đi xuất hiện đúng lúc thị trường bất động sản chịu sức ép giá, còn kỳ vọng “giá chỉ có lên” vẫn dai dẳng. Về nguyên tắc chạm vào đòn bẩy tín dụng là chạm đúng cỗ máy đầu cơ. Nhưng phanh thế nào để chiếc xe mang tên thị trường nhà đất chậm lại chứ không tắt máy mới là điều quan trọng."
Kiến nghị kết thúc hoạt động của Chi nhánh Văn phòng đăng ký đất đai,2025-10-11 17:14:00,Địa ốc,"Đảng ủy Cục Quản lý đất đai vừa có tờ trình gửi Ban Thường vụ Đảng ủy Bộ Nông nghiệp và Môi trường chuyển giao thẩm quyền và chức năng, nhiệm vụ của chi nhánh về cấp xã."
"Mua yến sào, khách hàng ở Đắk Lắk trúng ô tô",2025-10-11 16:02:00,Kinh tế,"Niềm vui bất ngờ đã đến với chị Phan Thị Minh Khánh (P.Thành Nhất, Đắk Lắk) khi trở thành người trúng giải đặc biệt là một chiếc ô tô trong chương trình tri ân khách hàng của Công ty Yến sào Khánh Hòa."
Doanh nhân Nguyễn Thị Phương Thảo: Thời khắc 'vàng' để Việt Nam vươn khơi ra đại dương,2025-10-11 15:08:00,Kinh tế,"Doanh nhân, TS Nguyễn Thị Phương Thảo - Chủ tịch kiêm Tổng giám đốc Tập đoàn SOVICO khẳng định: Việt Nam đang nắm thời cơ vàng để vươn lên dẫn đầu trong cuộc cách mạng công nghệ vĩ đại nhất của nhân loại."
"Định giá SAVIBECO thuê đất lệch hơn 10 tỉ đồng, nhiều cán bộ bị kỷ luật",2025-10-11 13:59:00,Chính sách - Phát triển,"Nhiều cán bộ của Văn phòng Đăng ký đất đai Vĩnh Long bị kỷ luật vì xác định giá thuê đất của Công ty CP bia Sài Gòn - Vĩnh Long sai, lệch đến hơn 10 tỉ đồng/năm."
"VinFast lập kỷ lục, giao hơn 100.000 xe chỉ sau 3 quý",2025-10-11 12:36:00,Kinh tế,"VinFast đã chính thức trở thành thương hiệu ô tô đầu tiên tại thị trường Việt Nam vượt mốc 100.000 xe bán ra chỉ sau 3 quý đầu năm. Đây là kết quả tất yếu sau 11 tháng liên tục 'bán chạy nhất Việt Nam' với thị phần ngày càng tăng, khẳng định vị thế dẫn đầu tuyệt đối tại thị trường nội địa."
Vì sao giá nhà 'cao chót vót' nhưng giao dịch vẫn tăng?,2025-10-11 11:45:00,Kinh tế,"Lượng giao dịch bất động sản tăng khoảng 1,27% so với cùng kỳ năm 2024. Dù không có sự bùng nổ, song theo Bộ Xây dựng, mức tăng này chứng tỏ nhu cầu ở thực và đầu tư dài hạn trong bối cảnh giá nhà liên tục tăng cao."
Lộ diện thế hệ người giàu thứ 2 trên sàn chứng khoán,2025-10-11 11:33:00,Kinh tế,Một cuộc chuyển giao thế hệ đang được khởi động khi nhiều ông chủ doanh nghiệp đã lùi dần để nhường lại vị trí điều hành công ty cho con cái.
"Ô tô hư hỏng nặng do ngập nước, bảo hiểm có bồi thường?",2025-10-11 11:21:00,Kinh tế,"Nếu ô tô chỉ ngập nước, chi phí xử lý thường dao động 10 - 20 triệu đồng, nhưng nếu xảy ra thủy kích, chi phí có thể tăng vọt. Trong một vài trường hợp, doanh nghiệp bảo hiểm sẽ không chấp nhận chi trả bồi thường."
Sáng nay bầu trời TP.HCM đục ngầu kéo dài vì sao?,2025-10-11 10:50:00,Kinh tế,"Bầu trời TP.HCM trong sáng nay 11.10 như 'chìm' trong sương mù Đà Lạt, đến hơn 9 giờ vẫn chưa thấy ánh mặt trời và mây đen lại xuất hiện, vì sao?"
Tài sản tỉ phú Phạm Nhật  Vượng cùng vợ Phạm Thu Hương lên kỷ lục,2025-10-11 10:49:00,Chứng khoán,Nhóm cổ phiếu Tập đoàn Vingroup tăng cao đưa tài sản tỉ phú Phạm Nhật Vượng cùng vợ Phạm Thu Hương lên kỷ lục.
Giá vàng hôm nay 11.10.2025: Vàng miếng ACB niêm yết bằng giá SJC,2025-10-11 09:05:00,Ngân hàng,Giá vàng miếng SJC đứng yên và có thêm thương hiệu vàng miếng ACB được niêm yết giá giao dịch.
"Giá USD hôm nay 11.10.2025: Bán kịch trần, mua vào giảm",2025-10-11 08:52:00,Ngân hàng,"Các ngân hàng đồng loạt giảm giá mua USD, trong khi giá bán ra giữ cao ở mức kịch trần. Đồng bạc xanh trên thị trường thế giới giảm mạnh."
"Cà Mau nhân rộng mô hình nuôi tôm tuần hoàn nước, không xả thải ra môi trường",2025-10-11 07:30:00,Kinh tế,"Sau 2 năm nghiên cứu và thử nghiệm, tỉnh Cà Mau đã phát triển khoảng 100 ha tôm công nghiệp theo mô hình tuần hoàn khép kín, không xả thải ra môi trường. Cách làm mới này không chỉ giúp người nuôi tăng năng suất, giảm chi phí, mà còn bảo vệ môi trường và mang lại niềm vui cho cả cộng đồng sống quanh vùng nuôi."
Giá xăng dầu 'neo' lạm phát,2025-10-11 04:00:00,Kinh tế,"Xăng dầu là một trong những mặt hàng có tác động đáng kể đến chỉ số giá tiêu dùng (CPI). Hiện giá xăng dầu trong nước dao động trên dưới mốc 20.000 đồng/lít, sẽ tác động tích cực đến mục tiêu kiềm chế lạm phát năm nay."
"Bỏ độc quyền, thị trường thêm thương hiệu vàng miếng",2025-10-11 04:00:00,Kinh tế,"Hôm qua, quy định độc quyền vàng miếng SJC đã chính thức được bãi bỏ. Ngay lập tức, thị trường có thêm thương hiệu vàng mới, sau 13 năm."
Kiến tạo nhà ở cho người dân nghèo đô thị,2025-10-11 04:00:00,Kinh tế,"Cân đối lại quỹ đất, rút ngắn thủ tục hành chính, huy động mạnh mẽ nguồn lực xã hội, TP.HCM đang bước vào giai đoạn tăng tốc phát triển nhà ở xã hội."
Số điểm ngập tại TP.HCM đã giảm,2025-10-11 04:00:00,Chính sách - Phát triển,"Dù vẫn là nỗi lo không nhỏ nhưng trên toàn cảnh, ngập úng ở TP.HCM đã giảm hơn so với 5 năm trước."
Ấn phẩm mừng ngày Doanh nhân Việt Nam 13.10: Doanh nhân vươn mình cùng dân tộc,2025-10-11 04:00:00,Kinh tế,"Với mục tiêu trở thành quốc gia phát triển có thu nhập cao vào năm 2045, một trong những động lực tiên quyết được Đảng và Nhà nước ta xác định là phải khơi dậy được khát vọng phát triển đất nước phồn vinh, hạnh phúc."
Vợ chồng thu nhập dưới 40 triệu đồng/tháng được mua nhà ở xã hội,2025-10-10 20:35:00,Kinh tế,"Bộ Xây dựng đề xuất nâng mức trần thu nhập để được xét mua, thuê mua nhà ở xã hội lên 20 triệu đồng/tháng với cá nhân, 40 triệu đồng/tháng với vợ chồng."
"Chính thức hướng dẫn cấp phép sản xuất vàng miếng, nhập khẩu vàng",2025-10-10 16:25:00,Ngân hàng,"Ngân hàng Nhà nước (NHNN) chính thức ban hành Thông tư 34 hướng dẫn một số điều của Nghị định 24/2012 về quản lý hoạt động kinh doanh vàng được sửa đổi bổ sung bởi Nghị định 232/2025. Thông tư quy định thủ tục cấp phép sản xuất vàng miếng, nhập khẩu vàng nguyên liệu..."
Doanh nghiệp Việt cần làm gì để từ 'làm thuê' sang 'làm chủ'?,2025-10-10 16:05:00,Kinh tế,"Câu hỏi lớn đặt ra cho Việt Nam trong 10 năm tới là: Làm thế nào để chuyển từ gia công sang chế biến - chế tạo, từ 'làm thuê' sang làm chủ công nghệ?"
VN-Index lập kỷ lục mới sau khi thị trường chứng khoán được nâng hạng,2025-10-10 15:56:00,Chứng khoán,Hàng loạt cổ phiếu xanh mướt đưa thị trường chứng khoán Việt Nam tăng lên kỷ lục mới về điểm số.
Vietcombank triển khai đồng loạt nhiều ưu đãi cho khách hàng gửi tiết kiệm,2025-10-10 15:42:00,Kinh tế,"Vietcombank vừa chính thức công bố chương trình khuyến mại đặc biệt dành cho khách hàng gửi tiết kiệm mang tên ""Tiết kiệm hôm nay - Trúng ngay tiền tỉ"". Chương trình diễn ra từ ngày 25.9.2025 đến 31.10.2025, dành cho khách hàng gửi tiền tại quầy và gửi tiền online trên ngân hàng số VCB Digibank."
Tạm dừng hệ thống thuế điện tử từ 11 - 12.10,2025-10-10 15:40:00,Kinh tế,Hệ thống ứng dụng dịch vụ thuế điện tử và hệ thống thông tin giải quyết thủ tục hành chính ngành thuế sẽ tạm dừng hoạt động một số thời điểm trong 2 ngày từ 11 - 12.10.
Lãnh đạo nhiều công ty giải trí bị tạm hoãn xuất cảnh vì nợ thuế,2025-10-10 14:35:00,Kinh tế,"Thuế TP.HCM gần đây liên tục ra thông báo áp dụng các biện pháp cưỡng chế thuế đối với các trường hợp cá nhân, doanh nghiệp đang nợ thuế."
"Chính thức xóa bỏ độc quyền, vàng miếng ACB lên 145 triệu đồng/lượng",2025-10-10 12:39:00,Ngân hàng,"Hôm nay (10.10), quy định xóa bỏ độc quyền vàng miếng, cho nhập khẩu vàng nguyên liệu chính thức có hiệu lực. Giá vàng miếng tại ngân hàng tăng lên mức cao kỷ lục 145 triệu đồng/lượng."
Áp thuế thu nhập cá nhân trên thu nhập cho hộ kinh doanh có đủ sổ sách,2025-10-10 11:57:00,Kinh tế,"Bộ Tài chính đang tính toán, xem xét áp dụng thuế thu nhập cá nhân trên thu nhập (doanh thu trừ chi phí) cho những hộ kinh doanh có đầy đủ sổ sách sau khi xóa thuế khoán."
Lãi suất tiền đồng tăng,2025-10-10 11:31:00,Ngân hàng,"Lãi suất tiền đồng trên thị trường liên ngân hàng từ đầu tháng 10 đến nay tăng đều, thêm 0,3 - 0,5%/năm ở một số kỳ hạn."
Khởi công khu đô thị sinh thái gần 4.000 tỉ đồng tại Hà Tĩnh,2025-10-10 11:27:00,Kinh tế,"Ngày 10.10, T&T Group phối hợp UBND tỉnh Hà Tĩnh tổ chức lễ khởi công dự án Khu đô thị, thương mại dịch vụ, biệt thự sinh thái Nam Cầu Phủ (xã Cẩm Bình, tỉnh Hà Tĩnh)."
Bắt đầu thí điểm điện 2 thành phần trên giấy với khách hàng dùng từ 200.000kWh/tháng,2025-10-10 11:02:00,Chính sách - Phát triển,"Ngày 10.10, Tập đoàn Điện lực Việt Nam (EVN) cho biết chính thức thử nghiệm trên giấy giá bán điện 2 thành phần cho khách hàng tiêu thụ bình quân (12 tháng) từ 200.000 kWh/tháng trở lên trên hóa đơn tiền điện tháng 10 này."
"Lũ ĐBSCL đạt đỉnh năm, vượt lịch sử ở Cần Thơ",2025-10-10 10:46:00,Kinh tế,"Trong ngày 9 - 10.10, lũ ĐBSCL đạt đỉnh của năm 2025; tại Cần Thơ và Mỹ Thuận, mực nước vượt lịch sử do lũ từ thượng nguồn đổ về kết hợp triều cường cao."
Nhà sáng lập Ecopark ủng hộ đồng bào chịu hậu quả của thiên tai 15 tỉ đồng,2025-10-10 10:00:00,Kinh tế,"Hướng về vùng chịu thiên tai nặng nề do bão lũ gây ra, nhà sáng lập Ecopark ủng hộ 15 tỉ đồng, chung tay cộng đồng giúp đỡ người dân sớm khắc phục thiệt hại do cơn bão số 10 (Bualoi) và số 11 (Matmo) gây ra."
Lâm Đồng có 15 khu công nghiệp tỷ lệ lấp đầy chỉ đạt gần 50%,2025-10-10 09:38:00,Chính sách - Phát triển,"Tỉnh Lâm Đồng có 15 khu công nghiệp, với 229 dự án còn hiệu lực, tổng vốn đăng ký hơn 43.411 tỉ đồng và 466,4 triệu USD, nhưng tỷ lệ lấp đầy mới đạt 49,99%."
An Giang nghiên cứu làm đường 6 làn xe kết nối Rạch Giá - Long Xuyên,2025-10-10 09:05:00,Chính sách - Phát triển,"Sở Xây dựng An Giang đã phê duyệt dự toán chi phí hơn 5,7 tỉ đồng cho công tác khảo sát, lập báo cáo nghiên cứu tiền khả thi dự án đường kết nối Rạch Giá - Long Xuyên có 6 làn xe, nền đường rộng 80m."
Giá USD hôm nay 10.10.2025: Giảm vẫn cao kịch trần,2025-10-10 08:50:00,Ngân hàng,Các ngân hàng thương mại tiếp tục giảm giá USD nhưng vẫn đứng ở mức cao kịch trần cho phép. Đồng bạc xanh trên thị trường thế giới tăng mạnh so với các ngoại tệ khác.
"Giá vàng hôm nay 10.10.2025: Thế giới đi lùi, trong nước giảm 600.000 đồng",2025-10-10 08:37:00,Ngân hàng,Giá vàng thế giới giảm dưới ngưỡng 4.000 USD/ounce và trong nước giảm 600.000 đồng mỗi lượng.
Từ hôm nay mua vàng hơn 1 chỉ phải chuyển khoản,2025-10-10 08:31:00,Ngân hàng,"Từ hôm nay 10.10, người dân mua vàng, bán vàng có giá trị từ 20 triệu đồng trở lên phải thực hiện chuyển khoản."
Bảo hiểm AAA tự hào đạt chứng nhận ISO 9001:2015 và ISO/IEC 27001:2022,2025-10-10 08:19:00,Kinh tế,"Đây là dấu mốc quan trọng, khẳng định cam kết của Tổng Công ty Cổ phần Bảo hiểm AAA trong việc không ngừng nâng cấp chất lượng sản phẩm, dịch vụ đồng thời đảm bảo an toàn thông tin cho khách hàng và đối tác."
"Máy giặt Toshiba tăng trưởng kỷ lục, dẫn đầu doanh số tháng 9 tại Điện máy Xanh",2025-10-10 08:00:00,Kinh tế,"Tháng 9 ghi dấu bước nhảy vọt ấn tượng của Toshiba khi thương hiệu này vươn lên vị trí số 1 về doanh số máy giặt tại hệ thống bán lẻ điện máy lớn bậc nhất nước, củng cố vị thế của hãng trên thị trường."
THÔNG BÁO,2025-10-10 08:00:00,Kinh tế,'Về việc chậm sang tên Giấy chứng nhận Quyền sử dụng đất tại dự án Lan Anh 7 mở rộng (Lan Anh 7B) do Công ty TNHH Lan Anh làm chủ đầu tư'.
Hộ kinh doanh lo “lãi mỏng”,2025-10-10 04:00:00,Kinh tế,Thuế khoán sẽ chính thức bị xóa bỏ từ ngày 1.1.2026 nhưng ngưỡng doanh thu mà hộ kinh doanh phải chịu thuế vẫn là vấn đề gây nhiều tranh luận.
Nguy cơ bị tống tiền vì các mối quan hệ trên mạng,2025-10-10 04:00:00,Kinh tế,Tình trạng lừa đảo qua mạng chiếm tỷ lệ áp đảo trong những vụ án lừa đảo được phát hiện. Trong đó nổi lên hiện tượng lừa đảo xuyên biên giới bằng chiêu thức lợi dụng tình cảm.
"Thế giới ngầm tiền số ở Việt Nam: Sàn thật chưa có, sàn ảo mạnh tay 'lùa gà'",2025-10-10 04:00:00,Kinh tế,"VN hiện nay đã có quy định thí điểm thị trường tài sản mã hóa. Tuy nhiên cho đến thời điểm này, cơ quan chức năng chưa cấp phép cho đơn vị nào trong khi các sàn ảo vẫn nhộn nhịp mời chào, khiến nhà đầu tư gặp rủi ro mất tiền."
Hà Nội xây cầu Trần Hưng Đạo gần 16.000 tỉ vượt sông Hồng,2025-10-09 20:04:00,Kinh tế,"Chiều 9.10, UBND TP.Hà Nội tổ chức khởi công cầu Trần Hưng Đạo. Đây là một trong số 18 công trình cầu đường bộ vượt qua sông Hồng thuộc Quy hoạch phát triển GTVT thủ đô Hà Nội đến năm 2030, tầm nhìn đến năm 2050."
VTV9 công bố chương trình truyền hình về khu công nghiệp và hệ sinh thái sản xuất,2025-10-09 19:36:00,Chính sách - Phát triển,"Ngày 9.10, Trung tâm Truyền hình Việt Nam tại TP.HCM (VTV9) phối hợp cùng Cổng thông tin Khu công nghiệp Việt Nam (VIZ) công bố chương trình truyền thông toàn diện về khu công nghiệp và hệ sinh thái sản xuất."
"Hảo Hảo kỷ niệm 25 năm tri ân người dùng qua MV Hảo mọi lúc, Hảo mọi sự",2025-10-09 17:00:00,Kinh tế,"Năm 2025, thương hiệu mì ăn liền Hảo Hảo đánh dấu cột mốc 25 năm có mặt trên thị trường Việt Nam. Nhân dịp đặc biệt này, Hảo Hảo triển khai chiến dịch kỷ niệm với thông điệp ‘Hảo mọi lúc - Hảo mọi sự’, và ra mắt MV cùng tên nhằm gửi lời tri ân đến người tiêu dùng đã đồng hành trong suốt chặng đường qua."
Kinh tế tư nhân Tây Ninh: Lộ trình của một khát vọng bứt phá,2025-10-09 16:15:00,Chính sách - Phát triển,"Đóng góp 60% GRDP và thu hút 77% lao động, kinh tế tư nhân đã khẳng định vai trò trụ cột tại tỉnh Tây Ninh."
Tập đoàn Tether muốn tham gia thị trường tài sản mã hóa tại Việt Nam,2025-10-09 15:57:00,Kinh tế,Tập đoàn Tether - một trong những nhà phát hành 'tiền ảo' lớn nhất thế giới muốn tham gia thị trường tài sản mã hóa thí điểm của Việt Nam sắp tới.
Giá xăng dầu đồng loạt giảm,2025-10-09 15:18:00,Kinh tế,Giá toàn bộ mặt hàng xăng dầu được điều chỉnh giảm trong kỳ điều hành chiều nay 9.10.
Doanh nghiệp FMCG Việt tăng tốc trên hành trình ESG,2025-10-09 15:02:00,Kinh tế,Cách những công ty hàng tiêu dùng nhanh (FMCG) thực thi hiệu quả chiến lược ESG toàn diện.
AEON Việt Nam chính thức khai trương trung tâm thương mại mới tại Tây Ninh,2025-10-09 15:00:00,Kinh tế,"Ngày 4.10.2025, Công ty TNHH AEON Việt Nam chính thức tổ chức Lễ Khánh thành AEON Tân An - Trung tâm thương mại (TTTM) thứ 8 của tập đoàn AEON tại Việt Nam."
TP.HCM có 838 dự án tồn đọng,2025-10-09 14:54:00,Địa ốc,Theo tổng hợp của Sở Tài chính TP.HCM đến nay trên địa bàn thành phố còn 838 dự án tồn đọng cần phải tháo gỡ khó khăn. Đây bao gồm các dự án đầu tư công và các dự án đầu tư của tư nhân.
Ngân hàng hỗ trợ doanh nghiệp dệt may cạnh tranh đơn hàng,2025-10-09 14:45:00,Ngân hàng,"Tại hội nghị chuyên đề ""Ngành dệt may và chuỗi cung ứng, giải pháp trong biến động"" do Ngân hàng TMCP Á Châu (ACB) và Hiệp hội Dệt may Việt Nam, Hiệp hội Logistics TP.HCM, các đại biểu đã đưa ra những thách thức của ngành dệt may, logistics Việt Nam cũng như giải pháp tháo gỡ."
Mưa lớn và triều cường tại TP.HCM cao còn kéo dài đến khi nào?,2025-10-09 14:05:00,Kinh tế,Trong khi đợt triều cường đã đạt đỉnh và đang xuống thì mưa lớn có khả năng còn kéo dài trong vài ngày tới do ảnh hưởng của vùng áp thấp trên Biển Đông.
"Đề xuất hỗ trợ tối đa 3 triệu đồng, lãi vay 8,4%/năm cho lắp điện mặt trời",2025-10-09 14:02:00,Chính sách - Phát triển,"Bộ Công thương vừa gửi Bộ Tư pháp hồ sơ thẩm định dự thảo quyết định của Thủ tướng Chính phủ quy định về chính sách hỗ trợ cho hộ gia đình lắp đặt điện mặt trời mái nhà tự sản xuất, tự tiêu thụ và hệ thống lưu trữ điện."
"Từ ngày 1.11, chuyển tiền điện tử từ 500 triệu đồng phải báo cáo phòng, chống rửa tiền",2025-10-09 12:51:00,Ngân hàng,"Theo Thông tư 27/2025 hướng dẫn thực hiện một số điều của luật Phòng, chống rửa tiền, các giao dịch điện tử có giá trị từ 500 triệu đồng trở lên hoặc bằng ngoại tệ có giá trị tương đương phải thực hiện báo cáo thông tin tại Cục Phòng, chống rửa tiền."
Cao tốc TP.HCM - Long Thành - Dầu Giây lắp rào chắn mở rộng thi công,2025-10-09 11:10:00,Chính sách - Phát triển,Công ty CP Dịch vụ kỹ thuật đường cao tốc Việt Nam (VEC E) vừa phát đi thông báo về việc tài xế cần hạn chế tốc độ khi lưu thông trên cao tốc TP.HCM - Long Thành - Dầu Giây (cao tốc HLD) từ hôm nay (9.10).
"Bộ Công thương 'chốt': Lắp điện mặt trời tự sử dụng, chỉ cần thông báo",2025-10-09 09:35:00,Chính sách - Phát triển,"Theo ông Bùi Quốc Hùng, Phó cục trưởng Cục Điện lực, điện mặt trời mái nhà tự sản, tự tiêu, tức là điện do người dân tự đầu tư, tự sản xuất ra để phục vụ nhu cầu sử dụng, có thể có một phần dư thừa bán lên lưới điện quốc gia, nhưng mục tiêu chính là tự dùng."
Ký hợp đồng tín dụng hơn 1 tỉ USD cho chuỗi dự án khí điện lô B-Ô Môn,2025-10-09 09:00:00,Ngân hàng,"Tập đoàn Công nghiệp - Năng lượng quốc gia Việt Nam (Petrovietnam) và Ngân hàng TMCP Ngoại thương Việt Nam (Vietcombank) đã ký kết 2 hợp đồng tín dụng trị giá hơn 1 tỉ USD cho Dự án phát triển khai thác khí Lô B&48/95, Lô 52/97 và dự án đường ống dẫn khí lô B - Ô Môn."
Giá USD hôm nay 9.10.2025: Đô tự do tăng,2025-10-09 08:59:00,Ngân hàng,"Các ngân hàng tiếp tục giảm giá USD, trong khi đồng bạc xanh trên thị trường tự do tăng."
"Giá vàng hôm nay 9.10.2025: Đứng yên ở mức kỷ lục 142,5 triệu đồng",2025-10-09 08:43:00,Ngân hàng,Giá vàng trong nước neo cao ở kỷ lục mới trong khi thế giới quay đầu giảm nhẹ từ mức đỉnh.
"VISSAN chủ động tái cấu trúc, tăng tốc sau 55 năm hoạt động",2025-10-09 08:00:00,Kinh tế,"Bất chấp nhiều khó khăn thách thức, Công ty cổ phần Việt Nam Kỹ nghệ Súc sản (VISSAN) - đơn vị trực thuộc Tổng công ty Thương mại Sài Gòn – TNHH Một Thành viên (SATRA) vẫn duy trì ổn định hoạt động sản xuất kinh doanh và đẩy mạnh nhiều hoạt động."
Tết này có thiếu thịt heo?,2025-10-09 04:53:00,Kinh tế,"Dịch bệnh trên gia súc bùng phát, thiên tai bão lũ liên tiếp xảy ra khiến ngành chăn nuôi thiệt hại lớn. Nhiều hộ chăn nuôi kiệt quệ chưa thể tái đàn khi chỉ còn vài tháng nữa là đến tết. Bối cảnh này đặt ra câu hỏi liệu có đủ thịt để cung ứng cuối năm?"
"Thế giới ngầm tiền số ở Việt Nam: Nhận diện 'lùa gà', lừa đảo",2025-10-09 04:00:00,Kinh tế,"Ranh giới giữa những dự án tiền số không thành công và ""lùa gà"", lừa đảo rất mong manh. Thị trường hiện tồn tại các loại tiền số và mỗi năm cơ quan chức năng phát hiện những vụ án ""lùa gà"", lừa đảo liên quan đến tiền số."
Siết cho vay mua nhà thứ 2 gây rủi ro cho thị trường,2025-10-09 04:00:00,Kinh tế,"Đề xuất siết hạn mức cho vay với người mua nhà thứ hai trở đi nhằm hạn chế đầu cơ, kiểm soát giá bất động sản của Bộ Xây dựng vấp phải sự phản ứng mạnh mẽ của thị trường."
Chủ nhân Giải thưởng VinFuture nhận Giải Nobel Hóa học 2025,2025-10-08 20:13:00,Kinh tế,"GS Omar M. Yaghi, nhà hóa học nổi tiếng người Mỹ gốc Jordan - chủ nhân Giải Đặc biệt VinFuture mùa đầu tiên (2021) - vừa được Viện Hàn lâm Khoa học Hoàng gia Thụy Điển công bố là người đoạt Giải Nobel Hóa học năm 2025."
Cảnh báo mưa lớn cộng triều cường cao gây ngập ở TP.HCM và Nam bộ,2025-10-08 17:40:00,Kinh tế,"Mây giông đang phát triển mạnh ở khu vực TP.HCM và Nam bộ, có khả năng xuất hiện mưa lớn trên diện rộng kết hợp triều cường cao gây ngập nhiều nơi."
Hội Doanh nhân trẻ Việt Nam sẽ giúp 10.000 doanh nhân Việt vươn ra thế giới,2025-10-08 17:23:00,Kinh tế,"Tại buổi họp báo công bố Báo cáo tổng hợp Diễn đàn Kinh tế tư nhân Việt Nam 2025, ban tổ chức cho biết, Hội Doanh nhân trẻ Việt Nam sẽ triển khai chương trình đào tạo 10.000 CEO thời kỳ mới và đưa 10.000 doanh nhân Việt vươn ra thị trường thế giới."
"Sau 5 năm lái xe điện, trở lại xe xăng là trải nghiệm khó khăn",2025-10-08 17:15:00,Kinh tế,Đó là chia sẻ của một người dùng trên trang web về công nghệ sạch CleanTechnia mới đây đang nhận được nhiều bình luận.
Tập đoàn KIDO hợp tác cùng HTV hiện thực hóa công nghệ AI,2025-10-08 15:57:00,Kinh tế,"Ngày 7.10, thông qua công ty con, KIDO và HTV chính thức ký hợp tác toàn diện để hiện thực hóa công nghệ AI."
"Giá vàng tăng vọt lên 142,5 triệu đồng/lượng",2025-10-08 15:27:00,Ngân hàng,"Đầu giờ chiều 8.10, giá vàng miếng SJC và vàng nhẫn tiếp tục tăng lên mức cao kỷ lục khi thêm từ 1,9 - 2 triệu đồng/lượng. Kim loại quý trên thị trường thế giới liên tục phá đỉnh."
"336 điểm ùn tắc phức tạp, TP.HCM ra 'tối hậu thư' cho loạt dự án trọng điểm",2025-10-08 15:26:00,Chính sách - Phát triển,UBND TP.HCM vừa có văn bản thông báo kết luận của Phó chủ tịch UBND TP Bùi Xuân Cường sau buổi làm việc với các đơn vị liên quan về khắc phục tình trạng ùn tắc giao thông trên địa bàn.
Hộ kinh doanh lo chi phí tăng và sai phạm khi xuất hóa đơn,2025-10-08 15:07:00,Chính sách - Phát triển,"Chỉ còn chưa đầy ba tháng nữa, hơn 5 triệu hộ kinh doanh (HKD) sẽ không còn nộp thuế theo phương pháp khoán mà chuyển sang nộp thuế theo kê khai. Tại hội thảo 'Sắp bỏ thuế khoán, hộ kinh doanh cần chuẩn bị gì?' do báo Tuổi Trẻ tổ chức ngày 8.10, nhiều hộ kinh doanh (HKD) lo ngại thực hiện xuất hóa đơn sẽ làm tăng chi phí, dễ dẫn đến sai phạm."
Mở rộng Khu bảo tồn Đồng Tháp Mười để chim có nơi cư ngụ,2025-10-08 14:58:00,Chính sách - Phát triển,"Trước thực trạng không gian cư trú của nhiều loài chim bị thu hẹp, tỉnh Đồng Tháp đang chuẩn bị mở rộng Khu bảo tồn sinh thái Đồng Tháp Mười."
Thu nhập dưới 200 triệu đồng/năm gần như không có khả năng mua nhà,2025-10-08 11:52:00,Địa ốc,"Báo cáo thị trường bất động sản quý 3/2025 của Trung tâm Nghiên cứu Thị trường và Am hiểu Khách hàng One Mount Group cho thấy giá căn hộ trung bình tại cả hai đô thị lớn là Hà Nội và TP.HCM tiếp tục tăng mạnh, trên 20% so với cùng kỳ năm trước. Giá tăng cao khiến đại đa số người dân càng khó mua nhà."
Giá vàng tăng lên sát 142 triệu đồng/lượng,2025-10-08 11:42:00,Ngân hàng,"Vàng tiếp tục tăng thêm 500.000 đồng mỗi lượng, lên sát mức 142 triệu đồng/lượng. Khách hàng vẫn tiếp tục xếp hàng dài chờ mua vàng."
Nghịch lý: Doanh nghiệp phải đi thuê đất lại của chính mình,2025-10-08 11:26:00,Địa ốc,"Để có đất xây dựng nhà máy, nhà xưởng... trước đây nhiều doanh nghiệp phải ""giao"" đất của mình cho nhà nước, sau đó phải thuê lại chính mảnh đất của mình."
Mở hướng đi mới cho phát triển năng lượng tái tạo vùng ĐBSCL,2025-10-08 11:24:00,Kinh tế,"Vĩnh Long tổ chức hội thảo nhằm đề ra giải pháp tháo gỡ 3 ""nút thắt"" lớn và mở hướng đi mới cho phát triển năng lượng tái tạo vùng ĐBSCL."
VPBank kiến tạo chuẩn mực mới và riêng biệt cho khách hàng siêu giàu,2025-10-08 11:11:00,Kinh tế,Giới siêu giàu tìm đến ngân hàng không phải để tìm một chiếc két sắt cất tiền. Điều họ mong chờ là những kế hoạch quản lý tài sản hiệu quả và những đặc quyền không dành cho số đông. VPBank Private được lựa chọn nhờ sự thấu hiểu sâu sắc nhu cầu khác biệt đó.
Người phụ nữ miền Tây trồng dưa lưới kết hợp làm du lịch,2025-10-08 09:06:00,Làm giàu,"Nhờ ứng dụng khoa học - công nghệ, sản xuất theo chuẩn VietGAP và đa dạng hóa sản phẩm, bà Trần Thị Út (52 tuổi) từng bước khẳng định hướng đi bền vững cho dưa lưới."
Khách hàng người nước ngoài quan tâm đặc biệt The Privé,2025-10-08 09:00:00,Kinh tế,"Theo khảo sát thường niên Expat City Ranking 2021 của InterNations (cộng đồng người nước ngoài lớn bậc nhất thế giới), TP.HCM được xếp hạng 6 trong Top 10 thành phố tốt nhất cho người nước ngoài sinh sống và làm việc, trên tổng số 57 thành phố toàn cầu được khảo sát."
"Lừa đảo ngày càng tinh vi, ngân hàng đang làm gì để bảo vệ người dùng?",2025-10-08 08:53:00,Kinh tế,"Hàng ngàn câu chuyện lừa đảo, nhưng chung quy chỉ có một lưu ý quan trọng: vài phút bất cẩn, tiền trong tài khoản sẽ sẵn sàng 'bốc hơi'. Cũng chính từ đó, công nghệ bảo mật ngân hàng, đặc biệt tại ACB đang cho thấy vai trò như một 'phao cứu sinh' kịp thời, bảo vệ tài sản người dùng trước mạng lưới lừa đảo ngày càng tinh vi."
"Giá vàng hôm nay 8.10.2025: Tiếp tục tăng mạnh, lên 141,4 triệu đồng",2025-10-08 08:50:00,Ngân hàng,"Giá vàng trong và ngoài nước tiếp tục tăng mạnh, lập các mức kỷ lục mới."
Yêu cầu khôi phục phà Bình Quới ngay trong tháng 10,2025-10-08 08:46:00,Chính sách - Phát triển,Chỉ đạo vừa được Phó chủ tịch UBND TP.HCM Bùi Xuân Cường đưa ra sau buổi làm việc với các đơn vị liên quan về khắc phục tình trạng ùn tắc giao thông trên địa bàn.
Tới Cần Giờ trong 'một nốt nhạc' nhờ loạt dự án khủng,2025-10-08 08:45:00,Kinh tế,"Cần Giờ đang là từ khóa 'hot' nhất mấy ngày qua khi Vingroup đề xuất được nghiên cứu xây dựng dự án đường vượt biển nối Cần Giờ - Vũng Tàu. Nếu dự án được thông qua và triển khai, 'kho báu' của TP.HCM sẽ chính thức được mở để đột phá toàn diện về dịch vụ, du lịch và kinh tế biển."
"Mừng ngày đôi 10.10, Vietjet tặng triệu vé giảm nửa giá cho tín đồ du lịch",2025-10-08 08:40:00,Kinh tế,"Đón mừng mùa thu 2025, Vietjet dành tặng các tín đồ du lịch triệu vé bay Eco giảm đến 50% (chưa bao gồm thuế, phí) để khám phá Việt Nam và thế giới."
"Trả thưởng gần 2.594 tỉ đồng, xổ số Cần Thơ tăng 4 triệu vé số cào",2025-10-08 08:40:00,Kinh tế,"Sau khi trả thưởng gần 2.594 tỉ đồng, xổ số kiến thiết Cần Thơ tiếp tục phát hành thêm 4 triệu vé số cào biết kết quả ngay nhằm bù đắp cho sự thiếu hụt vé số truyền thống đang ""cháy hàng""."
Giá USD hôm nay 8.10.2025: Ngân hàng đồng loạt giảm,2025-10-08 08:37:00,Ngân hàng,Giá USD trong các ngân hàng thương mại tiếp tục giảm mạnh ở chiều bán ra dù thế giới đi lên.
Siết cho vay mua nhà thứ 2 trở lên: Có kéo giảm được giá nhà?,2025-10-08 08:24:00,Kinh tế,"Trước đề xuất của Bộ Xây dựng siết tín dụng cho vay mua nhà đối với căn nhà thứ 2, thứ 3, nhiều lo ngại cho rằng giới đầu cơ có thể không ảnh hưởng nhiều, mà tác động ngược tới những người có nhu cầu mua nhà thực."
"Phát Đạt nỗ lực tăng tốc trong quý III/2025, doanh thu 9 tháng vượt 1.190 tỉ đồng",2025-10-08 08:00:00,Kinh tế,"Theo dự phóng kết quả kinh doanh quý III/2025, Công ty Cổ phần Phát triển bất động sản Phát Đạt (HOSE: PDR) ghi nhận tốc độ tăng trưởng tích cực, thể hiện hiệu quả trong chiến lược tái cơ cấu danh mục dự án và mở rộng nguồn thu."
"Bộ Xây dựng, VCCI kiến nghị về thuế thu nhập cá nhân",2025-10-08 07:17:00,Kinh tế,"Bộ Xây dựng, VCCI và nhiều đơn vị cùng đề nghị Bộ Tài chính cân nhắc, giữ nguyên quy định về thời điểm khấu trừ thuế thu nhập cá nhân với cổ tức bằng chứng khoán như hiện hành."
Thủ tướng yêu cầu báo cáo chính sách thuế bất động sản trước 15.10,2025-10-08 06:31:00,Kinh tế,"Thủ tướng yêu cầu Bộ Tài chính khẩn trương báo cáo chính sách thuế bất động sản trước ngày 15.10. Nghiên cứu, điều chỉnh quy định về tiền sử dụng đất hợp lý, không để là nguyên nhân tăng giá bất động sản, nhà ở."
Nóng: FTSE Russell chính thức nâng hạng thị trường chứng khoán Việt Nam,2025-10-08 06:22:00,Chứng khoán,Thị trường chứng khoán Việt Nam chính thức được nâng hạng từ thị trường cận biên lên thị trường mới nổi thứ cấp.
Loạt dự án trọng điểm tăng tốc về đích,2025-10-08 04:00:00,Kinh tế,Hàng loạt các công trình trọng điểm quốc gia đang chạy hết tốc lực để về đích vào cuối năm nay.
Phạm Băng Băng bị chỉ trích vì thiếu chuyên nghiệp,2025-10-16 16:45:00,Phim,"Nhà sản xuất kỳ cựu Trần Lam mới đây gây xôn xao làng giải trí Hoa ngữ khi công khai chỉ trích Phạm Băng Băng, vì hành vi làm việc thiếu chuyên nghiệp trong quá trình hợp tác quay bộ phim bom tấn 'Phong thần bảng'."
"Chuyện tình thăng trầm của chân dài 1,2 m và bạn trai kém tuổi",2025-10-16 16:40:00,Đời nghệ sĩ,"Sau nhiều năm gắn bó, Trương Mỹ Nhân và bạn trai Phí Ngọc Hưng hiện có tổ ấm hạnh phúc bên hai con nhỏ. Song để có được tổ ấm viên mãn, cả hai từng trải qua không ít sóng gió, chia tay rồi tái hợp và những bài học trưởng thành trong tình yêu."
Tom Cruise chia tay người tình kém 26 tuổi,2025-10-16 16:32:00,Đời nghệ sĩ,"Sau vài tháng gây bàn tán với tin đồn hẹn hò, Tom Cruise và Ana de Armas được cho là đã chia tay. Trước đó, cặp sao này liên tục lộ ảnh sánh bước bên nhau."
"Hari Won, Sam rạng rỡ mừng Trương Quỳnh Anh lên chức",2025-10-16 16:28:00,Đời nghệ sĩ,"Diễn viên Trương Quỳnh Anh thử sức ở lĩnh vực kinh doanh bằng việc khai trương nhà hàng chay. Nhiều đồng nghiệp như Sam, Hari Won, Thanh Trúc, Kha Ly... đến chúc mừng cô 'lên chức' bà chủ."
Quốc Thiên kể chuyện tình qua hình ảnh người lính cứu hỏa,2025-10-16 15:18:00,Giải trí,"Sau khi gây chú ý với hình ảnh người lính cứu hỏa trong chương trình truyền hình thực tế 'Chiến sĩ quả cảm', Quốc Thiên tiếp tục khai thác hình tượng này trong MV 'Tự dưng thành người lạ' ra mắt hôm 15.10."
Mối quan hệ 'căng thẳng' giữa Justin Bieber với mẹ ruột,2025-10-16 15:12:00,Đời nghệ sĩ,Mối quan hệ giữa Justin Bieber và mẹ ruột Pattie Mallette dường như trở nên căng thẳng hơn trong thời gian gần đây và điều này đang diễn ra một cách công khai.
"Britney Spears mệt mỏi, tổn thương vì bị chồng cũ viết sách kể xấu",2025-10-16 15:07:00,Đời nghệ sĩ,"Trên mạng xã hội, Britney Spears chỉ trích chồng cũ - Kevin Federline, vì đã làm tổn thương cô bằng cuốn sách đầy những thông tin tiêu cực và sai lệch."
Jennifer Lopez tiết lộ 'tìm đến tâm linh' sau khi ly hôn Ben Affleck,2025-10-16 14:17:00,Câu chuyện văn hóa,"Trong cuộc phỏng vấn gần đây để quảng bá cho bộ phim 'Kiss of the Spider Woman' ra mắt vào đầu năm 2026, Jennifer Lopez đã úp mở về cuộc sống riêng sau khi chia tay Ben Affleck."
Hailey Bieber sẽ làm gì với 1 tỉ USD sau khi bán Rhode?,2025-10-16 13:59:00,Đời nghệ sĩ,Người mẫu kiêm doanh nhân Hailey Bieber mới đây chia sẻ về cách cô dự định sử dụng 1 tỉ USD thu được sau thương vụ bán thương hiệu làm đẹp Rhode cho Tập đoàn e.l.f. Beauty hồi tháng 5.2025.
"Băng Di: Rời khỏi phim trường 'Cục vàng của ngoại', tôi không dám về nhà",2025-10-16 13:50:00,Phim,"Sau 2 năm kể từ vai Tư Mắm trong 'Đất rừng Phương Nam', Băng Di góp mặt trong phim điện ảnh 'Cục vàng của ngoại' và nhận được nhiều sự quan tâm từ khán giả. Thêm vào đó, nữ diễn viên cũng vừa được bạn trai doanh nhân Justin H Chiêm cầu hôn nên càng được chú ý hơn."
Con gái hưởng hơn 1.700 tỉ đồng từ di sản của Michael Jackson,2025-10-16 13:44:00,Đời nghệ sĩ,"Theo People hôm 15.10, Paris Jackson đã nhận được khoản tiền 65 triệu USD (hơn 1.711 tỉ đồng) từ khối tài sản kếch xù của người cha quá cố - 'ông hoàng nhạc pop"" Michael Jackson."
Gia thế khủng của chồng sắp cưới Hoa hậu Đỗ Thị Hà,2025-10-16 13:39:00,Đời nghệ sĩ,"Ngày 16.10, thông tin Hoa hậu Đỗ Thị Hà và thiếu gia Nguyễn Viết Vương tổ chức lễ ăn hỏi nhanh chóng gây chú ý trên mạng xã hội. Chồng của nàng hậu sinh năm 2001 được biết đến là tổng giám đốc một tập đoàn trong lĩnh vực hạ tầng giao thông."
"Jasmine Tookes khoe bụng bầu, Gigi Hadid, Alessandra Ambrosio… bốc lửa ở show Victoria's Secret 2025",2025-10-16 13:14:00,Giải trí,"Victoria's Secret Fashion Show 2025 trở lại với màn sải bước đầy nóng bỏng của loạt ""thiên thần nội y"": Gigi Hadid, Bella Hadid, Emily Ratajkowski, Alessandra Ambrosio, Candice Swanepoel… Trong khi đó, Jasmine Tookes gây 'choáng' với màn khoe bụng bầu táo bạo."
Hoa hậu Hà Trúc Linh đọ sắc với Phương Linh,2025-10-16 12:36:00,Đời nghệ sĩ,"Xuất hiện tại một sự kiện, Hoa hậu Phương Linh và Trúc Linh có dịp được trò chuyện nhiều hơn và mở rộng kiến thức về văn hóa Việt."
Hoa hậu Đỗ Thị Hà rạng ngời trong lễ ăn hỏi,2025-10-16 09:46:00,Đời nghệ sĩ,"Sáng 16.10, lễ ăn hỏi (lễ nạp tài) của Hoa hậu Việt Nam 2020 Đỗ Thị Hà cùng thiếu gia Nguyễn Viết Vương diễn ra tại nhà gái ở xã Đông Thành (Thanh Hóa) trong sự hân hoan của đôi bên gia đình và người dân địa phương."
"Lâm Vỹ Dạ gợi cảm sau khi giảm cân, được chồng 'hộ tống' đi sự kiện",2025-10-16 07:14:00,Phim,"Nhiều nghệ sĩ Việt như Hữu Châu, Ngân Quỳnh, Lâm Vỹ Dạ - Hứa Minh Đạt... đến ủng hộ ê kíp trong ngày phim 'Cục vàng của ngoại' chính thức ra mắt."
Chuyện chưa kể sau bản hit tỉ view của Nguyễn Văn Chung,2025-10-15 22:05:00,Truyền hình,"Là khách mời trong 'Kính đa chiều', nhạc sĩ Nguyễn Văn Chung đã có những chia sẻ về làn sóng âm nhạc yêu nước trong giới trẻ, đặc biệt là hành trình lan tỏa của ca khúc 'Viết tiếp câu chuyện hòa bình'."
'Vi Tiểu Bảo' Trương Vệ Kiện và mối thù oán hận cha ruột,2025-10-15 20:05:00,Đời nghệ sĩ,Nam diễn viên Hồng Kông - Trương Vệ Kiện vừa có những chia sẻ thẳng thắn về tuổi thơ ám ảnh bởi bạo lực gia đình và hành trình tìm đến sự tha thứ nhờ lòng vị tha của mẹ.
Nhan sắc gây kinh ngạc của Lý Nhược Đồng khi sắp chạm tuổi 60,2025-10-15 19:56:00,Đời nghệ sĩ,"Gần ba thập niên trôi qua kể từ vai diễn kinh điển Tiểu Long Nữ, Lý Nhược Đồng vẫn là một biểu tượng sắc đẹp không thể thay thế trong lòng khán giả. Ở tuổi 59, cô không chỉ giữ được nét thanh xuân đáng ngưỡng mộ mà còn ngày càng tỏa sáng với phong thái tự tin, thần sắc rạng rỡ và một vóc dáng săn chắc khiến nhiều người trầm trồ."
Việt Hương tuyên bố tặng nhẫn kim cương cho đàn em giữa sự kiện,2025-10-15 19:50:00,Phim,"Hay tin diễn viên Băng Di vừa được bạn trai cầu hôn, nghệ sĩ Việt Hương gây bất ngờ khi tuyên bố sẽ tặng cho đàn em nhẫn kim cương với lời chúc hạnh phúc."
Nicole Kidman chuyển ra nước ngoài sinh sống sau ly hôn,2025-10-15 16:30:00,Đời nghệ sĩ,"Sau khi thông báo ly hôn, thông tin Nicole Kidman nộp đơn xin cư trú tại Bồ Đào Nha bất ngờ được quan tâm trở lại. Điểm đến mà minh tinh 6X cân nhắc nằm ở khu nghỉ dưỡng nơi vợ chồng Hoàng tử Harry sinh sống."
Chàng trai U.40 'chưa mảnh tình vắt vai' khiến cô gái lo ngại khi được mai mối,2025-10-15 16:11:00,Truyền hình,"Chàng trai 35 tuổi chưa từng có mối tình nào đến 'Bạn muốn hẹn hò' tìm bạn gái. Nhờ sự hỗ trợ của Quyền Linh và Ngọc Lan, anh đã thành công chinh phục được cô gái trong chương trình."
Niềm hạnh phúc của danh ca Thái Châu ở tuổi xế chiều,2025-10-15 13:30:00,Truyền hình,"'Tôi vui vì lớp trẻ hiện nay rất tài năng, thông minh và sáng tạo, điều đó giúp nền âm nhạc Việt Nam phát triển và tôi cảm thấy vô cùng tự hào', danh ca Thái Châu bày tỏ."
Hai tù nhân ra tòa vì đâm chết ca sĩ Ian Watkins trong trại giam,2025-10-15 13:25:00,Đời nghệ sĩ,"Ian Watkins, cựu thủ lĩnh ban nhạc rock lừng danh Lostprophets, đã bị đâm chết trong một nhà tù ở Anh. Hai người đàn ông bị buộc tội giết người và đã ra hầu tòa."
Hoa hậu Đỗ Thị Hà sắp 'lên xe hoa' với bạn trai thiếu gia,2025-10-15 12:38:00,Đời nghệ sĩ,Thông tin Hoa hậu Đỗ Thị Hà chuẩn bị 'về chung một nhà' với bạn trai doanh nhân sau thời gian tìm hiểu nhận được nhiều sự quan tâm của khán giả.
Băng Di được bạn trai Việt kiều cầu hôn,2025-10-15 10:49:00,Đời nghệ sĩ,"Sau 9 năm hẹn hò, diễn viên Băng Di chính thức được bạn trai doanh nhân Việt kiều - Justin Chiêm cầu hôn."
Nam diễn viên Lý Uy hầu tòa vì liên quan vụ án mạng chấn động Đài Loan,2025-10-15 09:11:00,Đời nghệ sĩ,"Nam diễn viên Lý Uy, người bị cáo buộc tiếp tay trong vụ án mạng tại một tu viện ở Đài Bắc, đã chuyển sang làm nhân chứng để xin giảm nhẹ hình phạt. Anh bất ngờ thay đổi lời khai và khẳng định mình vô tội."
"Lương Vĩ chạy xe ôm mưu sinh, quyết không bỏ cải lương vì lý do đặc biệt",2025-10-15 08:23:00,Đời nghệ sĩ,"Vì tình hình show diễn hạn chế, Lương Vĩ chạy xe ôm công nghệ để có thêm kinh phí trang trải cuộc sống. Tuy nhiên, anh khẳng định vẫn dành sự ưu tiên cho cải lương."
Nghệ sĩ Thanh Hằng khóc nghẹn giữa sự kiện,2025-10-15 07:39:00,Phim,"Tại sự kiện công bố phim 'Nhà ma xó', nghệ sĩ Thanh Hằng không giấu được xúc động khi tái hiện lại nhân vật. Đồng thời, cô cũng có những chia sẻ về màn thử sức ở lĩnh vực điện ảnh này."
Thấy gì từ cuộc đối đầu của loạt show truyền hình lớn?,2025-10-15 05:46:00,Giải trí,"Thị trường gameshow Việt hiện nay chứng kiến cuộc cạnh tranh khốc liệt của nhiều chương trình, thuộc nhiều thể loại khác nhau. Trong đó, chỉ riêng tối thứ bảy hằng tuần có 3 chương trình lên sóng, gồm: Anh trai ""say hi"", Running Man Vietnam và Tân binh toàn năng."
Đạo diễn tiết lộ lý do mời Đỗ Thị Hải Yến đóng Dương Vân Nga,2025-10-14 19:57:00,Phim,Bộ phim 'Hộ linh tráng sĩ - Bí ẩn mộ vua Đinh' do đạo diễn Nguyễn Phan Quang Bình cầm trịch đang khởi quay. Vai Hoàng hậu Dương Vân Nga trong phim được giao cho diễn viên Đỗ Thị Hải Yến.
'Quách Tĩnh' Lý Á Bằng ly hôn vợ kém 19 tuổi,2025-10-14 16:33:00,Đời nghệ sĩ,"Hôm 14.10, Lý Á Bằng và Hải Hà Kim Hỷ thông báo ly hôn sau hơn 3 năm chung sống. Trước đó, tài tử phim 'Anh hùng xạ điêu' và vợ trẻ vướng tin đồn đổ vỡ nhưng phủ nhận."
Phản ứng của dân mạng sau vụ Shark Bình bị bắt,2025-10-14 16:32:00,Giải trí,"Theo ghi nhận, từ khóa liên quan đến Shark Bình được tìm kiếm tăng vọt trên Google sau khi thông tin nam doanh nhân bị bắt được công bố."
'Đường Tăng' Giang Hoa chật vật xuống phố mưu sinh,2025-10-14 16:28:00,Đời nghệ sĩ,"Từng gây tiếng vang khắp châu Á với vai Đường Tăng trong 'Tây Du Ký' phiên bản TVB, nam diễn viên Giang Hoa nay phải rời xa màn ảnh, kiếm sống bằng nghề bán bảo hiểm và biểu diễn tại các địa điểm du lịch."
Phản ứng của William và Kate khi Meghan Markle rời hoàng gia,2025-10-14 16:20:00,Đời nghệ sĩ,"Khi Hoàng tử Harry và Meghan Markle tuyên bố rút khỏi các nghĩa vụ hoàng gia vào đầu năm 2020, công chúng Anh đã bàng hoàng trước sự tan rã đột ngột của 'bộ tứ hoàng gia'."
BlackPink lộ dấu hiệu rạn nứt sau màn solo của Jisoo?,2025-10-14 15:59:00,Đời nghệ sĩ,"Jennie, Lisa và Rosé bị chỉ trích vì đã phớt lờ sản phẩm âm nhạc mới của Jisoo hợp tác với Zayn Malik, khiến người hâm mộ nghi vấn nhóm BlackPink đang xảy ra xích mích."
Sắc vóc Tăng Thanh Hà ở tuổi 39,2025-10-14 15:48:00,Đời nghệ sĩ,"Xuất hiện sau nhiều năm kín tiếng, Tăng Thanh Hà khiến khán giả xuýt xoa trước vẻ gợi cảm, quyến rũ ở tuổi 39."
"Dương Ngọc Thái: Vợ rất giỏi chịu đựng, ở nhà tôi sống như 'ông vua'",2025-10-14 15:44:00,Truyền hình,"Dương Ngọc Thái thừa nhận trước khi có con, anh là người ham chơi và ít khi ở nhà với vợ. Tuy vậy, vợ anh vẫn chấp nhận và quán xuyến tốt công việc nhà cửa."
Tòa ra phán quyết về vụ trộm cắp vặt của ca sĩ Lynda Trang Đài,2025-10-14 14:21:00,Giải trí,"Vụ án liên quan đến Lynda Trang Đài chính thức khép lại sau phiên tòa nhận tội tại bang Florida (Mỹ) vào ngày 13.10 (giờ địa phương). Nữ ca sĩ hải ngoại bị phạt tổng cộng 273 USD (hơn 7,1 triệu đồng) và thoát tội hình sự."
"Chàng trai vừa mở rào đã cưỡng hôn, bị cô gái U.40 từ chối hẹn hò",2025-10-14 13:24:00,Truyền hình,"Tham gia show hẹn hò, Đức Thắng và Tuyết Mai đều mong tìm được mối tình chân thành sau nhiều tổn thương trong quá khứ. Tuy nhiên, hành động quá vội vã của đàng trai ngay khi mới gặp mặt đã khiến cô gái e ngại rồi từ chối hẹn hò."
"Ca, nhạc sĩ bị triệu tập vì liên quan đến vụ Ngân 98 là ai?",2025-10-14 13:17:00,Đời nghệ sĩ,"Liên quan đến vụ việc của Ngân 98, nhiều khán giả vào trang cá nhân của Lương Bằng Quang để lại những bình luận trái chiều."
Hoa hậu Bảo Ngọc làm điều đặc biệt cho trẻ em vùng lũ,2025-10-14 12:15:00,Đời nghệ sĩ,"Đến với các điểm trường ở hai tỉnh Lạng Sơn và Bắc Ninh, Hoa hậu Bảo Ngọc không chỉ giúp sửa chữa lại cơ sở vật chất mà còn tạo sân chơi cho các em."
Cựu Thủ tướng Canada theo đuổi Katy Perry 'nồng nhiệt' trước khi lộ ảnh thân mật,2025-10-14 11:39:00,Đời nghệ sĩ,"Theo People, Katy Perry từng không có ý định hẹn hò sau khi vừa đổ vỡ tình cảm nhưng chính ông Justin Trudeau đã chủ động theo đuổi nữ ca sĩ kể từ buổi gặp gỡ đầu tiên. Cặp đôi được cho là đã lặng lẽ bên nhau từ nhiều tháng qua."
Bạn gái phản hồi tin đồn chia tay NSND Việt Anh,2025-10-14 09:58:00,Đời nghệ sĩ,"Trước những thông tin thất thiệt liên quan đến chuyện tình cảm, bạn gái NSND Việt Anh lên tiếng phủ nhận. Cô còn đăng tải hình ảnh thân thiết của cả hai như cách để làm rõ tin đồn chia tay."
Phản ứng của Tuấn Khải khi Lê Khánh đóng cảnh nóng với đàn em kém tuổi,2025-10-14 08:29:00,Phim,"Là chị em thân thiết ngoài đời, Quốc Trường và Lê Khánh gặp chút khó khăn khi thực hiện phân đoạn táo bạo trong dự án 'Chị ngã em nâng'."
Trấn Thành 'đứng hình' khi đối mặt với bản sao Hari Won,2025-10-14 06:17:00,Truyền hình,"Dẫn dắt chương trình về trí tuệ nhân tạo, Trấn Thành được phen hoang mang khi gặp bản sao của ca sĩ Hari Won."
Thợ máy vỡ òa khi chinh phục được nữ nhân viên văn phòng trên show hẹn hò,2025-10-13 19:45:00,Truyền hình,"Thợ máy 32 tuổi tham gia 'Bạn muốn hẹn hò' với mong muốn tìm được người bạn đời cùng đồng hành trong cuộc sống. Anh nhận được sự hỗ trợ nhiệt tình từ MC Quyền Linh, thành công chinh phục được trái tim cô nhân viên văn phòng đến từ An Giang."
Ca sĩ Mỹ Linh sau cơn sốt 'Chị đẹp',2025-10-13 16:34:00,Đời nghệ sĩ,"Sau hiệu ứng mạnh mẽ từ chương trình 'Chị đẹp đạp gió rẽ sóng', diva Mỹ Linh đang chứng minh sức lan tỏa bền bỉ của mình không chỉ trong nước mà còn trên bản đồ âm nhạc quốc tế."
Nhà sản xuất 'Gia đình haha' lên tiếng cảnh báo,2025-10-13 16:24:00,Truyền hình,"Phía nhà sản xuất 'Gia đình haha' vừa có bài đăng phản hồi trước việc một số trang tin sử dụng logo, hình ảnh chương trình, gây nhầm lẫn cho khán giả."
Cảnh Điềm chứng minh nhan sắc 'đẹp nhất Bắc Kinh' với loạt ảnh trong quá khứ,2025-10-13 13:45:00,Đời nghệ sĩ,"Sở hữu gương mặt thanh tú, vóc dáng mảnh mai và thần thái sang trọng, Cảnh Điềm một lần nữa khiến công chúng thừa nhận danh xưng 'mỹ nhân số một Bắc Kinh' sau khi loạt ảnh thuở đôi mươi của cô được lan truyền trở lại."
Ngân 98 trước khi bị bắt tạm giam,2025-10-13 13:39:00,Đời nghệ sĩ,"Hoạt động với vai trò người mẫu ảnh, DJ song Ngân 98 lại được chú ý vì những scandal hay chuyện tình cảm."
Ngân 98: Từ ‘hot girl thị phi’ đến scandal bị bắt tạm giam,2025-10-13 12:27:00,Đời nghệ sĩ,"Thông tin Ngân 98 bị bắt tạm giam được nhiều người quan tâm. Trước đó, cô gây chú ý bởi danh xưng ‘hot girl thị phi’ khi vướng ồn ào về ăn mặc, phát ngôn…"
Vẻ ngoài khác lạ của Hoa hậu Việt Nam,2025-10-13 12:10:00,Đời nghệ sĩ,"Khác với hình ảnh dịu dàng, trong trẻo, Hoa hậu Việt Nam 2024 Hà Trúc Linh hiếm hoi khoe vẻ ngoài gợi cảm với trang phục cá tính khi tham gia một sự kiện thời trang."
Kẻ châm ngòi cho 'cuộc chiến' giữa Taylor Swift và Charli XCX là ai?,2025-10-13 12:08:00,Đời nghệ sĩ,"Tin đồn về 'cuộc chiến ngầm' giữa Taylor Swift và Charli XCX đang khiến cộng đồng mạng dậy sóng, khi người hâm mộ cho rằng ca khúc mới của nữ ca sĩ 36 tuổi ẩn chứa những lời đáp trả nhắm thẳng vào đàn em."
"Lam Trường làm 'bố bỉm sữa' ở tuổi 51, không ngại thức đêm phụ vợ chăm con",2025-10-13 09:12:00,Đời nghệ sĩ,"Ở tuổi 51, ca sĩ Lam Trường viên mãn bên tổ ấm của mình. Giọng ca 'Tình thôi xót xa' có con trai thứ hai 5 tháng tuổi, không ngại thức đêm pha sữa, ru con ngủ... để vợ được nghỉ ngơi."
"Nghệ sĩ Hữu Nghĩa nhắc về thuở hàn vi, tiết lộ tình hình của Phước Sang",2025-10-13 08:15:00,Đời nghệ sĩ,"Nghệ sĩ Hữu Nghĩa vừa có những trải lòng về tình bạn với đạo diễn Phước Sang, đồng thời mong đồng nghiệp sớm ổn định sức khỏe sau biến cố."
Ca sĩ Ian Watkins bị đâm chết trong tù,2025-10-13 08:12:00,Đời nghệ sĩ,"Hôm 11.10 (giờ địa phương), cựu ngôi sao nhạc rock Ian Watkins vừa bị tấn công bằng dao khi đang thụ án trong nhà tù ở West Yorkshire (Anh) và được xác nhận tử vong tại hiện trường."
"Cô gái cao 1,84 m giành quán quân 'Vietnam's Next Top Model'",2025-10-13 08:09:00,Giải trí,"Vượt qua 3 đối thủ trong đêm chung kết, Lại Mai Hoa giành thành tích quán quân 'Vietnam's Next Top Model 2025'. Cô cũng là ứng viên cao nhất tại cuộc thi này."
Lý do Tuyền Mập rạch ròi giữa tiền bạc với tình cảm gia đình,2025-10-13 08:05:00,Truyền hình,"Trong chương trình 'Chị em gỡ rối', diễn viên Tuyền Mập thẳng thắn chia sẻ quan niệm về sự rạch ròi tài chính với người thân trong gia đình."
Hoa hậu Phan Thị Mơ đón tin vui,2025-10-12 19:24:00,Đời nghệ sĩ,"Sau 4 năm giữ vai trò Phó Chủ tịch Câu lạc bộ Doanh nhân Đồng Tháp tại TP.HCM, Hoa hậu Phan Thị Mơ chính thức tái đắc cử vị trí này nhiệm kỳ 2024 - 2029."
'Tân binh toàn năng' dẫn đầu rating khung giờ vàng trên VTV3,2025-10-12 19:18:00,Giải trí,Cuộc đối đầu giữa đội hình 'Tân binh toàn năng' với nhóm nhạc Hàn Quốc khiến show thực tế này thu hút hàng triệu khán giả mỗi tập phát sóng đồng thời dẫn đầu rating khung giờ vàng của VTV3.
Lính hải quân Mỹ quyết nghỉ hưu sớm để cưới vợ Việt chỉ sau 5 ngày gặp,2025-10-12 19:14:00,Truyền hình,"Tại chương trình 'Vợ chồng son', Nguyễn Bích Ngọc khiến Hồng Vân thích thú khi kể về hành trình yêu và cưới cựu lính hải quân Mỹ đầy thú vị."
Katy Perry lộ ảnh ôm hôn cựu Thủ tướng Canada trên du thuyền,2025-10-12 19:09:00,Đời nghệ sĩ,"Sau nhiều tuần vướng tin đồn hẹn hò, mối quan hệ của Katy Perry và cựu Thủ tướng Canada Justin Trudeau lại 'nóng' lên khi cả hai lộ loạt ảnh ôm hôn thân mật trên du thuyền xa hoa."
Nhan sắc và cuộc sống của NSND Quế Trân ở tuổi 44,2025-10-12 19:06:00,Đời nghệ sĩ,Tuy không xuất hiện quá nhiều trên sân khấu cải lương hay các sự kiện giải trí nhưng tên tuổi NSND Quế Trân vẫn giữ được 'sức nóng' và được nhiều khán giả yêu mến trong nhiều năm qua.
Concert 2 'Em xinh say hi' gặp hàng loạt sự cố,2025-10-12 13:59:00,Giải trí,"Tối 11.10, đêm concert 2 của chương trình 'Em xinh say hi' chính thức diễn ra tại sân vận động quốc gia Mỹ Đình, Hà Nội. Tuy vậy, vài sự cố về pháo hoa, âm thanh đã khiến phần thưởng thức của khán giả chưa được trọn vẹn."
Xôn xao khoảnh khắc Thuận Nguyễn 'cầu hôn' em gái Trấn Thành,2025-10-12 12:09:00,Phim,Khoảnh khắc Thuận Nguyễn trao nhẫn cho em gái Trấn Thành tại một sự kiện giao lưu với khán giả của ê kíp phim 'Chị ngã em nâng' được nhiều người quan tâm.
Nghệ sĩ Việt Hương chia sẻ về quá khứ,2025-10-12 08:41:00,Đời nghệ sĩ,"Tham gia 'Cục vàng của ngoại', nghệ sĩ Việt Hương bồi hồi chia sẻ về những kỷ niệm quá khứ gắn với người bà của mình."
"Tiểu Bảo Quốc 20 năm 'gà trống nuôi con', không dám nghĩ tới chuyện đi bước nữa",2025-10-12 07:18:00,Đời nghệ sĩ,"Hơn 20 năm 'gà trống nuôi con', Tiểu Bảo Quốc mãn nguyện khi con trai nay đã trưởng thành, hiếu thảo. Ở tuổi 63, nam nghệ sĩ bày tỏ chỉ mong có đủ sức khỏe để được sống bình yên bên mẹ già và con trai."
"'Bà hoàng phim ma' La Lan gặp tai nạn, quyết định hiến xác sau nhiều biến cố",2025-10-11 16:54:00,Đời nghệ sĩ,"La Lan - nữ diễn viên gạo cội của điện ảnh Hồng Kông đã có hơn 70 năm cống hiến cho nghệ thuật. Mới đây, bà bất ngờ gặp chấn thương tại nhà riêng và chia sẻ kế hoạch về tương lai sau này."
"Bạch Lộc tiết lộ mắc bệnh, sụt còn 43 kg",2025-10-11 16:48:00,Đời nghệ sĩ,"Hai chủ đề 'Bạch Lộc tháng 8 mắc bệnh, sụt còn 43 kg' và 'Bạch Lộc nói mình mắc bệnh' gần đây liên tục lên top tìm kiếm. Việc nữ diễn viên 9X đổ bệnh bất ngờ đã gây xôn xao giới giải trí Trung Quốc."
Cô gái miền Tây hát 'Ra giêng anh cưới em' gây chú ý ở ‘Tình bolero’,2025-10-11 16:28:00,Truyền hình,"Tiếp tục quảng bá quê hương miền Tây trên sân khấu 'Tình bolero', Huỳnh Thơ được khen tiến bộ so với những vòng thi trước."
'Cậu ấm' nhà Beckham bị đuổi khỏi cửa hàng McDonald’s vì thiếu tiền,2025-10-11 14:07:00,Đời nghệ sĩ,Victoria Beckham tiết lộ rằng cậu con trai út của mình từng bị nhân viên McDonald's mời ra ngoài vì không đủ tiền trên thẻ để mua một chiếc hamburger.
Diễn viên Anh Tài - Vũ Ngọc Ánh đón tin vui,2025-10-11 11:23:00,Đời nghệ sĩ,Anh Tài - Vũ Ngọc Ánh vừa đón con trai chào đời tại một bệnh viện ở TP.HCM. Cả hai hào hứng khi gia đình có thêm thành viên mới.
'Trùm giải trí' Hướng Hoa Cường làm rõ tin đồn phá sản,2025-10-11 08:28:00,Đời nghệ sĩ,"Hôm 10.10, Hướng Hoa Cường cùng vợ - bà Trần Lam, tổ chức gặp gỡ truyền thông, công khai phản hồi tin đồn phá sản, đang nợ nần lên đến 10 tỉ HKD (hơn 33.800 tỉ đồng)."
Phòng vé Việt ra sao sau cơn sốt 'Mưa đỏ'?,2025-10-11 08:23:00,Phim,"Sau cơn sốt 'Mưa đỏ', phòng vé Việt chứng kiến sự bứt phá của 'Tử chiến trên không' thu về hơn 200 tỉ đồng. Trong khi đó, 'Chị ngã em nâng' gây tiếc nuối khi doanh thu chưa như kỳ vọng."
Lê Minh Ngọc - cô gái xinh đẹp từng giành quán quân 'Sao mai' giờ ra sao?,2025-10-11 06:10:00,Đời nghệ sĩ,"Ba năm sau khi đăng quang quán quân dòng nhạc dân gian tại giải 'Sao mai 2022', Lê Minh Ngọc đánh dấu chặng đường mới bằng dự án âm nhạc lớn, khẳng định sự trưởng thành và hướng đi riêng."
Ốc Thanh Vân bật khóc trải lòng về nỗi niềm khi làm mẹ,2025-10-11 06:06:00,Truyền hình,"Trong tập 155 của Mái ấm gia đình Việt, Ốc Thanh Vân kết hợp cùng với Tiêu Minh Phụng thực hiện các thử thách, mang tiền thưởng về hỗ trợ các hoàn cảnh khó khăn."
Tài tử Nadech Kugimiya trở lại Việt Nam cùng dàn sao 'Tee Yod 3',2025-10-11 06:01:00,Phim,"Chiều 10.10, tài tử Nadech Kugimiya cùng dàn diễn viên Tee Yod: Quỷ ăn tạng phần 3: Junior Kajbhandit Jaidee, Friend Peerakrit Pacharabunyakiat, Denise Jelilcha Kapuan và Nina Natcha Jessica Padovan có buổi giao lưu tại TP.HCM."
"Hà Trần, Quang Dũng... ngẫu hứng phố cùng 'Thay lời muốn nói'",2025-10-11 05:57:00,Truyền hình,"Chương trình Thay lời muốn nói chủ đề Ngẫu hứng phố sẽ diễn ra vào 21 giờ ngày 12.10 tại Nhà hát truyền hình HTV và được trực tiếp trên kênh HTV9, YouTube HTV Entertainment, TikTok HTV Music..."
"Phạm Quỳnh Anh 'lột xác', bất ngờ nhắc về chồng cũ",2025-10-10 21:15:00,Đời nghệ sĩ,"Trong sự kiện ra mắt sản phẩm mới, Phạm Quỳnh Anh gây chú ý khi nhắc về người cũ, đồng thời cho hay: 'Tôi trân trọng quá khứ vì đã giúp tôi trưởng thành như hôm nay'."
"Thợ mộc U.50 đi hẹn hò, được Ngọc Lan nhiệt tình 'đẩy thuyền' với nữ công nhân",2025-10-10 20:12:00,Truyền hình,"Nữ công nhân may đến 'Bạn muốn hẹn hò' tìm hạnh phúc mới, được mai mối với thợ mộc cùng hoàn cảnh dang dở hôn nhân. Sau quá trình trò chuyện, được Quyền Linh và Ngọc Lan nhiệt tình 'đẩy thuyền', cả hai cùng nắm tay ra về."
Jisoo (BlackPink) toan tính gì khi hợp tác cùng mỹ nam đẹp nhất thế giới?,2025-10-10 17:50:00,Giải trí,"Sau khi gây chú ý tại Tuần lễ thời trang Paris 2026, chị cả BlackPink - Jisoo khiến người hâm mộ bất ngờ khi tung 'Eyes Closed' - bản song ca tiếng Anh đầu tiên cùng Zayn Malik."
4 bài hát Kpop vào top những ca khúc hay nhất thế kỷ 21,2025-10-10 14:52:00,Giải trí,"Ngày 8.10, tạp chí âm nhạc danh tiếng Rolling Stone đã công bố danh sách '250 ca khúc hay nhất thế kỷ 21 tính đến hiện tại', trong đó có 4 bài hát đến từ đại diện của Kpop."
"Triệu Lộ Tư vượt Địch Lệ Nhiệt Ba, trở thành nữ diễn viên được quan tâm nhất",2025-10-10 13:26:00,Giải trí,"Dù vướng tranh chấp với công ty quản lý, Triệu Lộ Tư vẫn lập kỷ lục khi vượt qua Địch Lệ Nhiệt Ba để dẫn đầu bảng xếp hạng nữ diễn viên được theo dõi nhiều nhất trên Douyin."
"Angelina Jolie kể khó khăn hậu ly hôn, thẳng thừng đòi tiền Brad Pitt",2025-10-10 13:17:00,Đời nghệ sĩ,"Trong hồ sơ mới gửi tòa án, Angelina Jolie trình bày những khó khăn mà cô phải đối mặt khi ly hôn Brad Pitt đồng thời yêu cầu chồng cũ trả 33.000 USD (hơn 868 triệu đồng) chi phí pháp lý liên quan đến cuộc chiến giữa hai người."
"Trương Ngọc Ánh mặc gợi cảm, ủng hộ Phan Như Thảo phát triển sự nghiệp riêng",2025-10-10 13:12:00,Đời nghệ sĩ,"Nhiều sao Việt như Trương Ngọc Ánh, Thảo Trang, Hoàng Hải... dành thời gian đến chúc mừng Phan Như Thảo phát triển sự nghiệp kinh doanh riêng."
Chi Pu đảm nhận vai trò mới,2025-10-10 13:12:00,Truyền hình,"Lần đầu 'bắt tay' cùng Hoa hậu Hương Giang và nhà sáng tạo nội dung Tùng Dương sản xuất show truyền hình thực tế, Chi Pu mong muốn quảng bá hình ảnh Việt Nam đến với người hâm mộ quốc tế."
Vẻ nóng bỏng của mỹ nhân Việt thi Miss Charm,2025-10-10 13:09:00,Đời nghệ sĩ,Mai Ngô xác nhận sẽ tranh tài tại Miss Charm - Hoa hậu Sắc đẹp Quốc tế. Nhiều người kỳ vọng người đẹp 9X sẽ làm nên chuyện trong lần 'chinh chiến' này.
Victoria tiết lộ tật xấu của David Beckham,2025-10-10 13:06:00,Đời nghệ sĩ,"Nhắc đến người bạn đời 26 năm, Victoria Beckham cho biết mặc dù David Beckham đẹp trai, thông minh và thành đạt nhưng vẫn khiến cô không thoải mái trong phòng ngủ vì tật xấu mà nhiều người chồng mắc phải."
"Con trai NSND Hồng Vân tiết lộ cuộc sống khi về nước, giữ chức phó giám đốc",2025-10-10 10:04:00,Đời nghệ sĩ,"Sau khi về nước, ngoài những dự án riêng, Khôi Nguyên còn hỗ trợ mẹ là NSND Hồng Vân quản lý sân khấu kịch. Anh cho biết bản thân phải dành thời gian để thích nghi với công việc này."
Nhóm nhạc Kpop đầu tiên biểu diễn trên sàn runway Victoria’s Secret là ai?,2025-10-09 20:56:00,Giải trí,"Sân khấu của TWICE tại Victoria's Secret Fashion Show 2025 không chỉ đánh dấu bước tiến mới của Kpop trên trường quốc tế, mà còn gợi lại làn sóng tranh luận từng bùng lên khi Lisa (BlackPink) góp mặt ở sự kiện này vào năm 2024."
Vợ chồng Khánh Thi - Phan Hiển mừng sinh nhật Chí Anh,2025-10-09 20:51:00,Đời nghệ sĩ,Mối quan hệ văn minh giữa Khánh Thi - Phan Hiển với kiện tướng Chí Anh khiến nhiều khán giả ngưỡng mộ.
"Trả nợ hàng chục triệu USD cho chồng, Lưu Đào vẫn kiên định với cuộc hôn nhân sóng gió",2025-10-09 20:48:00,Đời nghệ sĩ,"Trải qua 18 năm hôn nhân với doanh nhân Vương Kha, hai lần đối mặt phá sản và khối nợ hàng trăm triệu USD, nữ diễn viên Lưu Đào vẫn lựa chọn ở lại, vực dậy gia đình bằng nghị lực phi thường."
'Mỹ nam 6 múi' Liên Bỉnh Phát sau cơn sốt 'Anh trai vượt ngàn chông gai',2025-10-09 19:30:00,Phim,"Thời gian qua, Liên Bỉnh Phát liên tục ghi dấu ấn với khán giả thông qua các chương trình truyền hình thực tế, âm nhạc. Sau khi được đề cử Nam diễn viên chính xuất sắc tại giải Kim Chung 2025 (Đài Loan), anh tiếp tục gây chú ý khi tái xuất trong phim điện ảnh 'Bẫy tiền'."
Công ty của Jack bị Sở VH-TT TP.HCM xử phạt,2025-10-09 19:14:00,Văn hóa,Công ty J97 Promotion bị Sở VH-TT TP.HCM xử phạt hành chính do tổ chức họp báo liên quan đến ca sĩ Jack có nội dung không đúng với nội dung đã được cơ quan quản lý nhà nước về báo chí chấp thuận.
Lee Kwang Soo và 'cú hích' phim ngôn tình trở lại màn ảnh rộng,2025-10-09 19:00:00,Giải trí,"Trong tháng 10, phòng vé Việt sẽ xuất hiện một bộ phim với thể loại tình cảm - hài hước độc đáo và đầy ấn tượng - Tay Anh Giữ Một Vì Sao. Với sự chỉn chu về mặt kết hợp sản xuất giữa ekip hai nước Việt & Hàn, dự án được xem là ‘chìa khoá’ để mở đường đưa dòng phim rom-com trở lại thời hoàng kim."
'Bé gái đẹp nhất thế giới' ra sao sau 18 năm?,2025-10-09 16:42:00,Đời nghệ sĩ,Thylane Blondeau - người từng được truyền thông quốc tế mệnh danh là 'bé gái đẹp nhất thế giới' vừa gây ấn tượng mạnh khi xuất hiện tại Tuần lễ thời trang Paris 2026.
Hình ảnh 'sốc' của An Dĩ Hiên sau biến cố chồng đại gia ngồi tù,2025-10-09 16:34:00,Đời nghệ sĩ,"Diện mạo hiện tại của An Dĩ Hiên khiến nhiều người ngỡ ngàng trước sự thay đổi của 'nữ thần màn ảnh' một thời. Kể từ khi doanh nhân Trần Vinh Luyện vướng tù tội, cô sống kín tiếng, một mình chăm lo cho hai con nhỏ."
"Thúy Diễm bất ngờ làm cô dâu, đeo vàng cưới 'trĩu cổ'",2025-10-09 16:29:00,Phim,"Sau ồn ào đời tư, diễn viên Thúy Diễm gây chú ý khi xác nhận trở lại trong phim 'Cưới vợ cho cha'. Hình ảnh nữ diễn viên diện áo dài cưới, đeo vàng 'trĩu cổ' khiến khán giả tò mò."
Sắc vóc dàn mỹ nam đóng phim 'Chị ngã em nâng',2025-10-09 16:23:00,Phim,"Ngoài nội dung phim 'Chị ngã em nâng', nhiều khán giả đặt lên bàn cân so sánh về vẻ ngoài của dàn mỹ nam gồm Quốc Trường, Thuận Nguyễn, Lâm Bảo Châu."
Selena Gomez 'nghỉ chơi' với người bạn từng hiến thận cho mình?,2025-10-09 15:12:00,Đời nghệ sĩ,"Tình bạn giữa Selena Gomez và Francia Raisa (người bạn từng hiến thận cho cô) tiếp tục gây bàn tán khi dân mạng không thấy Raisa dự đám cưới của cựu công chúa Disney. Trước đó, nữ viên viên này cũng phản hồi tin đồn bất hòa giữa hai người."
Cuộc sống kín tiếng của mỹ nhân phim giờ vàng ở tuổi 30,2025-10-09 13:34:00,Đời nghệ sĩ,"Ở ngưỡng tuổi 30, diễn viên Việt Hoa chọn hình ảnh kín đáo, thanh lịch cả trên mạng xã hội lẫn trước truyền thông cùng cuộc sống khá kín tiếng."
Cristiano Ronaldo trở thành tỉ phú đầu tiên trong lịch sử bóng đá,2025-10-09 13:29:00,Đời nghệ sĩ,"Theo dữ liệu từ Bloomberg ngày 8.10, siêu sao người Bồ Đào Nha Cristiano Ronaldo đã chính thức trở thành cầu thủ bóng đá đầu tiên trong lịch sử sở hữu khối tài sản tỉ USD."
'Điệp viên 007' Daniel Craig gây chú ý với diện mạo mới,2025-10-09 13:23:00,Đời nghệ sĩ,"Từ hình ảnh điệp viên 007 lịch lãm, lạnh lùng, Daniel Craig giờ đây khiến người hâm mộ bất ngờ với phong cách mới mang đậm chất học giả, như một 'vị giáo sư Đại học Cambridge trầm tư'."
Hoa hậu Yến Nhi bị khán giả 'ghẻ lạnh' ở Miss Grand International 2025,2025-10-09 13:17:00,Giải trí,"Sau khi vướng loạt ồn ào ở Miss Grand International 2025, Hoa hậu Yến Nhi bị khán giả chỉ trích, tẩy chay. Tại hạng mục Miss Popular Vote thuộc khuôn khổ cuộc thi, đại diện Việt Nam được rất ít người bình chọn, ở mức 1%."
Thanh Trúc: Tôi và Châu Khải Phong chấp nhận quá khứ của nhau,2025-10-09 13:12:00,Đời nghệ sĩ,Thanh Trúc cho biết cô và Châu Khải Phong đều là người trưởng thành cũng như trải qua biến cố cùng nhau nên ở thời điểm hiện tại điều quan trọng nhất với cả hai chính là giữ cho mái ấm được bình yên thay vì trách móc nhau chuyện quá khứ.
Lương Thế Thành trở lại đóng phim sau ồn ào tình cảm,2025-10-09 13:04:00,Phim,"Sau một thời gian vắng bóng trên màn ảnh rộng, diễn viên Lương Thế Thành chính thức trở lại điện ảnh với dự án 'Hoàng tử quỷ'."
Cặp đôi ‘Gia đình mình vui bất thình lình’ tái hợp trong phim giờ vàng,2025-10-09 11:34:00,Phim,"Ở 2 tập mới nhất của 'Gió ngang khoảng trời xanh', diễn viên Lan Phương gây chú ý khi xuất hiện bên cạnh Doãn Quốc Đam. Trước đó, cả hai từng là cặp vợ chồng ăn ý trong 'Gia đình mình vui bất thình lình""."
Diễn viên Lê Nam: Vợ tôi bớt ghen hơn trước,2025-10-09 11:25:00,Đời nghệ sĩ,Diễn viên Lê Nam dành lời khen ngợi cho người bạn đời khi vun vén gia đình để anh toàn tâm toàn ý cho các dự án nghệ thuật.
"Ca sĩ Cẩm Vân: Tôi không gửi gắm, 'dọn đường' cho con",2025-10-09 11:15:00,Đời nghệ sĩ,"Được sinh ra trong gia đình có truyền thống nghệ thuật, đặc biệt là dưới cái bóng lớn của ca sĩ Cẩm Vân và Khắc Triệu, con đường nghệ thuật của ca sĩ trẻ CeCe ngay lập tức thu hút sự chú ý. Tuy nhiên, nguyên tắc làm nghề của gia đình lại rõ ràng từ đầu: không dùng quan hệ để nâng đỡ con và tuyệt đối tôn trọng sự độc lập của con gái."
Chàng trai U.40 vỡ òa khi chinh phục được cô giáo xinh đẹp,2025-10-09 07:53:00,Truyền hình,"Được mai mối với cô giáo xinh đẹp, có chung nhiều sở thích, quan điểm, chàng trai U.40 liên tục 'thả thính', thành công chinh phục đàng gái khiến Quyền Linh vui mừng."
Phương Oanh bị dân mạng 'tấn công',2025-10-09 07:44:00,Đời nghệ sĩ,"Khi vụ ồn ào của doanh nhân Nguyễn Hòa Bình được lan truyền, nhiều người tràn vào trang cá nhân của Phương Oanh buông lời mỉa mai cô."
Lý do khiến NSƯT Ốc Thanh Vân khóc nghẹn trên truyền hình,2025-10-08 21:51:00,Truyền hình,"Xót xa trước hoàn cảnh của các em nhỏ trong 'Mái ấm gia đình Việt', NSƯT Ốc Thanh Vân đặt quyết tâm vượt qua các thử thách để mang tiền thưởng về hỗ trợ các em."
‘Nữ hoàng phim xưa’ Quỳnh Lam: Khán giả mong tôi đóng vai ác,2025-10-08 21:47:00,Phim,"Được yêu mến bởi những nhân vật hiền lành, cam chịu, Quỳnh Lam gây bất ngờ khi lần hiếm hoi thử sức ở vai phản diện trong phim 'Cuộc chiến hào môn'."
Myra Trần nức nở khi bị loại khỏi 'The Voice' Mỹ,2025-10-08 21:44:00,Giải trí,"Tham gia 'The Voice' (Mỹ), Myra Trần không kìm được nước mắt khi phải ra về ngay vòng giấu mặt vì không được huấn luyện viên nào lựa chọn. Nữ ca sĩ nhận được lời khuyên và sự an ủi từ Snoop Dogg cùng dàn sao quốc tế."
'Nữ hoàng ảnh lịch' Diễm My: Tôi không biết nấu ăn nhưng vẫn giữ được chồng,2025-10-08 20:08:00,Đời nghệ sĩ,"Hơn 30 năm đồng hành với ông xã Tôn Đức, 'nữ hoàng ảnh lịch' Diễm My cho rằng có rất nhiều yếu tố để dựng xây, vun đắp cho một mái ấm hạnh phúc chứ không chỉ riêng chuyện người phụ nữ phải biết nấu ăn."
'Tể tướng Lưu gù' Lý Bảo Điền và cuộc sống ung dung tuổi 79,2025-10-08 19:59:00,Đời nghệ sĩ,"Lý Bảo Điền - diễn viên kỳ cựu của màn ảnh Hoa ngữ, từng ghi dấu ấn sâu đậm với bộ phim 'Tể tướng Lưu gù', nay ở tuổi 79 lựa chọn cuộc sống trầm lắng, thanh đạm và ung dung giữa đời thường."
Người phụ nữ nên duyên với chồng nhờ khiêu vũ trong đám cưới,2025-10-08 19:45:00,Truyền hình,Hành trình hôn nhân đầy thăng trầm của bà Ngọc Thúy và ông Phú Quý được chia sẻ trong 'Thuận vợ thuận chồng' khiến MC Đình Toàn xúc động.
"Không ca hát, Victoria Beckham vẫn thu về lợi nhuận triệu USD nhờ âm nhạc",2025-10-08 15:01:00,Đời nghệ sĩ,"Dù đã rời xa sân khấu nhiều năm và không còn phát hành ca khúc mới, Victoria Beckham vẫn kiếm được 2,16 triệu USD (khoảng 54 tỉ đồng) từ âm nhạc chỉ trong năm 2024."
Hoàng tử William khẳng định sẽ không lặp lại sai lầm hôn nhân của cha mẹ,2025-10-08 14:56:00,Đời nghệ sĩ,Hoàng tử William cho biết đã rút ra nhiều bài học quý giá từ cuộc hôn nhân tan vỡ của cha mẹ - Vua Charles III và Công nương Diana để áp dụng vào chính mối quan hệ giữa mình với vợ - Công nương Kate Middleton.
Miranda Kerr tiết lộ mối quan hệ với Katy Perry,2025-10-08 14:44:00,Đời nghệ sĩ,"Vốn trở nên thân thiết nhờ cầu nối là Orlando Bloom, siêu mẫu Miranda Kerr vẫn thân thiết với Katy Perry ngay cả khi nữ ca sĩ đã chia tay tài tử loạt phim 'Cướp biển vùng Caribbean'."
Jennifer Lopez và Ben Affleck 'thích nhau hơn khi không còn là vợ chồng',2025-10-08 13:17:00,Đời nghệ sĩ,"Mối quan hệ giữa Jennifer Lopez và Ben Affleck được cho là tốt đẹp, thoải mái hơn khi cả hai không còn bị ràng buộc bởi hôn nhân. Cặp sao Hollywood vừa gây chú ý khi có màn hội ngộ thân thiết tại sự kiện ra mắt phim mới."
Bảo An 'Xúc xắc xúc xẻ' ra sao sau ồn ào bị dọa tạt a xít?,2025-10-08 13:13:00,Đời nghệ sĩ,"Năm 2023, Bảo An từng chia sẻ về việc bị người lạ vu khống, làm ảnh hưởng đến nhân phẩm và danh dự, thậm chí còn dọa tạt a xít nữ ca sĩ. Sau hơn 2 năm, giọng ca 'Xúc xắc xúc xẻ' cho biết đã được trả lại công bằng."
Nghệ sĩ Hoàng Sơn tiết lộ trăn trở ở tuổi U.60,2025-10-08 07:39:00,Đời nghệ sĩ,Nghệ sĩ Hoàng Sơn vừa trải lòng với Thanh Niên về những trăn trở khi tham gia đào tạo diễn viên trẻ cũng như tình hình sân khấu kịch hiện nay.
"Ca sĩ Lynda Trang Đài không phủ nhận tội trộm cắp, chấp nhận chịu phạt",2025-10-07 23:17:00,Giải trí,"Thông qua bản thỏa thuận 'Không chống lại cáo buộc' có thị thực chữ ký được đệ trình lên tòa vào ngày 6.10 (giờ địa phương), ca sĩ Lynda Trang Đài nhận tội trộm cắp tại Florida (Mỹ), chấp nhận án phạt có thể lên đến 1 năm tù và 1.000 USD tiền phạt."
Cuộc sống của ca sĩ A Tuân sau đổ vỡ hôn nhân,2025-10-07 21:30:00,Đời nghệ sĩ,"Sau biến cố hôn nhân, ca sĩ A Tuân tập trung phát triển sự nghiệp âm nhạc, mong muốn lan tỏa nguồn năng lượng tích cực đến khán giả."
Diễn viên Thiên An có bị cắt vai khỏi phim 'Cải mả' sau khi vướng ồn ào?,2025-10-07 18:37:00,Phim,"Tại buổi ra mắt dự án phim điện ảnh 'Cải mả', đạo diễn Thắng Vũ có những phản hồi trước đồn đoán liệu diễn viên Thiên An có bị cắt vai khỏi dự án sau những lùm xùm đời tư."
"Nghệ sĩ Hồng Đào nói về 2 con gái, tiết lộ mong mỏi ở tuổi 63",2025-10-07 16:02:00,Đời nghệ sĩ,"Ngoài những trải lòng về vai diễn mới trong 'Cục vàng của ngoại', nghệ sĩ Hồng Đào còn tiết lộ về cách tạo nên sự kết nối với 2 con gái là Vicky Phương Vân và Sophia Minh Châu."
"Taylor Swift tiết lộ lý do yêu Travis Kelce, bác tin 'giải nghệ' sau khi lấy chồng",2025-10-07 15:15:00,Đời nghệ sĩ,"Trong cuộc phỏng vấn mới, Taylor Swift say sưa chia sẻ về cuộc tình đầy đam mê với Travis Kelce. Ngôi sao 36 tuổi cũng khẳng định không có chuyện cô sẽ từ bỏ âm nhạc sau khi kết hôn."
"Nữ công nhân tính cách 'khó chiều', bị Ngọc Lan góp ý thẳng trên show hẹn hò",2025-10-07 15:08:00,Truyền hình,"Tham gia chương trình 'Bạn muốn hẹn hò', người phụ nữ thẳng thắn cho biết bản thân có tính cách nóng nảy và khó tính trong sinh hoạt. MC Ngọc Lan liền góp ý, khuyên đàng gái nên thay đổi nếu muốn tìm được người đồng hành với mình."
Ca sĩ Phúc Anh mang dự án '54 dân tộc Việt Nam' đến làng phong ở Gia Lai,2025-10-07 14:05:00,Đời nghệ sĩ,"Tiếp nối hành trình ý nghĩa của dự án âm nhạc 54 dân tộc Việt Nam, ca sĩ Phúc Anh cùng ê-kíp đã thực hiện chuyến công tác đặc biệt tại làng phong Plei Mun Mak ở tỉnh Gia Lai."
"NSƯT Kim Tuyến: Nếu được chọn lại, tôi không kết hôn",2025-10-07 13:21:00,Truyền hình,Kim Tuyến thẳng thắn cho biết việc kết hôn và ly hôn ở độ tuổi còn quá trẻ khiến cuộc sống của cô thời điểm đó khó khăn vì không nhận được sự hỗ trợ từ gia đình và chồng cũ.
Hồ Văn Cường nói gì về việc trở lại với gameshow âm nhạc?,2025-10-07 12:20:00,Đời nghệ sĩ,"Ở thời điểm hiện tại, Hồ Văn Cường tập trung nhiều hơn để hoàn thành việc học. Sau đó, nam ca sĩ 10X mong muốn góp mặt trong những chương trình phù hợp để phát triển bản thân."
"Lynda Trang Đài bị bác đơn xin lao động công ích, có thể phải ra tòa",2025-10-07 12:03:00,Giải trí,"Văn phòng biện lý tiểu bang Florida (Mỹ) chính thức từ chối đơn xin tham gia Chương trình can thiệp trước xét xử (Pretrial Intervention Program - PTI) của ca sĩ Lynda Trang Đài. Theo đó, việc truy tố cô trước tòa có thể được tiếp tục."
Jennifer Lopez và Ben Affleck sánh bước trên thảm đỏ sau một năm ly hôn,2025-10-07 10:55:00,Đời nghệ sĩ,"Jennifer Lopez - Ben Affleck trở thành tâm điểm chú ý khi vừa sánh bước rạng rỡ trên thảm đỏ buổi ra mắt phim 'Kiss of the Spider Woman'. Dù đã đường ai nấy đi, cặp sao vẫn luôn ủng hộ nhau và dành tình cảm tốt đẹp cho người cũ."
Nữ danh ca từng bán bánh mì nơi xứ người và cuộc sống bình yên tuổi 70,2025-10-07 07:58:00,Đời nghệ sĩ,"Trải qua những thăng trầm trong cuộc sống, danh ca Họa Mi ở hiện tại có cuộc sống bình yên. Bà tâm sự: 'Mỗi lần được lên truyền hình, được hát cho khán giả là một niềm vui lớn'."
Thuận Nguyễn tiết lộ về cảnh nóng với em gái Trấn Thành trong ‘Chị ngã em nâng’,2025-10-07 07:54:00,Phim,Đối diện với nhiều thách thức khi tham gia 'Chị ngã em nâng' song Thuận Nguyễn vẫn cố gắng để làm tròn vai diễn Út Lực mà đạo diễn Vũ Thành Vinh trao cho.
Shark Bình trước khi vướng ồn ào,2025-10-07 07:37:00,Đời nghệ sĩ,"Nguyễn Hòa Bình được biết đến với biệt danh Shark Bình, là doanh nhân nổi danh trong lĩnh vực công nghệ tại Việt Nam. Bên cạnh đó, ông còn được chú ý bởi cuộc hôn nhân với diễn viên Phương Oanh."
Trần Kiều Ân kể chuyện kiếm được chồng trẻ nhờ show hẹn hò,2025-10-06 19:44:00,Đời nghệ sĩ,Trần Kiều Ân thừa nhận một trong những điều dũng cảm nhất mà cô từng làm trong đời là tham gia show hẹn hò rồi gặp được người chồng tuyệt vời hiện tại.
Nam vương Hồng Kông chuyển sang làm bảo vệ sau bê bối ngoại tình,2025-10-06 18:54:00,Đời nghệ sĩ,"5 năm kể từ khi bị khui chuyện ngoại tình, Lê Chấn Diệp rời xa showbiz, sống kín tiếng. Nam vương Hồng Kông 2016 khiến nhiều khán giả bất ngờ khi chuyển sang làm bảo vệ."
Nicole Kidman lần đầu xuất hiện sau ly hôn,2025-10-06 18:48:00,Giải trí,Minh tinh Nicole Kidman thu hút sự chú ý khi xuất hiện tại một sự kiện hôm 4.10 (giờ địa phương). Màn lộ diện của 'thiên nga nước Úc' sau biến cố hôn nhân thu hút sự quan tâm của truyền thông lẫn đông đảo dân mạng.
Diễn biến vụ ồn ào 'kể chuyện đời tư' của Jack,2025-10-06 18:42:00,Đời nghệ sĩ,"Thông qua Fanpage, Công ty J97 Promotion vừa có chia sẻ liên quan đến vụ ồn ào tổ chức họp báo của Jack hồi tháng 7.2025."
Tình cũ là siêu mẫu từng bị Quách Phú Thành 'sỉ nhục' giờ ra sao?,2025-10-06 16:32:00,Đời nghệ sĩ,"Nhiều năm trước, chỉ với một câu ví von 'đôi giày cũ không vừa chân' của Quách Phú Thành, mối tình kéo dài 7 năm giữa anh và siêu mẫu Hùng Đại Lâm đã trở thành tâm điểm bàn tán của dư luận."
Lý do vợ kém 16 tuổi tham gia phim mới của Quách Ngọc Tuyên,2025-10-06 16:23:00,Đời nghệ sĩ,"Quách Ngọc Tuyên vừa hé lộ web drama mới, gây chú ý khi có sự góp mặt của người bạn đời là Thảo Hân. Đây là lần hiếm hoi cô tham gia một dự án phim của chồng."
Thích Vy nổi giận khi bị phơi bày nhan sắc 'biến dạng',2025-10-06 14:27:00,Đời nghệ sĩ,Loạt ảnh cận cảnh của Thích Vy tại show 'Mugler' trong Tuần lễ thời trang Paris vừa được Getty Images đăng tải đã trở thành tâm điểm chú ý. Vẻ ngoài khác lạ của nữ diễn viên khiến nhiều khán giả ngỡ ngàng.
Cuộc sống của ca sĩ Mỹ Lệ ở tuổi 53,2025-10-06 14:19:00,Đời nghệ sĩ,"Không chỉ sở hữu sắc vóc trẻ trung, ca sĩ Mỹ Lệ còn có tổ ấm viên mãn khiến nhiều người ngưỡng mộ. Gần đây, cô tham gia nhiều cuộc thi âm nhạc với vai trò giám khảo, truyền cảm hứng nghề cho thí sinh."
'Thị hậu' Hồ Định Hân kết hôn ở tuổi 44,2025-10-06 14:18:00,Đời nghệ sĩ,"Hôm 6.10, Hồ Định Hân bất ngờ đăng loạt ảnh cưới ngọt ngào, tiết lộ vừa tổ chức hôn lễ vào cuối tuần qua. Sau nhiều năm độc thân, cô tìm thấy bến đỗ hạnh phúc bên chồng bác sĩ."
Lê Phương làm 'người tình màn ảnh' của diễn viên phim trăm tỉ,2025-10-06 14:15:00,Phim,"Tái ngộ với Thái Hòa sau 10 năm, Lê Phương cảm thấy vui mừng vì có cơ hội làm việc nhiều hơn với một đàn anh tài năng và có khả năng biến hóa đa dạng."
Nữ MC VTV gây chú ý khi ‘sánh đôi’ cùng Phương Nam ‘Mưa đỏ’ là ai?,2025-10-06 11:01:00,Đời nghệ sĩ,"Huyền Châu - nữ MC duyên dáng trong các chương trình của VTV, có màn kết hợp cùng diễn viên Phương Nam dẫn dắt một sự kiện được tổ chức tại Hà Nội."
"Lợi Trần phim 'Tử chiến trên không': 7 năm đóng quần chúng, nhiều lần muốn bỏ nghề",2025-10-06 06:47:00,Đời nghệ sĩ,"Diễn viên Lợi Trần tâm sự, trước khi được biết đến với vai Hải trong phim điện ảnh 'Tử chiến trên không', anh từng trải qua quãng thời gian dài chỉ đóng vai quần chúng, thậm chí có lúc muốn bỏ nghề. Nhưng chính dự án này đã giúp anh tìm thấy 'ánh sáng' và niềm tin để tiếp tục theo đuổi con đường diễn xuất."
Uyển Ân: Yêu ai tôi cũng tìm hiểu trước rồi mới ra mắt anh Trấn Thành,2025-10-06 06:41:00,Đời nghệ sĩ,"Uyển Ân vừa có những trải lòng về vai diễn mới trong phim 'Chị ngã em nâng', đồng thời tiết lộ những 'góc khuất' khi là em gái của Trấn Thành."
Ái Phương gây xúc động khi hát nhạc phim Cục vàng của ngoại,2025-10-06 06:36:00,Phim,Ái Phương được lựa chọn thể hiện ca khúc Ngoại yêu con - nhạc phim Cục vàng của ngoại dự kiến chính thức ra rạp ngày 17.10.
Mưa đỏ và loạt đối thủ trên đường đua Oscar 2026,2025-10-06 06:31:00,Phim,"Mưa đỏ gây chú ý khi đại diện điện ảnh Việt Nam dự vòng sơ tuyển hạng mục Phim quốc tế xuất sắc tại Oscar lần thứ 98 do Viện Hàn lâm khoa học và nghệ thuật điện ảnh Mỹ tổ chức. Tác phẩm của đạo diễn Đặng Thái Huyền còn cả một hành trình khó khăn phía trước khi ""đụng"" nhiều đối thủ mạnh."
Mỹ nam 'Mưa đỏ' đóng phim 18+,2025-10-05 20:18:00,Phim,"Sau thành công của 'Mưa đỏ' với doanh thu 700 tỉ đồng, Lương Gia Huy tiếp tục góp mặt trong dự án điện ảnh 'Bịt mắt bắt nai' do đạo diễn Hoàng Thơ thực hiện. Bộ phim gắn nhãn 18+ với nhiều cảnh quay táo bạo."
"Thêm một phim Việt thông báo dừng chiếu, doanh thu vỏn vẹn 2 tỉ đồng",2025-10-05 20:02:00,Phim,Fanpage của phim 'Đồi hành xác: Tà thuyết đen trở lại' đăng tải thông báo cho biết tác phẩm sẽ dừng chiếu tại các rạp vào ngày 6.10.
"Người mẫu Việt bị ngộ độc, nhập viện trước chung kết Nam vương toàn cầu",2025-10-05 19:58:00,Đời nghệ sĩ,"Trước thềm chung kết Nam vương toàn cầu, Đoàn Công Vinh gây lo lắng khi bị ngộ độc, phải nhập viện điều trị."
Dương Tư Kỳ suýt chết vì tai nạn ở TVB,2025-10-05 19:52:00,Đời nghệ sĩ,"Trong một chương trình mới đây, Dương Tư Kỳ tiết lộ cô từng gặp tai nạn nghiêm trọng khi tập luyện cho một sự kiện quan trọng của TVB. Biến cố sức khỏe ấy hiện vẫn còn ảnh hưởng đến Hoa hậu Hồng Kông 2001."
"Ông chủ 35 tuổi tỏ tình lãng mạn, chinh phục được gái xinh trên show hẹn hò",2025-10-05 19:48:00,Truyền hình,"Chàng trai kinh doanh giò chả, chiếm được tình cảm của cô gái kém 10 tuổi nhờ sự chân thành, biết cách thể hiện tình cảm trên show hẹn hò."
Cục Điện ảnh xử lý vụ phim 'Hãy để tôi tỏa sáng' chứa 'đường lưỡi bò',2025-10-05 17:51:00,Phim,"Về vụ việc phim 'Hãy để tôi tỏa sáng' có hình ảnh chứa bản đồ 'đường lưỡi bò' phi pháp, Cục Điện ảnh vừa thông báo: tạm dừng hoạt động phổ biến phim trên không gian mạng tại Việt Nam của 2 công ty liên quan."
Sắc vóc gợi cảm của NSƯT Kim Tuyến ở tuổi 38,2025-10-05 13:25:00,Đời nghệ sĩ,"Nhờ tập luyện thể thao và giữ tinh thần tích cực, NSƯT Kim Tuyến ghi điểm bởi vẻ ngoài trẻ trung, quyến rũ khi bước sang tuổi 38."
Phương Mỹ Chi khuấy động quảng trường Phan Thiết bằng giọng hát dân ca ngọt lịm,2025-10-05 13:04:00,Giải trí,"Tối 4.10, tại quảng trường Nguyễn Tất Thành, P.Phan Thiết (Lâm Đồng), hàng ngàn người dân và du khách như vỡ òa cảm xúc khi 'chị Bảy' Phương Mỹ Chi xuất hiện, hát liền ba ca khúc."
Cuộc sống kín tiếng của diễn viên Nguyệt Ánh ở tuổi 41,2025-10-05 11:58:00,Truyền hình,"Trong chương trình 'Gõ cửa trái tim', Nguyệt Ánh có những trải lòng về sự nghiệp diễn xuất, đồng thời hé lộ cuộc sống hiện tại khi vừa làm nghệ thuật, vừa kinh doanh và chăm lo cho gia đình."
"Phim về không tặc có Thái Hòa, Kaity Nguyễn đón tin vui",2025-10-05 08:56:00,Phim,"'Tử chiến trên không' có sự góp mặt của Thái Hòa, Kaity Nguyễn cho thấy sức hút khi liên tục dẫn đầu phòng vé, trở thành phim Việt thứ 7 trong năm 2025 vượt mốc 200 tỉ đồng doanh thu."
"MC Hải Triều làm đại sứ lễ hội sách, chỉ cách đọc sách hiệu quả",2025-10-05 07:48:00,Đời nghệ sĩ,Dù bận rộn với công việc nghệ thuật và giảng dạy nhưng MC Hải Triều vẫn dành thời gian đồng hành cùng Lễ hội sách An Khánh - Book Fest 2025 với vai trò đại sứ.
"Soobin tri ân fan, tham gia đấu giá xây điểm trường vùng cao",2025-10-05 07:42:00,Đời nghệ sĩ,"Chiều 4.10, Soobin bất ngờ xuất hiện tại sự kiện 'Meet & Greet' dành cho Kingdom - tên fandom của ca sĩ tại Hà Nội. Sự kiện thu hút hàng trăm người với điểm nhấn là game đấu giá để gây quỹ xây điểm trường vùng cao."
Yến Nhi vướng tranh cãi khi vừa nhập cuộc Miss Grand International 2025,2025-10-05 07:30:00,Giải trí,"Vừa đặt chân đến Thái Lan để nhập cuộc Miss Grand International 2025 (Hoa hậu Hòa bình Quốc tế), đại diện Việt Nam – Nguyễn Thị Yến Nhi đã trở thành tâm điểm bàn luận khi phần giao lưu bằng tiếng Anh của cô bị cho là lúng túng và thiếu tự tin."
"Khán giả bàn về cái kết của Quốc Trường trong phim mới, đạo diễn nói gì?",2025-10-04 20:06:00,Phim,"Bên cạnh các trò chơi, ê kíp 'Chị ngã em nâng' cũng có những phản hồi trước thắc mắc của khán giả về đoạn kết của bác sĩ Trường (Quốc Trường thủ vai) trong phim."
Tuổi 51 của 'người đẹp số một Đài Loan' Lâm Chí Linh,2025-10-04 19:52:00,Đời nghệ sĩ,"Từng được mệnh danh là 'người đẹp số một Đài Loan', Lâm Chí Linh là hình mẫu lý tưởng của nhiều đàn ông châu Á. Nhưng 6 năm trước, cô bất ngờ khi quyết định kết hôn với nghệ sĩ Nhật Bản - Kurosawa Ryohei."
"Cô gái miền Tây hát vọng cổ, 'bắn' rap gây chú ý ở 'Tình bolero'",2025-10-04 19:31:00,Truyền hình,"Trong đêm thi 'Tình bolero 2025', Huỳnh Thơ gây bất ngờ khi kết hợp vọng cổ, bắn rap... khiến các giám khảo ấn tượng."
Dương Quốc Hưng tri ân tiền nhân qua bộ ảnh hát bội,2025-10-04 19:24:00,Giải trí,"Nhân dịp giỗ Tổ nghề sân khấu, ca sĩ Dương Quốc Hưng ra mắt bộ ảnh đặc biệt mang đậm hơi thở truyền thống nhằm tri ân các bậc tiền nhân."
'Càn Long' Trương Quốc Lập ra sao sau 37 năm ly hôn vì ngoại tình?,2025-10-04 19:01:00,Đời nghệ sĩ,"Người ta khen Trương Quốc Lập là một diễn viên giỏi, nhưng hiếm ai gọi ông là một người chồng tốt, một người cha mẫu mực. Năm 1988, ông ly hôn với người vợ đầu để đến với nữ diễn viên Đặng Tiệp bất chấp dư luận."
"Thang Duy: Tỏa sáng ở quốc tế, lận đận tại quê nhà",2025-10-04 18:54:00,Đời nghệ sĩ,"Tại quê nhà Trung Quốc, con đường phát triển sự nghiệp của Thang Duy từ lâu đã gặp nhiều khó khăn. Không chỉ khác biệt về phong cách diễn xuất, nữ diễn viên cũng không thật sự khéo léo trong các mối quan hệ xã hội."
'Diệt Tuyệt sư thái' Huệ Anh Hồng: Biểu tượng thời trang ở tuổi 65,2025-10-04 17:22:00,Giải trí,"Minh tinh gạo cội Hồng Kông Huệ Anh Hồng đang trở lại đầy ấn tượng, không chỉ trên màn ảnh mà còn trong lĩnh vực thời trang."
Quách Tấn An gây tranh cãi khi đóng phim tình cảm với bạn diễn kém 31 tuổi,2025-10-04 17:14:00,Phim,"Quách Tấn An và nữ diễn viên Trần Hiểu Hoa sẽ cùng tham gia dự án phim sắp ra mắt. Dù nội dung hứa hẹn mang nhiều thú vị, song khoảng cách tuổi tác quá lớn giữa hai diễn viên đã gây ra tranh cãi."
Thông tin mới nhất về bệnh ung thư của Công nương Kate,2025-10-04 13:32:00,Giải trí,"Hoàng tử William vừa chia sẻ những cập nhật mới nhất về tình trạng sức khỏe của vợ mình, 9 tháng sau khi Công nương Kate Middleton thông báo đã bước vào giai đoạn thuyên giảm."
"Trương Ngọc Ánh trẻ trung, quyến rũ ở tuổi U.50",2025-10-04 13:28:00,Đời nghệ sĩ,"Gần chạm ngưỡng 50, Trương Ngọc Ánh vẫn khiến khán giả trầm trồ bởi vóc dáng nuột nà, nhan sắc trẻ trung. Hình ảnh cô xuất hiện trong các sự kiện hay đời thường đều toát lên vẻ tươi trẻ, quyến rũ và tràn đầy năng lượng."
NSND Trịnh Kim Chi dành tiền cúng Tổ hỗ trợ bà con thiệt hại do bão Bualoi,2025-10-04 13:27:00,Đời nghệ sĩ,"Nhân dịp nghệ sĩ gặp gỡ trong ngày giỗ Tổ nghề, NSND Trịnh Kim Chi cũng mong mọi người chung tay để giúp đỡ bà con chịu thiệt hại do bão Bualoi."
Duyên Quỳnh làm rõ tin đồn tình cảm với nhạc sĩ 'Viết tiếp câu chuyện hòa bình',2025-10-04 13:22:00,Đời nghệ sĩ,"Duyên Quỳnh vừa có buổi gặp gỡ truyền thông để chia sẻ về dự án âm nhạc mới, đồng thời làm rõ tin đồn tình cảm với nhạc sĩ Nguyễn Văn Chung gây xôn xao thời gian qua."
Lý do khiến Lâm Vỹ Dạ chấp nhận mất hình tượng trên truyền hình,2025-10-04 13:18:00,Truyền hình,"Không chỉ đảm nhận vai trò dẫn dắt, Lâm Vỹ Dạ còn chấp nhận mất hình tượng để hỗ trợ các em nhỏ trong 'Mái ấm gia đình Việt'."
"Ốc Thanh Vân giản dị đi cúng Tổ, tiết lộ nỗi niềm ở tuổi 41",2025-10-03 21:54:00,Đời nghệ sĩ,"Hôm 3.10 (12.9 âm lịch), Sân khấu kịch Hồng Vân tổ chức lễ giỗ Tổ ngành sân khấu, có sự góp mặt của dàn nghệ sĩ như NSND Hồng Vân, diễn viên Hoàng Sơn, diễn viên Hoài An, diễn viên Hoàng Mèo, NSƯT Ốc Thanh Vân, Lê Nam…"
"NSND Kim Cương, Minh Vương xúc động khi được tri ân trong ngày giỗ Tổ sân khấu",2025-10-03 20:10:00,Văn hóa,"NSND Kim Cương, NSND Minh Vương cùng một số nghệ sĩ gạo cội được tri ân vì có nhiều đóng góp cho sân khấu nước nhà trong buổi lễ cúng Tổ ngành sân khấu, được tổ chức tại Nhà văn hóa Thanh Niên (TP.HCM) chiều 3.10."
Song Hye Kyo bị tẩy chay tại Trung Quốc,2025-10-03 18:07:00,Đời nghệ sĩ,Nữ diễn viên Song Hye Kyo đã trở thành mục tiêu mới nhất trong làn sóng tẩy chay dữ dội mà khán giả Trung Quốc nhắm vào các ngôi sao xứ Hàn.
Thành Long gây tranh cãi về 'hành vi quấy rối' đồng nghiệp nữ,2025-10-03 15:05:00,Đời nghệ sĩ,Nam diễn viên gạo cội Thành Long đang đối diện với làn sóng chỉ trích dữ dội sau khi một đoạn video ghi lại hành động thân mật của ông với nữ ca sĩ Dung Tổ Nhi được lan truyền trên mạng xã hội.
Tòa chấp nhận yêu cầu của Đàm Vĩnh Hưng trong vụ kiện với tỉ phú Gerard,2025-10-03 14:56:00,Giải trí,"Đầu tháng 10.2025, Tòa Liên bang Khu vực Trung phần California (Mỹ) đưa ra văn bản chấp thuận đề nghị từ phía Đàm Vĩnh Hưng (nguyên đơn) trong việc trả lại vụ kiện giữa nam ca sĩ với tỉ phú Gerard Williams (bị đơn) cho tòa án tiểu bang."
ELLE phản hồi về tranh cãi phân biệt chủng tộc liên quan đến Rosé (BlackPink),2025-10-03 14:53:00,Đời nghệ sĩ,Tạp chí ELLE UK (bản Anh) đã có những bước đi chậm trễ trong việc giải quyết tranh cãi liên quan đến nghi vấn phân biệt chủng tộc đối với Rosé - thành viên nhóm nhạc BlackPink.
Nỗi trăn trở của NSƯT Bảo Quốc ở tuổi 76,2025-10-03 14:27:00,Đời nghệ sĩ,"Ở tuổi U.80, nghệ sĩ Bảo Quốc mãn nguyện với cuộc sống bình yên bên gia đình, nhưng vẫn nặng lòng với sân khấu cải lương. Ông day dứt khi thấy bộ môn nghệ thuật truyền thống dần vắng khán giả, mong ước cải lương được duy trì, thế hệ sau tiếp nối và gìn giữ."
'Hãy để tôi tỏa sáng' có Triệu Lộ Tư bị gỡ vì chứa 'đường lưỡi bò',2025-10-03 10:45:00,Giải trí,"FPT Play vừa thông báo gỡ và xóa toàn bộ bộ phim khỏi hệ thống do nghi vấn liên quan đến 'đường lưỡi bò'. Tác phẩm cũng 'bốc hơi' khỏi các nền tảng phát sóng tương tự ở Việt Nam trong khi nhiều trang lớn về phim ảnh, tin tức tuyên bố ngừng cập nhật thông tin về phim này."
Lê Khánh tiết lộ cuộc sống hôn nhân với diễn viên Tuấn Khải,2025-10-03 07:43:00,Đời nghệ sĩ,"Để an tâm cho các vai diễn, Lê Khánh thừa nhận sự hậu thuẫn của gia đình đóng một vai trò quan trọng."
Vy Oanh: Những thứ trên mạng xã hội khó tác động được tôi,2025-10-03 07:40:00,Đời nghệ sĩ,"Công việc kinh doanh và chăm sóc gia đình khiến cuộc sống Vy Oanh bận rộn. Vì vậy, cô hiếm khi có thời gian lướt mạng xã hội. Và nếu có đọc những lời không hay về mình, nữ ca sĩ 8X cũng không bị ảnh hưởng quá nhiều."
Chủ tịch HYBE Bang Si Hyuk bị cấm xuất cảnh,2025-10-02 19:03:00,Đời nghệ sĩ,Người từng đưa nhóm nhạc BTS lên đỉnh cao toàn cầu - Chủ tịch HYBE Bang Si Hyuk mới đây đã trở thành tâm điểm chú ý nhưng theo cách đầy tai tiếng.
Rosé (BlackPink) bị phân biệt đối xử khi xuất hiện cùng dàn sao Âu Mỹ,2025-10-02 15:01:00,Giải trí,"Rosé (BlackPink) gần đây trở thành mục tiêu của việc phân biệt đối xử khi tham dự Tuần lễ thời trang Paris. Sự việc nhanh chóng thổi bùng làn sóng phẫn nộ từ người hâm mộ toàn cầu, làm dấy lên vấn đề định kiến chủng tộc."
"Quách Phú Thành đón con trai ở tuổi 60, phá 'lời nguyền' của 'Tứ đại thiên vương'",2025-10-02 14:56:00,Đời nghệ sĩ,"'Thiên vương' Hồng Kông - Quách Phú Thành cùng vợ - người mẫu Phương Viện vừa đón con thứ ba. Nhóc tì mới sinh là một bé trai, thỏa lòng mong ước của gia đình: có 'đủ nếp đủ tẻ'."
Sao Hollywood 'đau đầu' vì diễn viên AI,2025-10-02 14:38:00,Giải trí,"Tilly Norwood được tạo ra bởi trí tuệ nhân tạo đang khiến Hollywood 'dậy sóng'. Nhiều diễn viên phản đối, quan ngại về sự xuất hiện của diễn viên AI (trí tuệ nhân tạo) này mặc dù tác giả cho biết nó không ra đời nhằm mục đích thay thế con người."
Hoàng Mập lần đầu tiết lộ về con trai nuôi,2025-10-02 14:32:00,Đời nghệ sĩ,"Hoàng Mập cho biết anh trân quý tình yêu nghề và không bao giờ bỏ cuộc của con trai nuôi - Lại Nhật Khoa, vì vậy, anh sẵn sàng hỗ trợ khi con trai cần."
"Khương Ngọc: Việt Hương từng ‘thoát khỏi nhóm chat’, không nói chuyện khi tranh cãi",2025-10-02 10:06:00,Đời nghệ sĩ,"Hợp tác trong 'Cục vàng của ngoại', Khương Ngọc bật mí anh và Việt Hương từng bất đồng quan điểm."
"Trước ‘Mưa đỏ’, phim Việt nào từng góp mặt tại Oscar?",2025-10-02 07:41:00,Phim,"Mới đây, việc phim 'Mưa đỏ' được chọn tranh giải Oscar 2026 một lần nữa đưa phim Việt trở thành tâm điểm chú ý. Trước đó, cũng có nhiều phim Việt tham dự giải Oscar."
Phương Lan: Sau biến cố tôi không muốn xây dựng tổ ấm để nương tựa...,2025-10-02 07:26:00,Đời nghệ sĩ,"Chia sẻ với chúng tôi, diễn viên Phương Lan trải lòng về cuộc sống sau nhiều biến cố. Nữ diễn viên cho biết, sau những biến cố xảy ra cô không còn mong muốn xây dựng một tổ ấm để nương tựa..."
"Học viên ‘cưa đổ’ cô giáo tiếng Anh, bất chấp gia đình phản đối",2025-10-02 07:12:00,Truyền hình,Hành trình gắn bó của cặp đôi Minh Hảo - Thúy Oanh được chia sẻ trong chương trình 'Thuận vợ thuận chồng' khiến MC Đình Toàn nhận định 'tình yêu đủ lớn sẽ giúp con người vượt qua mọi thử thách'.
Lý do khiến Bảo Hân 'Về nhà đi con' khóc nghẹn trên truyền hình,2025-10-02 07:09:00,Truyền hình,Hoàn cảnh của cô bé 14 tuổi chịu nhiều thiệt thòi được chia sẻ trong 'Mái ấm gia đình Việt' khiến diễn viên Bảo Hân và dàn nghệ sĩ không giấu được sự xúc động.
"Thi hoa hậu ở Philippines, người đẹp Việt nói gì khi động đất xảy ra?",2025-10-01 22:02:00,Giải trí,Dương Ngọc Ánh cho biết cô và các thí sinh Hoa hậu châu Á - Thái Bình Dương ban đầu có chút hoảng sợ nhưng sau đó đã được đưa đến nơi an toàn sau vụ động đất hôm 30.9.
Cuộc sống hiện tại của 'mỹ nhân đẹp nhất châu Á' Vương Tổ Hiền,2025-10-01 19:56:00,Đời nghệ sĩ,"Từ hình ảnh 'ngọc nữ' lừng lẫy của điện ảnh Hồng Kông những năm 1980, Vương Tổ Hiền giờ đây đã khép lại quá khứ huy hoàng để tận hưởng những ngày tháng bình lặng nơi xứ người."
Cô gái xinh xắn bị chàng trai từ chối trên show hẹn hò,2025-10-01 19:47:00,Truyền hình,"Cô gái sinh năm 2001 đến show hẹn hò tìm tình yêu, không ngại theo chồng, sẵn sàng bấm nút cho mình cơ hội. Tuy nhiên, chàng trai được mai mối cùng lại e dè và cuối cùng quyết định từ chối khiến ai nấy đều ngỡ ngàng."
"Thu Trang gợi cảm ở tuổi 41, tiết lộ chuyện ghen tuông của Tiến Luật",2025-10-01 19:43:00,Đời nghệ sĩ,"Trong bộ ảnh mới trình làng, Thu Trang gây chú ý bởi nhan sắc rạng rỡ. Cô tiết lộ chồng không ghen, thậm chí thấy vui mỗi khi mình được khen ngợi về ngoại hình."
NSƯT Bảo Quốc bất ngờ diễn thời trang ở tuổi 76,2025-10-01 19:39:00,Đời nghệ sĩ,"NSƯT Bảo Quốc gây bất ngờ khi góp mặt trong show thời trang của NTK Linh San, cùng với các đồng nghiệp tái hiện không khí lễ cưới truyền thống trên sân khấu."
Dương Mịch khiến Triệu Lệ Dĩnh 'thua thảm' nhờ EQ đỉnh cao,2025-10-01 16:20:00,Đời nghệ sĩ,"Trong giới giải trí, sự cạnh tranh giữa các ngôi sao không chỉ dừng lại ở tác phẩm nghệ thuật, mà còn là cuộc so kè về hình ảnh công chúng và sức hút cá nhân."
Tính cách của 'vua phim cương thi' Lâm Chánh Anh qua lời kể từ đồng nghiệp,2025-10-01 16:10:00,Đời nghệ sĩ,"Những ngày gần đây, cái tên Lâm Chánh Anh - huyền thoại của dòng phim cương thi Hồng Kông lại một lần nữa trở về trong ký ức khán giả. Nhiều người hâm mộ không khỏi tiếc thương trước sự ra đi đột ngột của ông."
"Hồ Quang Hiếu tiết lộ cuộc sống sau khi đám cưới với vợ người mẫu 1,8 m",2025-10-01 15:57:00,Đời nghệ sĩ,"Hồ Quang Hiếu tháp tùng bà xã Tuệ Như dự sự kiện công chiếu phim 'Chị ngã em nâng' của đạo diễn Vũ Thành Vinh. Chia sẻ với chúng tôi, nam ca sĩ cho biết cuộc sống sau hôn lễ cùng bà xã có nhiều thay đổi, song anh cảm thấy viên mãn với những gì đang có."
Diễn viên Thanh Thức trải lòng về chuyện kết hôn ở tuổi 41,2025-10-01 13:21:00,Đời nghệ sĩ,"Thanh Thức vừa có những phút trải lòng về chặng đường làm nghề, đồng thời chia sẻ về quan điểm hôn nhân khi bước sang tuổi 41."
Keith Urban chia tay Nicole Kidman do có tình mới trẻ đẹp hơn?,2025-10-01 13:17:00,Đời nghệ sĩ,"Nicole Kidman đã chính thức nộp đơn ly hôn với chồng - nam ca sĩ Keith Urban sau 19 năm chung sống, tờ Daily Mail xác nhận hôm 30.9."
Hải Yến Idol: Từ bị miệt thị ngoại hình đến sắc vóc nóng bỏng nhờ thể thao,2025-10-01 07:40:00,Đời nghệ sĩ,"Hải Yến Idol cùng nhiều nghệ sĩ, KOLs và vận động viên đã góp mặt tại giải Happy Pickleball Championship 2025 diễn ra ở TP.HCM, không chỉ để thi đấu thể thao mà còn cùng nhau gây quỹ hơn 300 triệu đồng hỗ trợ bệnh nhi Bệnh viện Nhi Đồng 1 nhân dịp tết Trung thu."
Tâm niệm của ca sĩ Đông Đào ở tuổi 54,2025-10-01 07:36:00,Truyền hình,"Trong suốt chặng đường làm nghệ thuật, Đông Đào luôn nỗ lực giữ gìn giọng hát, duy trì hình ảnh chỉn chu, không ngừng học hỏi để nâng cao kỹ năng. Theo cô, đây là cách để bản thân đi lâu dài  với nghề."
"Ngọc Sơn, Quyền Linh hội ngộ mừng 'ông trùm bolero' ra phim mới",2025-10-01 07:36:00,Phim,"Sau gần 30 năm làm nghề, NSƯT Vũ Thành Vinh gầy dựng chỗ đứng, có nhiều mối quan hệ trong showbiz. Vì vậy, trong sự kiện ông ra mắt tác phẩm điện ảnh 'Chị ngã em nâng', đông đảo sao Việt đã đến ủng hộ."
Cuộc sống của Hoa hậu Phương Lê sau khi 'lên chức' lần 3,2025-10-01 07:30:00,Đời nghệ sĩ,"Ở những tháng cuối của thai kỳ, Hoa hậu Phương Lê đặt an toàn của em bé và mình lên hàng đầu. Vì vậy, cô chú trọng từ vấn đề đi lại, ăn uống cho đến khám sức khỏe định kỳ để cho thể trạng tốt nhất khi chào đón thành viên mới."
Dấu ấn điện ảnh Việt tại thị trường châu Á,2025-10-01 07:26:00,Phim,"Trong khuôn khổ LHP quốc tế Busan (BIFF) lần thứ 30 diễn ra từ ngày 17 - 26.9, nhiều tên tuổi Việt đã được điểm danh."
Uyển Ân giấu Trấn Thành việc đóng cảnh nóng,2025-09-30 22:05:00,Phim,"Uyển Ân tiết lộ đến hiện tại, cô chưa chia sẻ với Trấn Thành về cảnh thân mật với bạn diễn trong phim 'Chị ngã em nâng'. Với sao nữ, đây là một trong những phân đoạn táo bạo trong sự nghiệp."
Thời niên thiếu bồng bột của Lưu Diệc Phi,2025-09-30 22:01:00,Đời nghệ sĩ,"Mới đây, bà Trần Lam - nữ đại gia kiêm nhà sản xuất điện ảnh Hồng Kông tiếp tục tiết lộ thêm nhiều câu chuyện cũ trong giới giải trí, trong đó có nhắc đến nữ diễn viên Lưu Diệc Phi."
"'Mưa đỏ' được chọn tranh Oscar 2026, nhà sản xuất nói gì?",2025-09-30 19:28:00,Giải trí,"Vừa rời rạp chiếu với doanh thu kỷ lục, 'Mưa đỏ' lại nhận tin vui mới: trở thành đại diện điện ảnh Việt Nam tranh giải hạng mục Phim quốc tế xuất sắc tại Oscar 2026."
Lý Liên Kiệt lộ diện sau thời gian nằm viện,2025-09-30 16:36:00,Đời nghệ sĩ,"Ngôi sao võ thuật Lý Liên Kiệt một lần nữa thu hút sự chú ý khi hình ảnh đời thường của ông bất ngờ được người hâm mộ chụp lại và đăng tải trên mạng xã hội, sau quãng thời gian chống chọi với bệnh tật."
"Hòa Hiệp tiết lộ cuộc sống khi 'lên chức', nói thẳng về tin đồn tình cảm",2025-09-30 15:57:00,Truyền hình,"Là khách mời trong 'Gõ cửa trái tim', diễn viên Hòa Hiệp có những trải lòng về hành trình làm cha ở tuổi ngoài 40, đồng thời lên tiếng về tin đồn tình cảm với đồng nghiệp."
Dương Tử Quỳnh năng động ở tuổi 63,2025-09-30 15:48:00,Giải trí,"Trong khuôn khổ Tuần lễ thời trang Milan tại Ý, chủ nhân tượng vàng Oscar Dương Tử Quỳnh hiếm hoi diện giày cao gót tôn vẻ ngoài thanh lịch, quyền lực, song hành cùng dàn sao quốc tế đình đám."
Madonna tiết lộ giai đoạn đau đớn nhất cuộc đời,2025-09-30 15:38:00,Đời nghệ sĩ,Madonna vừa chia sẻ rằng bà từng có ý định tự tử trong giai đoạn tranh chấp quyền nuôi con với chồng cũ Guy Ritchie vào năm 2016.
Cặp đôi tổ chức lễ cưới sau 2 năm nên duyên từ show hẹn hò,2025-09-30 15:33:00,Đời nghệ sĩ,"Luna Hằng Trịnh và Lê Đức vừa tổ chức lễ cưới tại Lâm Đồng, tạo nên cái kết đẹp cho chuyện tình của cả hai sau khi nên duyên từ chương trình hẹn hò 'Tỏ tình hoàn mỹ'."
Con trai NSND Trần Lực ra sao sau 11 năm gây sốt?,2025-09-30 12:22:00,Phim,"Khác với hình ảnh cách đây 11 năm, Trần Bờm ở tuổi 17 gây ấn tượng bởi vẻ ngoài cao lớn, điển trai. Anh được xác nhận sẽ đảm nhận vai chính trong phim 'Bà đừng buồn con' của đạo diễn Hoàng Nam."
Nicole Kidman ly hôn nam ca sĩ nổi tiếng sau 19 năm chung sống,2025-09-30 12:14:00,Xem - Nghe,Tờ Variety xác nhận cặp nghệ sĩ nổi tiếng: minh tinh Nicole Kidman cùng chồng - ca nhạc sĩ đồng quê Keith Urban đã chính thức chia tay.
Long Nón Lá tiết lộ điều đặc biệt về Minh Tú khi gặp biến cố sức khỏe,2025-09-30 07:32:00,Đời nghệ sĩ,"Từng gây chú ý tại 'Thách thức danh hài' và 'Rap Việt' mùa 3, sau đó Long Nón Lá bất ngờ gặp biến cố sức khỏe. Trong chương trình truyền hình thực tế về giới underground, nam rapper có dịp trải lòng về thời gian chiến đấu với bệnh tật của mình."
Hoa hậu Dương Tư Kỳ cật lực livestream nuôi cả gia đình,2025-09-30 07:23:00,Đời nghệ sĩ,"Để có tiền nuôi 2 con nhỏ và lo cho cuộc sống gia đình, Dương Tư Kỳ không ngại đi về giữa Hồng Kông và đại lục làm việc. Hoa hậu Hồng Kông cật lực livestream kiếm tiền, chịu nhiều áp lực đến mức từng bật khóc trên sóng trực tiếp."
Nam công nhân được chủ vựa trái cây hơn tuổi đồng ý hẹn hò,2025-09-30 07:12:00,Truyền hình,"Đều từng trải qua hôn nhân dang dở, chủ vựa trái cây ở Côn Đảo và bố đơn thân đã tìm thấy sự đồng cảm khi gặp nhau tại chương trình 'Bạn muốn hẹn hò'. Sau những chia sẻ chân thành, cả hai quyết định bấm nút hẹn hò, mở ra cơ hội xây dựng mái ấm mới."
"Phan Như Thảo nói lý do rời showbiz, tiết lộ hôn nhân với chồng đại gia",2025-09-30 07:08:00,Đời nghệ sĩ,"Dù có cuộc sống đủ đầy bên chồng doanh nhân, Phan Như Thảo vẫn dành thời gian phát triển sự nghiệp riêng. Hành trình này của cô được người bạn đời ủng hộ."
NSND Xuân Bắc hội ngộ 'vợ ba' Hồng trong 'Sóng ở đáy sông' sau 25 năm,2025-09-29 21:42:00,Đời nghệ sĩ,"Khoảnh khắc hội ngộ nghệ sĩ Thanh Hiền - diễn viên vào vai Hồng trong 'Sóng ở đáy sông' được NSND Xuân Bắc chia sẻ trên trang cá nhân, khiến dân mạng thích thú."
"Bùi Công Nam, Duy Khánh... sau cơn sốt 'Anh trai vượt ngàn chông gai'",2025-09-29 21:38:00,Đời nghệ sĩ,"Sau 'Anh trai vượt ngàn chông gai', dàn nghệ sĩ trong nhóm Nhà xương rồng gồm Duy Khánh, Bùi Công Nam, Thanh Duy và Thiên Minh vẫn giữ mối quan hệ thân thiết. Sắp tới, nhóm sẽ tổ chức fan meeting tại Hàn Quốc vào tháng 11 tới."
Vợ kém 10 tuổi tiết lộ cuộc sống hôn nhân với rapper Đinh Tiến Đạt,2025-09-29 20:05:00,Đời nghệ sĩ,"Vy Lê là người đồng hành, ủng hộ Đinh Tiến Đạt trở lại với nghệ thuật. Mới đây, cô cũng có những trải lòng về cuộc sống hôn nhân với rapper 8X."
"Thái Hòa tiết lộ về con trai cao 1,8 m, đóng chung trong 'Tử chiến trên không'",2025-09-29 17:42:00,Đời nghệ sĩ,"Thái Hòa cho biết cảm xúc khó tả khi đóng phim cùng con trai trong 'Tử chiến trên không'. Dù vậy, nam diễn viên không hướng dẫn diễn xuất, chỉ lặng lẽ quan sát, để con tự trải nghiệm trong lần đầu thử sức với điện ảnh."
Người yêu Lệ Quyên hóa trai hư trên màn ảnh rộng,2025-09-29 17:37:00,Phim,"Sau 'Hai Muối', NSƯT Vũ Thành Vinh đánh dấu sự trở lại của mình trong lĩnh vực điện ảnh với 'Chị ngã em nâng'. Góp mặt trong phim, Lâm Bảo Châu có cơ hội hóa thân vào vai diễn trai hư, đánh dấu màu sắc mới trên màn ảnh rộng."
Jennifer Lopez kể cuộc sống mới sau ly hôn Ben Affleck,2025-09-29 16:42:00,Đời nghệ sĩ,"Sau cuộc hôn nhân đổ vỡ trong ồn ào với Ben Affleck, Jennifer Lopez thừa nhận bản thân trưởng thành và tự nhận thức tốt hơn. Ngôi sao 56 tuổi nói hiện tại cô là một con người khác so với một năm trước đây."
"'Tử chiến trên không' vẫn dẫn đầu, 'Mưa đỏ' chính thức rời rạp",2025-09-29 15:25:00,Phim,"'Tử chiến trên không' vẫn giữ được sức hút khi thu về hơn 48 tỉ trong 3 ngày cuối tuần. Trong khi đó, 'Mưa đỏ' chính thức rời rạp với doanh thu hơn 713 tỉ đồng."
Anh trai bật khóc khi đưa em đến show hẹn hò sau đổ vỡ hôn nhân,2025-09-29 13:10:00,Truyền hình,"Trong tập mới của chương trình 'Bạn muốn hẹn hò', MC Quyền Linh và Ngọc Lan đã có một buổi ghép đôi đầy cảm xúc cho hai khách mời cùng tuổi, đều từng đổ vỡ hôn nhân là Nguyễn Duy Quynh và Nguyễn Thị Thảo."
"Tái xuất sau ồn ào, Triệu Lộ Tư gây sốt với 'Hãy để tôi tỏa sáng'",2025-09-29 13:07:00,Phim,"Giữa lúc sự nghiệp đang chững lại vì loạt ồn ào đời tư, Triệu Lộ Tư bất ngờ tái xuất với 'Hãy để tôi tỏa sáng'. Tác phẩm làm 'dậy sóng' mạng xã hội xứ Trung đồng thời sở hữu loạt thành tích 'khủng' sau ít ngày lên sóng."
"Đại Nghĩa bị ngã phải đi cấp cứu, sân khấu kịch ngưng suất diễn",2025-09-29 11:57:00,Đời nghệ sĩ,"Khi đang biểu diễn trên sân khấu, nghệ sĩ Đại Nghĩa bất ngờ bị ngã và phải đi cấp cứu tại bệnh viện. Điều này dẫn đến việc suất diễn phải tạm dừng đột ngột."
Kha Ly: Từng trải qua 2 lần phẫu thuật và niềm vui có con tuổi 39,2025-09-29 10:31:00,Đời nghệ sĩ,"Tham gia chương trình 'Gõ cửa trái tim', Kha Ly có những phút trải lòng về chặng hành trình tìm con, đồng thời hé lộ kế hoạch trở lại với nghề trong thời gian tới."
NSƯT Vũ Thành Vinh: Tôi không ‘liều mạng’ đến mức cứ nhắm mắt bỏ tiền làm phim,2025-09-29 08:17:00,Phim,"Sau 'Hai Muối', NSƯT Vũ Thành Vinh đánh dấu sự trở lại của mình trong lĩnh vực điện ảnh với 'Chị ngã em nâng'. Trước thềm ra mắt phim, nam đạo diễn đã có những trải lòng về tác phẩm mới, đồng thời bộc bạch trăn trở khi chuyển hướng sang sản phẩm phim."
Nhạc sĩ Nguyễn Văn Chung cùng diễn viên 'Mưa đỏ' chấm thi nhan sắc,2025-09-29 08:05:00,Đời nghệ sĩ,"Nhạc sĩ Nguyễn Văn Chung, diễn viên Hứa Vĩ Văn cùng các nghệ sĩ khác giữ vị trí giám khảo nhằm tìm ra người xứng đáng với chiếc vương miện Hoa hậu Sinh viên Hòa bình Việt Nam."
Biệt thự 8 tầng của Quang Hà ở Hà Nội được đưa vào MV mới,2025-09-29 08:01:00,Đời nghệ sĩ,"Trong sản phẩm âm nhạc mới vừa trình làng, Quang Hà tiết lộ bối cảnh quay là chính tại căn biệt thự 8 tầng của anh ở Hà Nội."
Tân Hoa hậu Đại dương tiết lộ kế hoạch sử dụng 2 tỉ đồng tiền thưởng,2025-09-28 19:21:00,Đời nghệ sĩ,"Sau khi đăng quang, Hoa Hậu Đại dương Nguyễn Thanh Thảo bắt đầu bước vào các chương trình hoạt động. Tuy nhiên thay vì tập trung hoạt động suốt nhiệm kỳ, cô cho biết sẽ tạm gác lại một phần công việc, ưu tiên cho học tập và có kế hoạch quay lại Mỹ hoàn tất năm học cuối."
Hôn nhân ngọt ngào của Ji Sung - Lee Bo Young,2025-09-28 16:50:00,Đời nghệ sĩ,"Được biết đến là một trong những cặp vợ chồng mẫu mực của làng giải trí Hàn, Ji Sung - Lee Bo Young luôn khiến bao khán giả ngưỡng mộ với mối tình mặn nồng và cuộc sống hạnh phúc bên hai con nhỏ."
"Chàng trai đến show hẹn hò, được mẹ ủng hộ bấm nút với mẹ đơn thân",2025-09-28 12:21:00,Truyền hình,"Tại chương trình 'Bạn muốn hẹn hò', người mẹ của đàng trai ủng hộ khi con được mai mối với mẹ đơn thân, thậm chí còn thuyết phục đàng gái về làm dâu khiến MC Quyền Linh và Ngọc Lan thích thú."
Nam diễn viên 'Đảo thiên đường' mắc bệnh ung thư máu,2025-09-28 11:55:00,Đời nghệ sĩ,"Cha Hyun Seung vừa khiến cộng đồng mạng bàng hoàng khi tiết lộ anh mắc ung thư máu sau một lần nhập viện khẩn cấp. Tiết lộ này đã khiến người hâm mộ và đồng nghiệp vô cùng lo lắng, gửi lời cầu chúc nam diễn viên vượt qua bạo bệnh."
Tâm nguyện của nghệ sĩ Kiều Mai Lý ở tuổi 76,2025-09-28 11:52:00,Đời nghệ sĩ,"'Chỉ mong sao mình có được nhiều sân khấu hơn, để được hòa chung với các đàn em, đàn cháu, như vậy nó mới vui', nghệ sĩ Kiều Mai Lý trải lòng."
Selena Gomez chính thức kết hôn với Benny Blanco,2025-09-28 09:44:00,Đời nghệ sĩ,"Chuyện tình hai năm của Selena Gomez - Benny Blanco bước sang trang mới bằng đám cưới lãng mạn, riêng tư tại California (Mỹ). Đám cưới được siết chặt an ninh với dàn khách mời đầy sao, trong đó có Taylor Swift."
"Nghệ sĩ Tiểu Bảo Quốc: Sở hữu 3 căn nhà, 2 mảnh đất nhờ sống tiết kiệm",2025-09-28 07:30:00,Đời nghệ sĩ,"Ở tuổi ngoài 60, nghệ sĩ Tiểu Bảo Quốc vẫn giữ niềm say mê với nghề diễn. Nam nghệ sĩ tiết lộ sau những nỗ lực của bản thân cùng lối sống tiết kiệm, ông đã tích góp mua được nhà và đất như mong ước để yên tâm khi về hưu."
Ca sĩ Nguyên Vũ lên tiếng về MV có nhiều cảnh nóng bỏng,2025-09-27 20:47:00,Đời nghệ sĩ,"Ca sĩ Nguyên Vũ cho biết những cảnh quay thân mật của hai diễn viên Thiên Ngọc và An Duy trong MV 'Say một đời vì em' là thể hiện dụng ý của bài hát, ở mức độ vừa phải và không vượt quá chừng mực."
Vũ Thu Phương khoe sắc rạng rỡ sau biến cố,2025-09-27 20:43:00,Đời nghệ sĩ,Siêu mẫu Vũ Thu Phương dành thời gian đến chúc mừng á hậu Mook Karnruethai Tassabut giữ chức giám đốc sáng tạo cho một thương hiệu. Đây là lần hiếm hoi cô xuất hiện tại một sự kiện giải trí.
Diễn viên Kaity Nguyễn: Tôi không quá áp lực trước những lời khen chê,2025-09-27 15:40:00,Đời nghệ sĩ,"Sau gần 10 năm theo đuổi diễn xuất, Kaity Nguyễn cho biết đã xác định rõ mục tiêu nghề nghiệp và sẵn sàng thử thách ở những vai diễn khác biệt. Cô cũng bày tỏ niềm vui khi thế hệ diễn viên trẻ liên tiếp tỏa sáng, xem đó là tín hiệu tích cực cho sự phát triển của điện ảnh Việt."
"'Ngự trù của bạo chúa' thắng lớn, đoàn phim được thưởng kỳ nghỉ ở Việt Nam?",2025-09-27 15:32:00,Phim,Có thông tin đoàn phim 'Ngự trù của bạo chúa' được thưởng kỳ nghỉ dưỡng tại Đà Nẵng vào cuối tháng 10. Đây được cho là phần thưởng dành cho ê kíp sau khi tác phẩm gây sốt màn ảnh nhỏ.
Diễn viên 'Cổng mặt trời' hát bolero gây chú ý,2025-09-27 12:46:00,Truyền hình,"Thử sức tại cuộc thi 'Tình bolero 2025', Hiền Trang liên tục được giám khảo đánh giá cao. Trong tập phát sóng mới đây, cô gây chú ý khi thể hiện 'Điệu hò trao duyên' và 'Mình ơi'."
Nữ diễn viên đóng ‘Nguyệt thảo mai’ từng gây sốt giờ ra sao?,2025-09-27 12:41:00,Phim,"Hà Hương - nữ diễn viên từng gây chú ý trong 'Phía trước là bầu trời' bất ngờ tái xuất màn ảnh rộng, góp mặt trong phim điện ảnh 'Bà đừng buồn con'."
Tuấn Khải: Muốn làm chồng Lê Khánh cả ngoài đời lẫn trên phim,2025-09-27 12:35:00,Đời nghệ sĩ,"Tuấn Khải gây chú ý khi tiếp tục đảm nhận vai chồng Lê Khánh trong 'Cục vàng của ngoại'. Tại sự kiện giới thiệu về dự án, nam diễn viên đã có những chia sẻ về mối duyên này."
'Em xinh' Ngô Lan Hương nói gì khi xuất hiện trong sự kiện của web cá độ?,2025-09-27 09:16:00,Đời nghệ sĩ,"Đại diện của Ngô Lan Hương cho biết khi nhận lời tham gia biểu diễn đã không kiểm tra thông tin đơn vị tổ chức, chính vì thế gây nên lùm xùm cho nữ ca sĩ 9X."
Lý do khiến Quang Hà khóc nghẹn trên truyền hình,2025-09-27 09:00:00,Truyền hình,"Không giấu được sự xót xa trước hoàn cảnh các em nhỏ mồ côi, ca sĩ Quang Hà nhiều lần bật khóc khi tham gia 'Mái ấm gia đình Việt'."
Lương Thùy Linh dự sự kiện thời trang cùng David Beckham,2025-09-26 22:29:00,Giải trí,"Nối tiếp Tuần lễ thời trang London (Anh), Hoa hậu Lương Thùy Linh xuất hiện với thần thái đầy thu hút tại Tuần lễ thời trang Milan (Ý) cùng dàn sao quốc tế đình đám."
Chàng trai quê Tây Ninh ‘chạy show’ 2 cuộc thi nam vương trong chưa đầy 1 tháng,2025-09-26 20:14:00,Đời nghệ sĩ,"Vừa mới hoàn thành cuộc thi Nam vương quốc tế 2025, Đoàn Công Vinh tiếp tục cho hành trình chinh chiến tại Nam vương toàn cầu."
"Huỳnh Anh Tuấn trở lại làm video nấu ăn sau đột quỵ, hút triệu lượt xem",2025-09-26 20:09:00,Đời nghệ sĩ,"Clip Huỳnh Anh Tuấn trở lại nấu ăn sau quãng thời gian đột quỵ hút hơn 2,8 triệu lượt xem trên TikTok."
'Nấm lùn' Miss Grand Vietnam 2025 tiết lộ lý do thi hoa hậu,2025-09-26 16:25:00,Đời nghệ sĩ,"Trước khi đến với đấu trường nhan sắc Hoa hậu Hòa bình Việt Nam và vào top 10, Phan Như Thùy là một giọng ca quen thuộc trên TikTok với bản hit 'Nổi gió lên' nhận được hơn 3 tỉ lượt xem. Tuy nhiên tên tuổi của cô trước đó khá mờ nhạt, thậm chí nhiều tháng trời chưa có show diễn."
Đoàn Minh Tài tiết lộ đám cưới với bạn gái bác sĩ kém 16 tuổi,2025-09-26 16:20:00,Đời nghệ sĩ,"Trước thềm tổ chức lễ cưới với bạn gái kém 16 tuổi, diễn viên Đoàn Minh Tài gây chú ý khi hóa thân thành chú rể trong show thời trang cưới."
"Cờ bạc online quảng cáo trá hình 'chui' vào MV, concert",2025-09-26 15:01:00,Giải trí,"Những năm gần đây, cờ bạc trực tuyến trở thành vấn nạn nhức nhối, không chỉ gây tổn thất tài chính mà còn hủy hoại cuộc sống của nhiều người. Điều đáng lo ngại hơn là sự phát triển của các hình thức quảng cáo cờ bạc trá hình, len lỏi vào đời sống văn hóa, giải trí, đặc biệt là thông qua các sản phẩm âm nhạc như MV ca nhạc và concert."
NSƯT Võ Minh Lâm tiết lộ lý do chưa xin lên NSND,2025-09-26 12:56:00,Đời nghệ sĩ,"Ngồi 'ghế nóng' chương trình 'Chuông vàng vọng cổ 2025', NSƯT Võ Minh Lâm xem đây là cơ hội để truyền đạt kinh nghiệm và tiếp thêm lửa nghề cho những bạn trẻ yêu thích nghệ thuật cải lương. Chia sẻ với chúng tôi, nam nghệ sĩ cho biết, sau khi được phong tặng danh hiệu NSƯT, anh chưa đặt nặng mục tiêu trở thành NSND vì tự nhận bản thân vẫn còn nhiều điều cần hoàn thiện."
Hồ Ngọc Hà trao học bổng đến hết lớp 12 cho bé gái mồ côi,2025-09-26 09:40:00,Truyền hình,"Tập 5 của chương trình 'Hành trình 20+' đưa khán giả đến với mái ấm chùa Phật Minh (Vĩnh Long), nơi đang chở che cho hơn 80 em nhỏ mồ côi, có hoàn cảnh đặc biệt khó khăn. Tại đây, ca sĩ Hồ Ngọc Hà cùng mẹ ruột, người mẫu Lê Thúy và ê kíp đã có một chuyến thăm nhiều cảm xúc."
"Nữ nhân viên ngân hàng muốn làm 'nóc nhà', từ chối đồng nghiệp trên show hẹn hò",2025-09-26 08:11:00,Truyền hình,"Nữ nhân viên ngân hàng 32 tuổi đến 'Bạn muốn hẹn hò' tìm bạn trai, được Quyền Linh mai mối cho nam đồng nghiệp. Dù đàng trai thể hiện sự chân thành và được hai MC hỗ trợ hết lòng, cô gái vẫn quyết từ chối hẹn hò."
Lý do Việt Hương vẫn đi đóng phim dù cuộc sống đủ đầy,2025-09-26 08:07:00,Phim,"Dù bận rộn với công việc kinh doanh song Việt Hương vẫn sắp xếp để trở lại điện ảnh với vai diễn trong phim 'Cục vàng của ngoại', do Khương Ngọc làm đạo diễn."
"Quyết kết hôn cùng tình đầu, người phụ nữ xử lý cao tay khi chồng ngoại tình",2025-09-26 08:03:00,Truyền hình,"Là khách mời trong chương trình 'Thuận vợ thuận chồng', cặp đôi Tuyết Nhung - Minh Hùng có những chia sẻ về hành trình hôn nhân với những thăng trầm."
Thêm một phim kinh dị Việt ra rạp,2025-09-26 07:19:00,Phim,"Đạo diễn Lương Đình Dũng chính thức trở lại với thể loại kinh dị qua bộ phim Đồi hành xác: Tà thuyết đen trở lại dự kiến khởi chiếu toàn quốc từ ngày 26.9.Đồi hành xác: Tà thuyết đen trở lại thuộc thể loại phim tâm lý - hồi hộp mang đến không khí u tối, bí ẩn từ hang động cổ, mặt hồ phẳng lặng, khu rừng già cho đến những con búp bê đỏ treo cổ và đàn cá trê được dùng như biểu tượng ma mị."
(S)TRONG Trọng Hiếu sau cơn sốt 'Anh trai vượt ngàn chông gai',2025-09-24 21:49:00,Đời nghệ sĩ,"(S)TRONG Trọng Hiếu chính thức ra mắt EP 'Kho báu', được phát hành ngay trước thềm liveshow kỷ niệm 10 năm hoạt động nghệ thuật."
Việt Nam lần đầu có thí sinh chuyển giới thi Miss Universe,2025-09-24 20:17:00,Giải trí,Đơn vị nắm bản quyền vừa công bố Hoa hậu Hương Giang sẽ tranh tài tại Miss Universe 2025. Thông tin này trở thành đề tài tranh luận sôi nổi trên mạng xã hội.
Lâm Khánh Chi không cho phép mình gục ngã sau đổ vỡ,2025-09-24 18:40:00,Đời nghệ sĩ,"Lâm Khánh Chi vừa có những trải lòng về lý do quyết định 'dao kéo', đồng thời chia sẻ về cuộc sống sau đổ vỡ hôn nhân."
'Tử chiến trên không' vượt mốc 100 tỉ sau một tuần ra rạp,2025-09-24 18:36:00,Phim,"Theo Box Office Vietnam (đơn vị quan sát phòng vé độc lập), tính đến chiều 24.9, bộ phim hành động - kịch tính 'Tử chiến trên không' đã chính thức vượt mốc 100 tỉ đồng doanh thu, trở thành tác phẩm mới nhất gia nhập 'câu lạc bộ phim 100 tỉ' của điện ảnh Việt."
Hoa hậu bị tước vương miện vì clip nóng tiếp tục vướng ồn ào,2025-09-24 13:50:00,Đời nghệ sĩ,"Sau khi bị tước vương miện, Suphannee ""Baby"" Noinonthong đã lấy nước mắt công chúng bằng câu chuyện đời bi kịch. Tuy nhiên, mọi sự cảm thông nhanh chóng tan biến khi bằng chứng về lối sống xa hoa của cô bị phanh phui."
Cuộc sống của MC Thanh Bạch sau biến cố sức khỏe,2025-09-24 13:44:00,Đời nghệ sĩ,"Trở lại sau biến cố, MC Thanh Bạch giữ tinh thần lạc quan, tích cực tham gia các hoạt động nghệ thuật. Với ông, sự yêu thương của khán giả là động lực để cố gắng."
Ngôi sao 'Harry Potter' Emma Watson sau 6 năm rời xa màn bạc,2025-09-24 12:03:00,Đời nghệ sĩ,"Kể từ 'Little Women' (2019), Emma Watson không xuất hiện trong bộ phim nào khác. Nữ diễn viên khoe bản thân đang ở thời điểm hạnh phúc và khỏe mạnh nhất từ trước đến nay, không phải lo lắng về hình ảnh của mình trước công chúng."
Mỹ Tâm tổ chức live concert quy mô 40.000 khán giả,2025-09-24 07:42:00,Giải trí,Ca sĩ Mỹ Tâm xác nhận sẽ tổ chức live concert vào ngày 13.12 tại Sân vận động Mỹ Đình (Hà Nội).
"Chủ doanh nghiệp đến show hẹn hò, chinh phục cô gái ngoài 40 chưa từng kết hôn",2025-09-24 07:34:00,Truyền hình,"Chủ doanh nghiệp vận tải 42 tuổi đến 'Bạn muốn hẹn hò' tìm hạnh phúc sau nhiều năm đổ vỡ hôn nhân. Sự chân thành và quyết liệt của đàng trai, cộng với sự hỗ trợ của MC Quyền Linh, đã thành công khiến cô gái Quỳnh Anh đồng ý trao cơ hội hẹn hò."
"Con gái nuôi hát lại hit của nghệ sĩ Phi Nhung, tiết lộ chưa có người yêu",2025-09-24 07:30:00,Truyền hình,"Tham gia gameshow 'Úm ba la ra chữ gì', Thiêng Ngân gây xúc động khi hát 'Phải lòng con gái Bến Tre' - ca khúc từng làm nên tên tuổi của cố nghệ sĩ Phi Nhung."
"Phim có Cát Phượng chỉ bán được 2 vé trong ngày, doanh thu chạm đáy",2025-09-23 21:12:00,Phim,"Ra rạp trong kỳ vọng tạo cơ hội cho đạo diễn trẻ Hoàng Anh Duy, 'Tiệm cầm đồ: Có chơi có chịu' lại nhanh chóng lâm vào cảnh ế ẩm, sớm phải rút khỏi hệ thống chiếu. Cùng với doanh thu thảm hại, bộ phim còn gây chú ý bởi những tranh cãi hậu trường giữa diễn viên và nhà sản xuất."
Ê kíp '2 ngày 1 đêm' nói gì về tình huống liên quan Lê Dương Bảo Lâm?,2025-09-23 19:44:00,Văn hóa,"Chương trình '2 ngày 1 đêm' gây tranh cãi khi để Lê Dương Bảo Lâm bị quấn kín mặt bằng màng bọc thực phẩm. Trước phản ứng từ khán giả, nhà sản xuất lên tiếng xin lỗi và cam kết siết chặt quy trình biên tập."
Nữ sinh Ngoại thương tỏa sáng tại sơ khảo Hoa hậu Du lịch Việt Nam 2026,2025-09-23 17:53:00,Đời nghệ sĩ,"Trả lời phỏng vấn mạch lạc, giàu cảm xúc, tự tin trình diễn màn hát mộc 'Xinh tươi Việt Nam', thí sinh Ngô Thị Kiều Anh, sinh viên Trường đại học Ngoại thương nhận được sự đánh giá tích cực từ ban giám khảo và khán giả."
Khánh Phương lên tiếng vụ MV có hình ảnh liên quan cá độ,2025-09-23 17:52:00,Đời nghệ sĩ,"Sau khi Công an TP.HCM mời các thành viên nhóm Ngũ hổ tướng làm việc liên quan đến MV có hình ảnh liên quan đến cá độ, ca sĩ Khánh Phương lên tiếng phản hồi về những ồn ào xoay quanh sự việc."
Đức Phúc nói về chiến thắng tại 'Intervision': Những ngày qua như một giấc mơ,2025-09-23 17:45:00,Đời nghệ sĩ,"Hôm 23.9, ca sĩ Đức Phúc có bài viết dài, trải lòng về chiến thắng tại cuộc thi Intervision 2025. Anh xúc động khi nhận được sự yêu thương, ủng hộ của mọi người cho hành trình này."
"Quách Ngọc Ngoan trở lại điện ảnh, tiết lộ lý do vắng bóng suốt 7 năm",2025-09-23 17:42:00,Phim,"Sau 7 năm vắng bóng màn ảnh rộng, Quách Ngọc Ngoan tái xuất trong dự án 'Trái tim què quặt'. Nam diễn viên cho biết nhân vật Triết trong phim cho anh nhiều sức nặng, có sự mới lạ nhưng cũng quen thuộc."
"HLV Shin Tae-yong phủ nhận trở lại Indonesia giữa hỗn loạn,  HLV Kluivert được đền bù 'khủng'",2025-10-16 15:32:00,Thế giới,"Truyền thông Indonesia cho biết, Liên đoàn Bóng đá nước này (PSSI) đang gấp rút tìm người thay thế sau khi sa thải HLV Patrick Kluivert."
"Thể thao - cầu nối hòa bình, hữu nghị và phát triển bền vững của ASEAN",2025-10-16 14:52:00,Thể thao,"Hội nghị Bộ trưởng Thể thao ASEAN lần thứ 8 (AMMS 8) khai mạc sáng 16.10.2205 tại Hà Nội, nhấn mạnh vai trò của thể thao như một nhịp cầu gắn kết hòa bình, hữu nghị và hướng tới phát triển bền vững trong khu vực."
Đỗ Hoàng Hên chính thức có quốc tịch Việt Nam: Tràn trề cơ hội được gọi lên đội tuyển đấu Malaysia,2025-10-16 14:36:00,Thể thao,Tiền vệ Đỗ Hoàng Hên (Hendrio Araujo) chính thức có quốc tịch Việt Nam và sắp tới đủ điều kiện khoác áo đội tuyển quốc gia.
Có hay không môi giới bí ẩn 'làm giả' hồ sơ 7 cầu thủ nhập tịch Malaysia?,2025-10-16 14:29:00,Thể thao,Nhà quan sát kỳ cựu và nhà báo điều tra Malaysia R Nadeswaran nghi ngờ 1 nhà môi giới đã đóng vai trò trong bê bối 7 cầu thủ nhập tịch 'lậu' của đội tuyển Malaysia.
"Lịch thi đấu V-League mới nhất: Huyền thoại Harry Kewell ra mắt, HAGL tìm chiến thắng đầu tiên...",2025-10-16 14:24:00,Thể thao,"Vòng 7 V-League chứng kiến màn ra mắt đầy thách thức của 3 HLV Văn Sỹ Sơn (SLNA), huyền thoại Harry Kewell (CLB Hà Nội) và Đặng Trần Chỉnh (Becamex TP.HCM), trong khi HAGL có cơ hội nhận chiến thắng đầu tiên."
Cảnh sát Malaysia dừng điều tra vụ nhập tịch 'lậu' vì không có yếu tố cấu thành tội phạm: Gây nghi ngờ,2025-10-16 13:18:00,Thể thao,"Cảnh sát Malaysia thông báo không điều tra cáo buộc làm giả tài liệu liên quan đến 7 cầu thủ nhập tịch 'lậu' của Malaysia, với lý do 'không có yếu tố cấu thành tội phạm'."
"Sốc: HLV Kluivert và ê kíp Hà Lan bị sa thải, đội tuyển Indonesia vẫn đặt mục tiêu khủng",2025-10-16 12:37:00,Thế giới,"Thay mặt Liên đoàn Bóng đá Indonesia (PSSI), Chủ tịch Erick Thohir cho biết HLV Patrick Kluivert cùng các trợ lý sẽ chính thức chấm dứt công việc tại nước này."
Lịch thi đấu hạng nhất tái xuất: Công Phượng có kịp trở lại Trường Tươi Đồng Nai?,2025-10-16 11:36:00,Thể thao,"Vòng 4 giải hạng nhất 2025-2026 sẽ trở lại với tâm điểm là cuộc đối đầu giữa CLB Long An và Trường Tươi Đồng Nai, diễn ra ngày 18.10."
"Trẻ Cần Thơ, Khánh Hòa vô địch giải bóng chuyền bãi biển 2x2 đồng đội 2025",2025-10-16 11:25:00,Thể thao,Đội nữ TP.Cần Thơ và đội nam Sanvinest Khánh Hòa vô địch giải trẻ quốc gia môn bóng chuyền bãi biển 2x2 đồng đội năm 2025.
Phó thủ tướng Mai Văn Chính: ‘Hội nghị Bộ trưởng ASEAN về thể thao khẳng định tầm nhìn chiến lược’,2025-10-16 11:19:00,Các môn khác,"Sáng 16.10 tại Hà Nội đã diễn ra lễ khai mạc Hội nghị Bộ trưởng ASEAN về thể thao lần thứ 8. Phó thủ tướng Chính phủ Mai Văn Chính dự và phát biểu chỉ đạo. Cùng dự có Bộ trưởng Bộ VH-TT-DL Nguyễn Văn Hùng, Thứ trưởng Bộ VH-TT-DL Hoàng Đạo Cương cùng các bộ trưởng, trưởng đoàn các nước ASEAN và Đông Timor; Đại sứ các nước Đông Nam Á tại Hà Nội."
"‘Messi Cup’ cực đặc biệt: Được tổ chức ra sao, thời gian và thể thức thế nào?",2025-10-16 10:54:00,Thế giới,"Thông qua Công ty 525 Rosario do mình làm chủ, Messi đã chính thức công bố tổ chức giải đấu 'Messi Cup' lần đầu tiên tại TP.Miami (Mỹ) vào tháng 12 tới đây, với các đội U.16 từ các CLB nổi tiếng thế giới tham dự."
"Cung đường tuyệt đẹp, đạt chuẩn quốc tế của giải Vietnam Highlands Trail 2025",2025-10-16 10:54:00,Các môn khác,"Giải chạy bộ địa hình Vietnam Highlands Trail 2025 diễn ra ngày 21, 22.11 tại Đà Lạt (Lâm Đồng) tạo sức  hút nhờ cung đường thi đấu tuyệt đẹp, đạt tiêu chuẩn quốc tế."
"Lịch thi đấu billiards ngày 16.10: Trần Quyết Chiến gặp đối thủ duyên nợ, loại trực tiếp",2025-10-16 09:53:00,Các môn khác,"Hôm nay 16.10, giải vô địch thế giới billiards carom 3 băng diễn ra vòng đấu loại trực tiếp, với sự góp mặt của 4 cơ thủ Việt Nam."
Nepal đề nghị FIFA xử thua đội tuyển Malaysia trước cuộc tái đấu tháng 11,2025-10-16 09:29:00,Thế giới,"Theo CNN Indonesia, Liên đoàn Bóng đá Nepal (ANFA) đã đề nghị FIFA xử thua đội tuyển Malaysia vì đã sử dụng cầu thủ không đủ điều kiện thi đấu tại vòng loại Asian Cup 2027, trước khi 2 đội tái đấu vào tháng 11."
Vòng loại World Cup 2026: ‘Tam sư’ cán đích đầu tiên tại châu Âu,2025-10-16 07:32:00,Thế giới,"Không tính các trận play-off, vòng loại World Cup 2026 sẽ kết thúc sau loạt trận FIFA Days trong tháng tới. Vậy mà tính đến loạt trận áp chót vừa qua, châu Âu chỉ mới xác định được tấm vé đầu tiên dự VCK, cho đội tuyển Anh."
Link xem trực tiếp chung kết bóng chuyền nữ quốc gia hôm nay: Đại chiến hấp dẫn,2025-10-16 06:52:00,Các môn khác,"20 giờ hôm nay (16.10) tại Ninh Bình, đội chủ nhà LPBank Ninh Bình chạm trán CLB VTV Bình Điền Long An ở chung kết giải bóng chuyền nữ vô địch quốc gia 2025."
Hoàng Sao trổ tài ở giải pool đồng đội danh giá,2025-10-16 03:39:00,Các môn khác,"Vượt qua hàng loạt cái tên xuất sắc của làng billiards pool châu Á, tay cơ hàng đầu VN Dương Quốc Hoàng (biệt danh Hoàng Sao) đã được chọn trở thành 1 trong 5 đại diện khu vực tranh tài tại giải đồng đội danh giá Reyes Cup 2025 diễn ra từ ngày 16 - 19.10 tại Philippines."
Sự rời rạc khó hiểu của đội tuyển Việt Nam,2025-10-16 03:08:00,Thể thao,"Trước đối thủ kém 62 bậc trên bảng xếp hạng FIFA như Nepal, đội tuyển VN không thể tạo ra chiến thắng cách biệt lớn và thuyết phục ở màn so tài tối 14.10."
U.23 Việt Nam vững niềm tin trước chiến dịch lớn,2025-10-16 02:16:00,Thể thao,"Ngày 15.10, đội tuyển U.23 VN đã trở về VN, khép lại đợt tập huấn quan trọng tại UAE với 2 trận giao hữu gặp U.23 Qatar - nền bóng đá cao hơn chúng ta đến 61 bậc trên bảng xếp hạng FIFA."
"Đội tuyển Việt Nam phong độ chỉ ‘xuống’ nhất thời, đẳng cấp liệu có là mãi mãi?",2025-10-16 00:00:00,Thể thao,"Đội tuyển Việt Nam chỉ thắng Nepal 1-0 sau pha đá phản lưới nhà của hậu vệ đối phương tại vòng loại Asian Cup 2027. Kết quả này có thể khiến phần đông người hâm mộ không hài lòng, nhưng đường vẫn còn dài."
"Ngược dòng kịch tính thắng Thể Công, đội Biên Phòng vô địch bóng chuyền quốc gia 2025",2025-10-15 22:52:00,Các môn khác,Đội Biên Phòng bảo vệ thành công danh hiệu vô địch giải bóng chuyền quốc gia 2025 sau chiến thắng kịch tính 3-2 trước Thể Công Tân Cảng ở chung kết diễn ra tối nay (15.10) tại Ninh Bình.
Chủ tịch VFF Trần Quốc Tuấn tham dự cuộc họp quan trọng về VCK Asian Cup 2027,2025-10-15 22:11:00,Thể thao,Chủ tịch Liên đoàn Bóng đá Việt Nam (VFF) Trần Quốc Tuấn có mặt tại cuộc họp quan trọng do AFC tổ chức.
FAM dọa kiện lên CAS nếu FIFA bác đơn kháng cáo: Malaysia theo ‘vết xe đổ’ Đông Timor?,2025-10-15 19:47:00,Thể thao,"Kênh Astro Arena cho biết FAM sẽ đưa vụ 7 cầu thủ nhập tịch 'lậu' lên Tòa án Trọng tài thể thao (CAS) nếu FIFA bác đơn kháng cáo, đồng nghĩa bóng đá Malaysia có nguy cơ bị cấm vận dài hạn như Đông Timor trước đây."
"Vừa kháng cáo FIFA, FAM vừa tuyên bố cứng rắn: Sẽ trừng phạt HLV đội tuyển Malaysia vì…",2025-10-15 19:31:00,Thể thao,"Sau khi gửi kháng cáo sát hạn chót FIFA quy định, lãnh đạo FAM khẳng định sẽ có biện pháp trừng phạt HLV đội Malaysia Peter Cklamovski nói xấu tổ chức."
Malaysia chính thức gửi đơn kháng cáo lên FIFA vụ 7 cầu thủ nhập tịch ‘lậu’ bị cấm thi đấu,2025-10-15 17:45:00,Thế giới,Liên đoàn Bóng đá Malaysia (FAM) đã chính thức nộp đơn kháng cáo lên Liên đoàn Bóng đá Thế giới (FIFA) liên quan đến án cấm thi đấu đối với 7 cầu thủ nhập tịch.
Nóng: U.23 Việt Nam chạm trán nhà vô địch U.23 châu Á ở đợt FIFA Days tháng 11,2025-10-15 16:59:00,Thể thao,"Vào kỳ FIFA Days tháng 11 tới, đội tuyển U.23 Việt Nam sẽ đối đầu những đội mạnh hàng đầu châu Á ở giải tứ hùng tại Trung Quốc."
Sao trẻ HAGL Trần Gia Bảo lọt tốp 60 tài năng thế giới: Được The Guardian so sánh đặc biệt,2025-10-15 15:43:00,Thể thao,"Sao trẻ HAGL Trần Gia Bảo đã lọt tốp 60 tài năng trẻ triển vọng nhất thế giới năm 2025 của tờ The Guardian (Anh), đúng 11 năm sau Phan Thanh Hậu."
"HLV Cklamovski úp mở khả năng Malaysia bị trừ điểm, ‘bí ẩn’ FAM đã kháng cáo hay chưa",2025-10-15 12:46:00,Thế giới,"Đến ngày 15.10, dư luận vẫn chưa rõ Liên đoàn Bóng đá Malaysia (FAM) đã gửi đơn kháng cáo lên FIFA hay chưa?"
"Báo chí Malaysia có động thái bất ngờ: Khen đội tuyển, không đòi sa thải HLV Cklamovski nữa",2025-10-15 11:55:00,Thế giới,"Sau trận thắng đậm 5-1 trước Lào, báo chí Malaysia dành nhiều lời khen cho đội tuyển nước này giữa tâm bão nhập tịch 'lậu'."
Chuyên gia Indonesia muốn PSSI mời HLV Park Hang-seo dẫn dắt đội tuyển thay người thất bại Kluivert,2025-10-15 11:54:00,Thể thao,"Trong tột cùng thất vọng về HLV Patrick Kluivert, chuyên gia bóng đá Supriyono Prima cho rằng HLV Park Hang-seo sẽ là người phù hợp để Indonesia chạm vào giấc mơ World Cup."
Thanh Thúy xuất sắc lọt vào tốp những tay ghi điểm hàng đầu giải bóng chuyền Nhật Bản,2025-10-15 11:10:00,Các môn khác,Thủ quân đội tuyển bóng chuyền nữ Việt Nam Trần Thị Thanh Thúy thi đấu ấn tượng trong màu áo CLB Gunma Green Wings tại giải bóng chuyền vô địch Nhật Bản.
Đội tuyển Việt Nam thăng hạng FIFA cực nhanh: Bỏ xa Malaysia và Indonesia nhưng…,2025-10-15 09:51:00,Thể thao,"Đội tuyển Việt Nam tăng 3 bậc trên bảng điểm FIFA, lên hạng 109 thế giới sau chiến thắng 1-0 trước Nepal ở vòng loại Asian Cup 2027."
Lịch thi đấu billiards ngày 15.10: Trần Quyết Chiến cùng đồng đội đánh trận quyết định,2025-10-15 08:32:00,Các môn khác,"Hôm nay (15.10), Trần Quyết Chiến và các cơ thủ Việt Nam tiếp tục ra sân tranh tài tại vòng bảng giải billiards carom 3 băng vô địch thế giới (World Championship) 2025 đang diễn ra tại Antwerp - Bỉ."
"FIFA chính thức công bố thời gian bốc thăm World Cup 2026: Ở đâu, khi nào?",2025-10-15 08:23:00,Thế giới,"Ngày 15.10, FIFA chính thức công bố và xác nhận thời gian diễn ra lễ bốc thăm chia bảng vòng chung kết (VCK) World Cup 2026 vào lúc 23 giờ (giờ Việt Nam) ngày 5.12 tại Trung tâm Kennedy ở Washington D.C (Mỹ)."
Đội tuyển Malaysia ngược dòng thắng đậm Lào,2025-10-15 06:20:00,Thế giới,"Dù bất ngờ nhận bàn thua trong hiệp 1 nhưng đội tuyển Malaysia đã lội ngược dòng, thắng đậm đội khách Lào 5-1 ở lượt đấu thứ 4 bảng F, vòng loại Asian Cup 2027 vào tối 14.10 trên sân Bukit Jalil."
Nhân tố U.23 Việt Nam gieo hy vọng mới cho đội tuyển Việt Nam,2025-10-15 05:53:00,Thể thao,"HLV Kim Sang-sik cho 3 cầu thủ U.23 Việt Nam đá chính, Đình Bắc và Văn Khang vào sân trong hiệp 2 khi đội tuyển Việt Nam thắng Nepal 1-0 trên sân Thống Nhất ngày 14.10."
"Ronaldo chưa có vé đến World Cup 2026, thêm 2 đội châu Á giành suất đến thẳng",2025-10-15 05:31:00,Thế giới,"Dù Ronaldo có màn trình diễn rực sáng nhưng Bồ Đào Nha vẫn chưa thể giành vé sớm đến World Cup 2026. Trong khi đó, vòng loại thứ 4 World Cup khu vực châu Á đã xác định xong chủ nhân của những tấm vé đến thẳng ngày hội bóng đá lớn nhất hành tinh."
"Billiards: Trần Quyết Chiến bứt tốc ngoạn mục, thắng kịch tính trận ra quân World Championship",2025-10-15 05:30:00,Các môn khác,"Trần Quyết Chiến có màn bứt tốc ngoạn mục với những lượt cơ liên tiếp ghi sê-ri, qua đó giành chiến thắng đầu tay tại World Championship 2025 đang diễn ra ở Antwerp - Bỉ."
U.23 Việt Nam đi một ngày đàng...,2025-10-15 04:50:00,Thể thao,"Đội tuyển U.23 VN đã hoàn tất chuyến tập huấn bổ ích tại UAE, qua 2 trận cọ xát chất lượng với U.23 Qatar để tiến một bước quan trọng chuẩn bị cho SEA Games 33 và VCK U.23 châu Á 2026."
Lịch thi đấu chung kết bóng chuyền nam cực hấp dẫn hôm nay: Thể Công tìm lại hào quang,2025-10-15 03:49:00,Các môn khác,Đội bóng chuyền nam Thể Công Tân Cảng trước cơ hội trở lại bục cao nhất ở giải bóng chuyền vô địch quốc gia sau 9 năm vắng bóng.
Đội tuyển Việt Nam thắng vẫn chưa sướng,2025-10-15 00:00:00,Thể thao,"Tối 14.10, trên sân Thống Nhất, đội tuyển VN có chiến thắng khó khăn trước Nepal ở màn tái đấu với tỷ số 1-0 để tiếp tục bám đuổi Malaysia trong cuộc đua đến với Asian Cup 2027."
"HLV Lào buồn ngẩn ngơ vì thua ngược, HLV Cklamovski đưa Malaysia lên tận mây xanh",2025-10-14 23:28:00,Thế giới,"HLV đội tuyển Lào Hyeok-jun và HLV Peter Cklamovski của Malaysia đã có những chia sẻ thú vị sau trận đấu giữa 2 đội, diễn ra vào tối 14.10."
"HLV Kim Sang-sik: 'Đội tuyển Việt Nam vẫn nóng vội, tôi rất tiếc...'",2025-10-14 23:07:00,Thể thao,"HLV Kim Sang-sik cho rằng các chân sút đội tuyển Việt Nam chưa biết cách tận dụng cơ hội, khi còn xử lý vội vàng trước cầu môn."
"HLV Nepal bất ngờ nhận định: 'Việt Nam xứng đáng dự Asian Cup hơn Malaysia, hãy chờ án FIFA’'",2025-10-14 22:53:00,Thể thao,Trợ lý HLV Salyan Khadgi của đội tuyển Nepal cho rằng đội tuyển Việt Nam xứng đáng được dự Asian Cup 2027 hơn Malaysia.
Tiến Linh chỉ thẳng lý do đội tuyển Việt Nam sút nhiều nhưng không thể ghi bàn,2025-10-14 22:25:00,Thể thao,"Tiền đạo Nguyến Tiến Linh đã có những chia sẻ sau chiến thắng chật vật 1-0 bằng bàn phản lưới nhà của đội tuyển Việt Nam, khi chạm trán với đối thủ Nepal bị đánh giá yếu hơn nhiều."
Bảng xếp hạng vòng loại Asian Cup mới nhất: Đội tuyển Việt Nam phả hơi nóng lên Malaysia,2025-10-14 22:07:00,Thể thao,"Đội tuyển Việt Nam đã hoàn thành nhiệm vụ gom đủ 6 điểm tối đa trước Nepal, phả thêm hơi nóng lên Malaysia đang ngày càng tuyệt vọng sau án phạt từ FIFA."
Lịch thi đấu đội tuyển Việt Nam mới nhất: Xem đá chủ nhà Lào trên 2 kênh nào?,2025-10-14 22:06:00,Thể thao,"Sau trận đấu với đội tuyển Nepal hôm nay trên sân Thống Nhất, đội tuyển Việt Nam có quãng nghỉ hơn 1 tháng trước khi thi đấu lượt trận tiếp theo của vòng loại Asian Cup 2027."
"Phung phí hàng tá cơ hội, Việt Nam chỉ thắng nổi Nepal nhờ bàn phản lưới nhà của đối phương",2025-10-14 21:56:00,Thể thao,"Dù tạo ra được nhiều cơ hội và lấn lướt đối thủ trong phần lớn thời gian thi đấu, đội tuyển Việt Nam chỉ có thể dành trọn 3 điểm trước đội tuyển Nepal nhờ bàn phản lưới nhà của hậu vệ Suman Shrestha."
"Mưa lớn, sân Thống Nhất ngập nước: Đội tuyển Việt Nam bị ảnh hưởng gì?",2025-10-14 19:11:00,Thể thao,Trận đấu giữa Nepal và đội tuyển Việt Nam ở vòng loại Asian Cup 2027 diễn ra vào tối 14.10 bị hoãn 30 phút vì thời tiết xấu. Lối chơi của các học trò HLV Kim Sang-sik cũng có thể bị ảnh hưởng.
"Vòng loại Asian Cup 2027, đội tuyển Việt Nam 1-0 Nepal: 3 điểm chật vật",2025-10-14 19:02:00,Thể thao,"Sân ướt, bóng trơn tại sân Thống Nhất đã khiến đội tuyển Việt Nam gặp nhiều khó khăn và phải nhờ đến bàn đốt lưới nhà của Suman Shrestha bên phía Nepal, thầy trò HLV Kim Sang-sik mới có được 3 điểm."
"Vòng loại Asian Cup 2027, đội tuyển Malaysia 5-1 Lào: Ngược dòng thắng đậm tại Bukit Jalil",2025-10-14 18:59:00,Thế giới,"Đội tuyển Malaysia có lợi thế sân nhà Bukit Jalil đã có chiến thắng ngược trước đội tuyển Lào ở trận đấu thuộc lượt 4 bảng F, vòng loại Asian Cup 2027 diễn ra vào ngày 14.10."
"Đội tuyển Việt Nam đấu Nepal: Văn Lâm ‘nhường’ thủ môn 1,91 m bắt chính, nhân sự rất sốc",2025-10-14 17:59:00,Thể thao,Danh sách 11 gương mặt đội tuyển Việt Nam đá chính ở trận tái đấu Nepal (19 giờ 30 hôm nay 14.10) đã lộ diện.
FIFA đã đầu tư 34 triệu USD cho bóng đá Đông Nam Á: Việt Nam được gì?,2025-10-14 16:55:00,Thể thao,"Theo chương trình 'FIFA Forward', FIFA đã đầu tư 34 triệu USD cho 32 dự án phát triển bóng đá tại 11 quốc gia ASEAN. Trong đó, bóng đá Việt Nam cũng nhận được sự quan tâm của cơ quan quản lý bóng đá thế giới."
FE CREDIT truyền cảm hứng 'sống khỏe - tài chính chủ động' tại Marathon Đất Sen Hồng 2025,2025-10-14 16:38:00,Thể thao,"Cuối tuần qua, tại Quảng trường Văn Miếu, phường Cao Lãnh, tỉnh Đồng Tháp, giải chạy VPBank Đất Sen Hồng Music Marathon 2025 đã thu hút sự quan tâm đông đảo của cộng đồng chạy bộ và người dân địa phương."
Lần đầu tiên bóng đá trẻ Việt Nam có giải 'mini V-League',2025-10-14 15:36:00,Thể thao,"Giải U.14 miền Bắc 2025-2026 đánh dấu lần đầu tiên bóng đá trẻ Việt Nam có một giải đấu vận hành như một mùa giải chuyên nghiệp, thi đấu lượt đi - lượt về, có bảng xếp hạng và lịch cố định hàng tuần."
U.23 Việt Nam về nước sau thu hoạch quan trọng từ 2 trận đấu với Qatar,2025-10-14 14:50:00,Thể thao,"Đội tuyển U.23 Việt Nam sẽ lên đường về nước vào rạng sáng 15.10, với rất nhiều điều bổ ích thu được từ 2 trận giao hữu chất lượng với U.23 Qatar tại UAE."
"HLV Kim tạm chia tay đội tuyển Việt Nam sau trận gặp Lào, U.23 hội quân liền một mạch",2025-10-14 12:15:00,Thể thao,"Hôm nay đội tuyển U.23 Việt Nam sẽ về nước, kết thúc thành công chuyến tập huấn tại UAE."
"Bóng đá Malaysia rối ren: HLV Cklamovski 'quay xe', chuyên gia yêu cầu FAM đừng mãi im lặng",2025-10-14 09:41:00,Thể thao,"Nội bộ bóng đá Malaysia đang rối ren khi HLV Peter Cklamovski chỉ trích Liên đoàn Bóng đá Malaysia (FAM) rồi lại... xin lỗi, nhưng chưa thể dập đi cơn bão dư luận."
"Sau Cape Verde, những đội nào sẽ giành vé dự World Cup 2026?",2025-10-14 09:14:00,Thế giới,"Ngày 14.10, Cape Verde trở thành đội thứ 22 giành quyền dự World Cup 2026, đây là một trong ba đội lần đầu tiên góp mặt ngày hội bóng đá thế giới và là đội thứ hai có số dân ít nhất sau Iceland vào vòng chung kết."
"HLV Kluivert bỏ về Hà Lan không xin lỗi, nội bộ đội tuyển Indonesia rối loạn",2025-10-14 08:19:00,Thế giới,"Theo trưởng đoàn đội tuyển Indonesia, ông Sumardji, HLV Kluivert và toàn bộ ban huấn luyện người Hà Lan đã ngay lập tức trở về nước, ngay sau thất bại ở vòng loại World Cup 2026 khu vực châu Á."
Khi Văn Lâm mắc sai lầm,2025-10-14 04:59:00,Thể thao,Thủ môn Đặng Văn Lâm chơi thiếu an toàn ở lượt đi giữa đội tuyển VN và Nepal và điều này có thể tạo cơ hội cho 2 thủ môn trẻ Trần Trung Kiên và Nguyễn Văn Việt.
Trần Quyết Chiến lại 'săn' chức vô địch thế giới: Trận ra quân thi đấu giờ cực ‘hiểm’,2025-10-14 03:10:00,Thể thao,Trần Quyết Chiến và các cơ thủ hàng đầu VN chính thức bước vào hành trình chinh phục giải billiards carom 3 băng vô địch thế giới (World Championship) 2025.
Lịch thi đấu gây tò mò hôm nay: Đội tuyển Lào cần làm gì để gây sốc cho Malaysia?,2025-10-14 02:56:00,Thế giới,"Đội tuyển Lào có những bước chuyển biến tích cực dưới thời HLV Ha Hyeok-jun về mặt lối chơi, nhưng thể lực hạn chế nên chưa thể tạo ra bất ngờ ở vòng loại Asian Cup 2027. Damoth Thongkamsavath và đồng đội vẫn hy vọng sẽ có điểm trong trận gặp Malaysia lúc 20 giờ hôm nay 14.10 trên sân khách Bukit Jalil."
"'Vua giải trẻ' Quốc Việt ghi bàn, U.23 Việt Nam và Qatar đua tỷ số kịch tính",2025-10-14 00:06:00,Thể thao,"U.23 Việt Nam đã triệt để trao cơ hội cho những cầu thủ mới hoặc ít đá cùng nhau, tạo ra cuộc chạy đua tỷ số kịch tính cùng U.23 Qatar, thua sát nút 2-3 với các bàn thắng của Văn Thuận và Quốc Việt."
Ninh Bình tranh vô địch quốc gia bóng chuyền nữ khi thiếu Bích Tuyền,2025-10-14 00:00:00,Các môn khác,Đội đương kim vô địch (ĐKVĐ) VTV Bình Điền Long An gặp thách thức lớn khi chạm trán CLB LPBank Ninh Bình ở chung kết giải bóng chuyền nữ vô địch quốc gia diễn ra ngày 16.10 tại Ninh Bình.
Lượt về Nepal - Việt Nam hôm nay: Đội khách sẽ lại thắng vì có nhân tố xuất sắc,2025-10-14 00:00:00,Thể thao,"Nhiều khả năng trong trận gặp Nepal lượt về vòng loại Asian Cup 2027 vào 19 giờ 30 hôm nay 14.10 trên sân Thống Nhất, HLV Kim Sang-sik vẫn sẽ bố trí Hoàng Đức chơi nhô cao để hỗ trợ hàng công. Phép thử này đang mang lại những hiệu quả khá thú vị cho đội tuyển VN."
Padel - môn thể thao khiến thế giới phát sốt: Có gì mà được dự báo ‘hot’ hơn cả pickleball?,2025-10-13 22:14:00,Các môn khác,"Từng bị xem là 'phiên bản lai' giữa tennis và bóng quần, padel đang trở thành cơn sốt thể thao toàn cầu, thu hút từ ngôi sao sân cỏ đến người chơi phong trào, và được dự báo sớm vượt mặt pickleball về độ phổ biến."
Thái Lan tiết lộ về SEA Games 33: Linh vật 'The San' thú vị thế nào?,2025-10-13 21:12:00,Các môn khác,"Trong khuôn khổ Hội nghị Quan chức cấp cao thể thao ASEAN (SOMS-16) diễn ra tại Hà Nội, phiên họp thứ hai tập trung thảo luận về việc triển khai các hoạt động kỷ niệm Ngày Thể thao ASEAN 2025, công tác chuẩn bị cho SEA Games 33 và ASEAN Para Games 2025, cùng những định hướng trọng tâm trong năm Chủ tịch ASEAN 2025 của Malaysia."
Đội tuyển Nepal giữa muôn trùng khó khăn: Vì sao phải dùng sân Thống Nhất làm sân nhà?,2025-10-13 21:09:00,Thể thao,"Không có sân đạt chuẩn, thiếu cơ sở vật chất tối thiểu - đó là thực tế trần trụi của bóng đá Nepal. Giữa muôn trùng gian khó ấy, HLV Matt Ross vẫn chọn ở lại, gieo niềm tin cho một nền bóng đá đang kiệt quệ."
"The Guardian: Bóng đá Malaysia bị Nepal chính thức kiện lên FIFA, hết đường đổ cho thuyết âm mưu",2025-10-13 21:08:00,Thể thao,"Bóng đá Malaysia nhận thêm cú sốc khi Liên đoàn Bóng đá Nepal (ANFA) đã chính thức nộp đơn khiếu nại lên FIFA về trận đấu hồi tháng 3 bị ảnh hưởng bởi cầu thủ không đủ tư cách, theo The Guardian."
U.17 nữ Việt Nam ra quân tưng bừng ở vòng loại châu Á: Thắng rất đậm đảo Guam,2025-10-13 19:54:00,Thể thao,"Tối 13.10, trên SVĐ Gò Đậu, đội U.17 nữ Việt Nam đã có màn khởi đầu thuận lợi tại vòng loại giải bóng đá nữ U.17 châu Á 2026 khi giành chiến thắng 5-0 trước đội U.17 nữ Guam."
"Báo Indonesia chỉ thẳng PSSI mất phương hướng, đương nhiên tan vỡ giấc mơ World Cup",2025-10-13 18:48:00,Thể thao,"Việc đội tuyển Indonesia không thể giành quyền tham dự World Cup 2026 là đỉnh điểm của sự mất phương hướng trong bóng đá quốc gia, tờ Bola khẳng định."
"Hòa Hà Nội trận cuối, Huỳnh Như cùng CLB TP.HCM I thống trị giải bóng đá nữ quốc gia",2025-10-13 18:38:00,Thể thao,Sự kết hợp giữa kinh nghiệm của Huỳnh Như và sức trẻ của các cầu thủ như K'Thua đã giúp CLB TP.HCM I hoàn tất mùa giải ấn tượng để lên ngôi vô địch giải bóng đá nữ quốc gia - cúp Thái Sơn Bắc 2025.
"Lịch thi đấu đội tuyển Việt Nam mới nhất: Thắng chủ nhà Nepal trên… sân Thống Nhất, không thể khác được",2025-10-13 18:23:00,Thể thao,"Trước trận tái đấu với Nepal trên sân Thống Nhất, đội tuyển Việt Nam cho thấy một tinh thần lạc quan, phấn khởi và tràn đầy tự tin."
"HLV Matt Ross nói cứng: ‘Việt Nam chịu sức ép nên sẽ bị chia điểm, càng mưa Nepal càng thích’",2025-10-13 18:11:00,Thể thao,HLV Matt Ross tin rằng đội tuyển Nepal sẽ có ít nhất 1 điểm ở trận tái đấu đội tuyển Việt Nam tại vòng loại Asian Cup 2027.
Tiền đạo Tiến Linh: 'HLV Lê Huỳnh Đức là huyền thoại bóng đá Việt Nam',2025-10-13 16:56:00,Thể thao,"Tiến Linh khẳng định HLV Lê Huỳnh Đức là huyền thoại bóng đá Việt Nam, và anh xem việc được làm việc với Huỳnh Đức là cơ hội để tiến bộ."
"HLV Kim tiết lộ 1 cầu thủ vắng mặt trận tái đấu Nepal, kể chuyện Tiến Linh... đòi vé",2025-10-13 16:33:00,Thể thao,"HLV Kim Sang-sik khẳng định đội tuyển Việt Nam phải giữ sạch lưới ở màn tái đấu Nepal, diễn ra lúc 19 giờ 30 ngày mai (14.10) trên sân Thống Nhất."
"Thấp thỏm chờ AFC ra án, báo Malaysia lại kêu gọi FAM 'đừng đi đường tắt nữa'",2025-10-13 15:24:00,Thế giới,"Sau bê bối nhập tịch gây chấn động, tờ The Star kêu gọi Liên đoàn Bóng đá Malaysia (FAM) chấm dứt tư duy 'đi đường tắt', xây dựng lại đội tuyển bằng năng lực thật và niềm tin vào cầu thủ nội."
Xác định các kênh phát trực tiếp trận lượt về Nepal đấu Việt Nam: Người xem tha hồ chọn,2025-10-13 15:00:00,Thể thao,"Đội tuyển VN có thể sẽ có những điều chỉnh quan trọng để hướng đến một chiến thắng thật thuyết phục trong trận lượt về với Nepal lúc 19 giờ 30 ngày 14.10 trên sân Thống Nhất. Tuy nhiên, HLV Kim Sang-sik sẽ đặt sự ổn định lên hàng đầu."
"Bóng chuyền: Trần Thị Thanh Thúy tiếp tục tỏa sáng ở Nhật Bản, nhưng...",2025-10-13 13:43:00,Các môn khác,"Tay đập số 1 Việt Nam Trần Thị Thanh Thúy tiếp tục tỏa sáng, nhưng không thể giúp CLB Gunma Green Wings giành chiến thắng trong trận tái đấu với Queenseis Kariya."
"Giải pickleball đấu giá cây vợt nhà vô địch Phúc Huỳnh, ủng hộ đồng bào bị lũ lụt",2025-10-13 13:06:00,Thể thao,"Cây vợt pickleball của Phúc Huỳnh - nhà vô địch PPA Asia Tour được đấu giá với số tiền 65 triệu đồng tại giải pickleball Anafa Hồ Tràm mở rộng, sẽ được ủng hộ cho cho đồng bào bị lũ lụt."
"HLV Cklamovski xin lỗi sau khi nói xấu FAM, đội tuyển Malaysia tập kín né truyền thông",2025-10-13 12:56:00,Thể thao,"HLV Peter Cklamovski đã nói lời xin lỗi vì đã nói xấu FAM, tìm cách né tránh các câu hỏi về scandal nhập tịch 'lậu' trong cuộc gặp truyền thông đầu tiên kể khi FIFA phạt bóng đá Malaysia."
Phần thưởng xứng đáng cho Hoàng Sao: Vé đặc cách dự giải billiards pool danh giá,2025-10-13 12:41:00,Các môn khác,"Niềm vui như vỡ òa với Dương Quốc Hoàng (biệt danh Hoàng Sao), khi anh chính thức nhận được tấm vé góp mặt trong đội châu Á dự giải billiards đồng đội Reyes Cup 2025, giải đấu đồng đội danh giá diễn ra tại Manila (Philippines)."
"Trưởng đoàn Indonesia bất ngờ ‘tố’ HLV Kluivert ngay trên truyền hình, PSSI sẽ kiện trọng tài",2025-10-13 12:21:00,Thế giới,"Trả lời phỏng vấn kênh truyền hình Kompas, Trưởng đoàn đội tuyển Indonesia Sumardji bất ngờ chỉ trích HLV Kluivert vì những kết quả tệ hại vừa xảy ra ở vòng loại World Cup 2026."
Cục trưởng Cục TDTT Việt Nam nói gì về sân Mỹ Đình?,2025-10-13 12:19:00,Thể thao,Lãnh đạo ngành thể thao một lần nữa nêu ý kiến về sân Mỹ Đình.
"Billiards: Trần Quyết Chiến gặp cao thủ nào tại giải thế giới, xem phát trực tiếp ở đâu?",2025-10-13 11:34:00,Các môn khác,"Hôm nay 14.10, giải vô địch thế giới billiards carom 3 băng (World Championship) 2025 chính thức khởi tranh tại Antwerp - Bỉ. Việt Nam có 5 cơ thủ góp mặt là Trần Quyết Chiến, Trần Thanh Lực, Chiêm Hồng Thái, Bao Phương Vinh và Nguyễn Trần Thanh Tự."
"HLV đội Lào bất ngờ nói về chuyện nhập tịch của bóng đá khu vực, quyết thắng ngược Malaysia",2025-10-13 11:33:00,Thể thao,"HLV trưởng đội tuyển Lào Ha Hyeok-jun cho rằng xu hướng nhập tịch cầu thủ đang lan rộng, nhưng Hàn Quốc, Nhật Bản sẽ không làm theo cách của Malaysia."
Đội tuyển Việt Nam thay 'áo' mới: Đá thật hay để thẳng tiến Asian Cup,2025-10-13 11:24:00,Thể thao,"Đội tuyển Việt Nam hứa hẹn trình làng lối chơi năng động và hiệu quả hơn ở màn tái đấu Nepal, diễn ra lúc 19 giờ 30 ngày mai (14.10)."
Khai mạc Hội nghị quan chức cấp cao ASEAN về thể thao lần thứ 16: Bước đột phá mạnh mẽ,2025-10-13 11:03:00,Các môn khác,"Sáng 13.10 tại Hà Nội, Hội nghị quan chức cấp cao ASEAN về thể thao lần thứ 16 (SOMS-16) đã khai mạc trọng thể. Sự kiện có sự tham dự của khoảng 200 đại biểu là bộ trưởng, thứ trưởng, người đứng đầu cơ quan thể thao các quốc gia ASEAN và Timor Leste, cùng các quan chức cấp cao trong lĩnh vực thể thao khu vực."
"Đội tuyển bi sắt Việt Nam đoạt HCV thế giới tại Pháp, hồi hộp chờ… SEA Games hồi âm",2025-10-13 10:24:00,Các môn khác,"Đội tuyển bi sắt nữ Việt Nam đánh bại Thái Lan, giành HCV giải vô địch thế giới 2025 diễn ra tại Pháp."
Chuyện gì sẽ xảy ra với HLV Kluivert khi đội tuyển Indonesia không đi World Cup: Tại vị chăng?,2025-10-13 10:23:00,Thế giới,"Theo CNN Indonesia, nhiều câu hỏi đang đặt ra cho HLV Kluivert sau khi đội tuyển Indonesia chấm dứt mọi hy vọng giành vé dự World Cup 2026. Liên đoàn Bóng đá Indonesia (PSSI) cũng đang lâm vào cảnh bế tắc."
Chính thức xác định ngày Messi đấu Yamal tranh ngôi vô địch Finalissima,2025-10-13 09:35:00,Thế giới,"Theo báo Tây Ban Nha, Marca, trận tranh ngôi vô địch Finalissima (đội vô địch EURO và Copa America) giữa đội tuyển nước này và đội tuyển Argentina đã được xác định diễn ra ngày 28.3.2026 trên sân Lusail (Qatar). Messi sẽ đối đầu với đàn em Yamal."
Sự trở lại giá trị của Xuân Son và Văn Hậu,2025-10-13 08:08:00,Thể thao,"Xuân Son và Văn Hậu đều đã trở lại thi đấu, dù chỉ là trận giao hữu nội bộ cấp CLB, nhưng lại là bước đi đầy quan trọng để cả hai nối lại sự nghiệp bóng đá chuyên nghiệp và tái xuất đội tuyển VN."
"5 trận, thủng lưới 9 bàn: Hàng thủ đội tuyển Việt Nam vì sao cứ mãi xộc xệch?",2025-10-13 06:55:00,Thể thao,"Ở 6 trận đấu quốc tế tính từ đầu năm đến giờ, có đến 5 trận đội tuyển Việt Nam bị thủng lưới. Tổng số bàn thua trong các trận này là 9 bàn, một thông số đáng suy ngẫm với nhà đương kim vô địch Đông Nam Á."
Lịch thi đấu bán kết giải bóng chuyền vô địch quốc gia hôm nay: Hứa hẹn hấp dẫn,2025-10-13 06:25:00,Các môn khác,"Hôm nay (13.10) tại Ninh Bình diễn ra 2 trận bán kết còn lại của hạng mục nam, nữ giải bóng chuyền vô địch quốc gia 2025."
"Billiards: Đánh bại Trần Quyết Chiến, Martin Horn đi thẳng một mạch đến ngôi vô địch",2025-10-13 04:22:00,Các môn khác,"Chặng đấu World Cup billiards Antwerp 2025 diễn ra tại Bỉ đã chính thức khép lại, với chức vô địch thuộc về cơ thủ người Đức Martin Horn, sau khi đánh bại Tasdemir Tayfun ở trận chung kết."
"Bóng đá Malaysia tiếp tục bất ổn, trận thắng Lào chưa thể xoa dịu khủng hoảng",2025-10-13 02:00:00,Thế giới,"Sau trận thắng Lào ở lượt đi vòng loại Asian Cup 2027, đội tuyển Malaysia về nước trong âm thầm. Ở trận lượt về vào ngày 14.10, dù được chơi trên sân nhà Bukit Jalil nhưng thầy trò HLV Cklamovski có thể vấp phải sự thờ ơ của khán giả."
Lịch thi đấu mới nhất U.23 Việt Nam - Qatar: Chờ cầu thủ Việt kiều lên tiếng,2025-10-13 00:00:00,Thể thao,"22 giờ hôm nay (13.10, theo giờ VN), đội tuyển U.23 VN sẽ bước vào trận giao hữu lượt về gặp U.23 Qatar với mục tiêu giành chiến thắng."
"Bóng đá Việt Nam tới tấp đón tin vui, uy tín tăng cao: Tương phản hoàn toàn Malaysia",2025-10-13 00:00:00,Thể thao,Xuân Son và Văn Hậu cùng thi đấu trở lại là 2 trong số hàng loạt tin vui khiến người hâm mộ hồ hởi. Bóng đá Việt Nam càng thêm tương phản so với Malaysia.
"Cơ thủ Pijus Labutis xuất sắc đăng quang giải pool 9 bóng, Dương Quốc Hoàng nhận tin cực vui",2025-10-12 23:11:00,Các môn khác,"Giải pool 9 bóng - Hanoi Open Pool Championship 2025 kết thúc ngày 12.10, đã tìm ra chủ nhân xứng đáng."
"HLV Steve Darby chỉ thẳng căn nguyên bóng đá Malaysia xuống cấp, đáng ngạc nhiên là vì…",2025-10-12 21:17:00,Thể thao,"HLV kỳ cựu người Anh Steve Darby chỉ ra lý do bóng đá Malaysia xuống cấp có hệ thống vì những can thiệp hành chính, thiếu lãnh đạo và chiến lược tương xứng."
"Bích Thùy vô lê đẳng cấp, CLB nữ Thái Nguyên vẫn mất vị trí tốp 3 chung cuộc",2025-10-12 20:47:00,Thể thao,"Chiến thắng 1-0 trước Phong Phú Hà Nam giúp Than KSVN vươn lên nhì bảng, trong khi Thái Nguyên T&T thắng CLB TP.HCM II với bàn duy nhất của Bích Thùy nhưng vẫn lỡ hẹn với tốp 3."
"Không có Thanh Thúy, VTV Bình Điền Long An vẫn vào chung kết bóng chuyền quốc gia",2025-10-12 19:35:00,Các môn khác,Trần Thị Thanh Thúy xuất ngoại thi đấu tại Nhật Bản nhưng CLB VTV Bình Điền Long An vẫn thi đấu ấn tượng ở giải bóng chuyền vô địch quốc gia đang diễn ra tại Ninh Bình.
"Billiards: Xuất hiện sê-ri 'khủng', Bao Phương Vinh giành HCĐ World Cup Antwerp",2025-10-12 19:31:00,Các môn khác,"Trước cao thủ người Thổ Nhĩ Kỳ thi đấu quá xuất sắc, Bao Phương Vinh đành nhận thất bại ở bán kết và đoạt hạng ba chung cuộc tại World Cup billiards Antwerp 2025."
Bộ tứ huyền thoại M.U đối đầu nhau khi dẫn dắt 4 đội bóng đá đường phố Việt Nam,2025-10-12 19:24:00,Thể thao,"Bộ tứ huyền thoại CLB M.U gồm Dimitar Berbatov, Nemanja Vidic, Luis Nani và Wes Brown sẽ đối đầu nhau khi dẫn dắt 4 đội bóng mạnh nhất VCK toàn quốc Tiger Street Football 2025."
"Hoàng Đức nhớ Quang Hải, tiết lộ lý do 'mạo hiểm' vào tập cùng anh em: Tôi muốn…",2025-10-12 18:58:00,Thể thao,"Sau khi nghỉ buổi tập ngày 11.10 vì chấn thương, tiền vệ Hoàng Đức đã trở lại tập đấu pháp với đội tuyển Việt Nam vào chiều nay."
"Buổi tập đội tuyển Việt Nam lại bất an, vẫn thiếu vắng Bùi Tiến Dũng: Ai thay đấu Nepal?",2025-10-12 18:50:00,Thể thao,"Chiều 12.10, đội tuyển Việt Nam tiếp tục tập luyện mà không có sự góp mặt của trung vệ Bùi Tiến Dũng"
Đội tuyển Việt Nam sút mãi... mới vào: Ông Kim phải tin tưởng những 'tay súng' trẻ,2025-10-12 17:12:00,Thể thao,"Đội tuyển Việt Nam cần cuộc cách mạng triệt để trên hàng công, nếu không muốn một lần nữa chật vật trước hàng thủ 'đá tảng' của Nepal ở trận tái đấu ngày 14.10."
"Lịch thi đấu U.17 Việt Nam mới nhất: Chạm trán Guam và Hồng Kông, tại sao không đài nào phát sóng?",2025-10-12 15:58:00,Thể thao,"Phát biểu trong buổi họp báo trước khi khởi tranh vòng loại bảng D, HLV trưởng đội U.17 nữ Việt Nam, U.17 nữ Hồng Kông và U.17 nữ Guam đều bày tỏ sự tự tin trong cuộc đua ngôi đầu bảng để giành vé dự VCK U.17 nữ châu Á 2026."
"Bỏ thêm tiền tỉ làm sân, Trường ĐH Đồng Tháp 'chơi lớn' đăng cai giải sinh viên",2025-10-12 15:57:00,Thể thao,"Ban giám hiệu Trường ĐH Đồng Tháp đã đi thêm một bước nữa, đầu tư tiền tỉ nâng cấp sân bãi toàn diện hơn để sẵn sàng đăng cai giải bóng đá Thanh Niên sinh viên Việt Nam."
Thanh Thúy cùng đồng đội thắng ngược ngoạn mục trong ngày ra quân giải Nhật Bản,2025-10-12 15:04:00,Các môn khác,"Trần Thị Thanh Thúy cùng đồng đội có khởi đầu thuận lợi trong ngày khai màn giải bóng chuyền nữ cao nhất Nhật Bản SV League 2025 - 2026, khi CLB Gunma Green Wings giành chiến thắng ngược dòng ấn tượng trước CLB Queenseis Kariya."
"Cao Pendant Quang Vinh làm ‘sếp trưởng’ lượt về, Văn Lâm sẽ biết phát động tấn công bằng chân?",2025-10-12 13:28:00,Thể thao,Chiến thắng 3-1 trước Nepal trong trận lượt đi vòng loại Asian Cup 2027 không chỉ giúp đội tuyển Việt Nam giành lợi thế lớn trước trận tái đấu ngày 14.10.
Cựu tuyển thủ đội bóng chuyền Mỹ gia nhập CLB nữ Hà Nội: Làn gió mát lành,2025-10-12 12:59:00,Các môn khác,"CLB bóng chuyền nữ Hà Nội đã chiêu mộ cựu tuyển thủ Mỹ, cao 1,86 m."
"Những nhân vật đặc biệt của đội tuyển Việt Nam, không yêu không được!",2025-10-12 12:56:00,Thể thao,"Đội tuyển Việt Nam thi đấu chưa quá sắc nét trong trận đấu với Nepal lượt đi vòng loại Asian Cup ngày 9.10. Tuy nhiên, vẫn có những vị trí luôn đảm bảo phong độ cao, tạo nên sức bật cho toàn đội."
HLV Cklamovski tiếp tục hứng bão vì nói xấu FAM: ‘Ông ta không xứng đáng dẫn dắt đội tuyển Malaysia’,2025-10-12 12:03:00,Thế giới,"Cựu cầu thủ nổi tiếng của Malaysia, ông Jamal Nasir chỉ trích HLV Cklamovski đã rất 'thiếu tôn trọng' và 'không xứng đáng' làm HLV trưởng đội tuyển nước này nữa, sau những đả kích trực diện với FAM."
Người đang đối đầu với ông Kim Sang-sik có sự nghiệp li kì cỡ nào: 'Những hành trình điên rồ',2025-10-12 11:47:00,Thể thao,"Từ một giáo viên kiêm chuyên viên phân tích video không lương ở Đức, HLV Matt Ross đã đi hành trình dài để trở thành thuyền trưởng đội tuyển Nepal. Giữa những năm tháng xa vợ, ông chọn bóng đá làm hơi thở của cuộc sống."
Hơn 12.000 VĐV chạy qua những địa danh lịch sử và biểu tượng của Đồng Tháp,2025-10-12 11:24:00,Thể thao,"Rạng sáng 12.10, tại Đồng Tháp, hơn 12.000 VĐV tham dự giải VPBank đất sen Hồng music marathon 2025 bước vào thi đấu chính thức."
"Lịch thi đấu billiards ngày 12.10: Bao Phương Vinh đấu cựu vô địch thế giới, xem phát sóng ở đâu?",2025-10-12 09:50:00,Các môn khác,"Hôm nay (12.10), Bao Phương Vinh tranh tài với cơ thủ kỳ cựu Tasdemir Tayfun, tranh vé vào chơi trận chung kết World Cup billiards Antwerp 2025 đang diễn ra tại Bỉ."
"Messi lập cú đúp ngoạn mục ở Mỹ, mừng như bắt được của là… đội tuyển Argentina",2025-10-12 09:10:00,Thế giới,"Sáng 12.10, Messi trở lại Inter Miami thi đấu trận gặp Atlanta United FC, anh lập tức ghi đến 2 bàn và góp 1 kiến tạo giúp đội nhà thắng đậm tỷ số 4-0 trong sự vui mừng của các đồng đội ở đội tuyển Argentina."
"Báo Indonesia cùng CĐV đòi sa thải HLV Kluivert, VAR và trọng tài Trung Quốc bị chỉ trích thậm tệ",2025-10-12 07:04:00,Thế giới,Truyền thông Indonesia đã bất ngờ chỉ trích cả HLV Kluivert và tổ trọng tài sau khi đội tuyển nước này để thua Iraq vào rạng sáng 12.10.
"Cầu thủ Indonesia khóc nấc vì trượt World Cup, Chủ tịch PSSI chua xót: ‘Chúng tôi xin lỗi…’",2025-10-12 06:57:00,Thế giới,Chủ tịch Liên đoàn Bóng đá Indonesia (PSSI) Erick Thohir đã có những chia sẻ sau khi đội tuyển nước này chính thức không còn cơ hội dự World Cup 2026.
"Indonesia thua đau đớn Iraq, giấc mơ World Cup 2026 tan thành mây khói: HLV Kluivert cay đắng",2025-10-12 04:42:00,Thế giới,Trận thua 0-1 trước Iraq rạng sáng 12.10 đã khép lại giấc mơ dự World Cup 2026 của đội tuyển Indonesia.
"Liêm chính bóng đá phải được bảo vệ, FAM cần bị trừng phạt thích đáng",2025-10-12 03:27:00,Thể thao,"Bê bối của Liên đoàn Bóng đá Malaysia (FAM) khi Liên đoàn bóng đá thế giới (FIFA) kết luận FAM đã gian lận nhập tịch 7 cầu thủ nước ngoài thi đấu cho đội tuyển quốc gia, khiến những người am hiểu vấn đề tin rằng việc đội Malaysia bị xử thua chỉ còn là thời gian."
"Billiards: Trận đấu gặp sự cố bất ngờ, Trần Quyết Chiến dừng chân ở World Cup Antwerp",2025-10-12 02:24:00,Các môn khác,Trần Quyết Chiến nhận thất bại trước nhà vô địch Martin Horn ở trận đấu thuộc vòng 16 giải Wolrd Cup billiards Antwerp 2025.
Đội tuyển Việt Nam và ván bài lật ngửa,2025-10-12 00:00:00,Thể thao,Chiến thắng 3-1 của đội tuyển VN trước Nepal ở lượt đi vòng loại Asian Cup 2027 gần như đã phơi bày tất cả ưu nhược điểm của cả hai đội.
"Xuân Son chính thức tái xuất, thi đấu sung sức: Đội tuyển Việt Nam và Nam Định cực vui",2025-10-11 23:01:00,Thể thao,"Tiền đạo Nguyễn Xuân Son đã trở lại ở trận giao hữu giữa CLB Nam Định và Trẻ PVF-CAND, diễn ra tối nay (11.10)."
Đoàn Văn Hậu gây thích thú khi đăng ảnh chạm trán Đỗ Hoàng Hên: Lượng tương tác khủng,2025-10-11 21:25:00,Thể thao,"Hình ảnh Đoàn Văn Hậu thi đấu xông xáo trong trận giao hữu với CLB Hà Nội, khiến người hâm mộ vui mừng."
HLV Kim Sang-sik được đề xuất tặng bằng khen của Thủ tướng Chính phủ,2025-10-11 20:59:00,Thể thao,"Bộ VH-TT-DL đã gửi tờ trình lên Thủ tướng Chính phủ, đề nghị tặng bằng khen cho HLV Kim Sang-sik và các cộng sự sau thành tích giúp U.23 Việt Nam vô địch giải U.23 Đông Nam Á 2025 tại Indonesia."
"Được thầy Kim giao phó, quyền HLV trưởng U.23 Việt Nam làm điều đặc biệt tại UAE",2025-10-11 20:50:00,Thể thao,"Sáng 11.10 theo giờ địa phương, đội tuyển U.23 Việt Nam đã đến thăm và giao lưu với Đại sứ quán Việt Nam tại Các Tiểu vương quốc Ả Rập Thống nhất (UAE) trong khuôn khổ chuyến tập huấn và thi đấu giao hữu tại Abu Dhabi."
Thử đoán HLV Kim Sang-sik sẽ thử nghiệm những gì khi Việt Nam tái đấu Nepal?,2025-10-11 20:33:00,Thể thao,"Đội tuyển Việt Nam vận hành thiếu trơn tru trong trận đấu với Nepal ngày 9.10, nên khả năng cao HLV Kim Sang-sik sẽ hướng đến việc thử nghiệm vị trí mới cho trận tái đấu với chính Nepal sau đây ít ngày."
Cao Pendant Quang Vinh chỉ thẳng thiếu sót của đội tuyển Việt Nam: 'Chúng tôi phải...',2025-10-11 19:08:00,Thể thao,"Hậu vệ Cao Pendant Quang Vinh cho rằng đội tuyển Việt Nam cần cải thiện màn trình diễn ở trận tái đấu Nepal ngày 14.10, trong khuôn khổ vòng loại Asian Cup 2027."
"Đội tuyển Nepal không có tiền mua đá làm mát, chẳng có gì cả: Đến Việt Nam mới được hưởng điều này…",2025-10-11 18:21:00,Thể thao,"Chiến lược gia người Úc chia sẻ về triết lý huấn luyện, hành trình gian nan cùng đội tuyển Nepal và niềm tin vào sự tiến bộ dù nhỏ nhất, sau trận gặp Việt Nam."
Người hâm mộ chào đón huyền thoại Manchester United trước thềm Chung kết Tiger Street Football 2025,2025-10-11 18:02:00,Thể thao,"Cuối tuần, bầu không khí tại sân bay Tân Sơn Nhất tiếp tục nhộn nhịp khi những người hâm mộ CLB Manchester United có mặt để chào đón bộ tứ huyền thoại góp mặt trong đêm Chung kết toàn quốc Tiger Street Football 2025 - Dimitar Berbatov, Nemanja Vidić, Wes Brown và Luis Nani."
Đội tuyển Việt Nam và ông Kim tặng quà đặc biệt đến người hâm mộ TP.HCM,2025-10-11 17:57:00,Thể thao,Trận gặp Nepal lúc 19 giờ 30 ngày 14.10 là dịp để đội tuyển Việt Nam và HLV Kim Sang-sik tặng món quà đặc biệt đến người hâm mộ TP.HCM.
"Đội tuyển Việt Nam 'thay máu' vị trí quan trọng: Thủ môn cao 1,91 m trám chỗ Văn Lâm?",2025-10-11 17:00:00,Thể thao,"Sau khi tung đội hình giàu kinh nghiệm ở trận lượt đi với Nepal (9.10), HLV Kim Sang-sik có thể trẻ hóa đội tuyển Việt Nam ở màn tái đấu sau đây 3 ngày trên sân Thống Nhất."
Tiết lộ của nhà báo Malaysia với Thanh Niên về nhập tịch: Lý do công chúng phẫn nộ là...,2025-10-11 16:09:00,Thế giới,"Sau khi FIFA ra án phạt Liên đoàn Bóng đá Malaysia (FAM) vì nhập tịch thần tốc’ 7 cầu thủ không có gốc gác Malaysia, làn sóng phẫn nộ lan khắp dư luận, vì đã có sự bất công..."
Cựu danh thủ Malaysia chỉ trích FAM thiếu tầm nhìn: 'Phải biết xấu hổ vì án phạt của FIFA',2025-10-11 15:26:00,Thế giới,Cựu danh thủ Datuk James Wong của bóng đá Malaysia khẳng định án phạt nặng của FIFA là lời cảnh tỉnh và bài học đắt giá cho Liên đoàn Bóng đá Malaysia (FAM).
Lộ diện cơ thủ duy nhất của Việt Nam lọt vào vòng 16 giải pool 9 bóng Hà Nội,2025-10-11 15:24:00,Các môn khác,Lễ khai mạc giải vô địch pool 9 bóng Hà Nội mở rộng 2025 (Hanoi Open Pool Championship) đã diễn ra tại Cung thể thao Điền kinh trong nhà Mỹ Đình (Hà Nội).
Đội tuyển Việt Nam lãng quên vũ khí quan trọng: Cần thức tỉnh để thắng đậm Nepal,2025-10-11 13:47:00,Thể thao,"Đội tuyển Việt Nam thiếu những tình huống dứt điểm từ xa hiểm hóc, chất lượng để mở khóa được những hàng thủ lùi sâu, lăn xả kiểu Nepal."
"Lịch thi đấu đội tuyển Indonesia-Iraq mới nhất: Sinh tử giành vé World Cup, HLV Kluivert tung tuyệt chiêu?",2025-10-11 13:45:00,Thế giới,"HLV đội tuyển Indonesia Patrick Kluivert khẳng định, đã chuẩn bị kỹ chiến thuật trong trận đấu quan trọng với Iraq ở vòng loại thứ 4 World Cup 2026 khu vực châu Á."
FAM chuẩn bị hồ sơ giải trình vụ nhập tịch 'lậu' thế nào nếu kháng cáo?,2025-10-11 12:47:00,Thế giới,Báo chí Malaysia đưa tin Liên đoàn Bóng đá Malaysia (FAM) đang gấp rút chuẩn bị hồ sơ giải trình liên quan đến vụ 7 cầu thủ nhập tịch 'lậu'.
"FIFA ‘buốt óc’ với bóng đá Đông Nam Á: Chưa xong vụ Malaysia nhập tịch lậu, đến lượt Indonesia khiếu nại",2025-10-11 11:52:00,Thế giới,Liên đoàn Bóng đá Indonesia (PSSI) đã chính thức gửi đơn khiếu nại lên FIFA và AFC liên quan đến vụ việc cổ động viên bị ngăn không cho vào sân trong trận gặp Ả Rập Xê Út.
HLV Nepal lại tiết lộ điều cực bất ngờ sau trận thua đội tuyển Việt Nam: ‘CĐV rất sốc dù…’,2025-10-11 11:45:00,Thể thao,"HLV người Úc của đội tuyển Nepal mong muốn cựu danh thủ đồng hương Harry Kewell sẽ ra sân xem lượt về vòng loại Asian Cup 2027 vào ngày 14.10 trên sân Thống Nhất. Và dĩ nhiên, HLV Matt Ross muốn thắng HLV Kim Sang-sik của đội tuyển Việt Nam."
Bóng đá Malaysia ‘rối như canh hẹ’: CĐV đòi FAM sa thải HLV Cklamovski chỉ vì dám nói sự thật,2025-10-11 11:26:00,Thế giới,Giới CĐV Malaysia dậy sóng sau phát biểu gây sốc của HLV Cklamovski đổ lỗi cho Liên đoàn Bóng đá nước này (FAM) sai sót dẫn đến bị FIFA trừng phạt vụ 7 cầu thủ nhập tịch. Họ đòi sa thải HLV này vì vượt quá quyền hạn.
"Messi bất ngờ rời đội tuyển Argentina, David Beckham nâng cấp Inter Miami",2025-10-11 10:26:00,Thế giới,"Ngày 11.10, Messi bất ngờ vắng mặt ở trận giao hữu quốc tế đội tuyển Argentina thắng Venezuela với tỷ số 1-0 trên sân Hard Rock (Mỹ), giữa lúc CLB Inter Miami gặp nhiều biến động, chủ tịch David Beckham phải ra tay nâng cấp."
Lịch thi đấu billiards ngày 11.10: Trần Quyết Chiến 'đòi nợ' nhà vô địch World Cup,2025-10-11 09:36:00,Các môn khác,"Hôm nay (11.10), Trần Quyết Chiến và các cơ thủ Việt Nam sẽ thi đấu ở vòng loại trực tiếp của chặng World Cup billiards Antwerp 2025 đang diễn ra tại Bỉ."
"U.23 Việt Nam ‘đi một ngày đàng học một sàng khôn’, ra sân gần nửa đêm tại UAE",2025-10-11 09:27:00,Thể thao,"Trong đêm 9.10, trên sân bóng của CLB 321 tại TP.Abu Dhabi (UAE), đội tuyển U.23 VN đã có trận giao hữu lượt đi, với thế trận vượt trội rõ rệt trước U.23 Qatar."
"Bóng đá Malaysia sẽ bị cấm vận dài hạn, nếu thách thức FIFA: FAM không nên ‘ương bướng’",2025-10-11 09:09:00,Thế giới,"Theo New Straits Times, nếu Liên đoàn Bóng đá Malaysia (FAM) chọn thách thức và đối đầu FIFA, kháng cáo kéo dài và bất thành, họ sẽ đối mặt nguy cơ bị cấm vận dài hạn như trường hợp của Timor Leste."
Lịch thi đấu bán kết giải bóng chuyền vô địch quốc gia 2025: Nảy lửa,2025-10-11 08:16:00,Các môn khác,"Giải bóng chuyền vô địch quốc gia 2025 tại Ninh Bình vừa khép lại giai đoạn 2, qua đó xác định các cặp đấu của vòng bán kết hạng mục nam lẫn nữ."
"CĐV biến Tân Sơn Nhất thành Old Trafford, chào đón các huyền thoại Manchester United",2025-10-11 07:46:00,Thể thao,"Ngay lúc này, không khí tại sân bay Tân Sơn Nhất (TP.HCM) như bùng nổ khi hai huyền thoại Manchester United - Dimitar Berbatov và Nemanja Vidić chính thức đặt chân đến Việt Nam. Cả hai xuất hiện với nụ cười rạng rỡ, liên tục vẫy tay chào hàng trăm người hâm mộ đã chờ sẵn từ sáng sớm để được gặp thần tượng."
Vòng loại World Cup 2026: Haaland gánh vác sứ mệnh lịch sử,2025-10-11 05:16:00,Thế giới,"Vòng loại World Cup 2026 tiếp tục sôi động, với Erling Haaland là trung tâm của sự chú ý trong hôm nay (11.10), khi đội Na Uy của anh tiếp Israel. Không chỉ là niềm hy vọng của đội nhà, Haaland còn đang ám ảnh giới hâm mộ Ý."
"Dàn tuyển thủ rực sáng ở giải bơi vô địch quốc gia, Huy Hoàng giành 5 HCV",2025-10-11 00:23:00,Các môn khác,"Nguyễn Huy Hoàng, Võ Thị Mỹ Tiên cùng các tuyển thủ thể hiện phong độ tốt ở giải bơi vô địch quốc gia 2025 vừa kết thúc tại Hà Nội."
Đội tuyển Việt Nam sẽ đá hay hơn ở màn tái đấu Nepal,2025-10-11 00:20:00,Thể thao,"Khi đã hiểu rõ đối thủ và thực sự nóng máy, đội tuyển VN đủ sức thắng Nepal với tỷ số thuyết phục hơn ở màn tái đấu diễn ra ngày 14.10 trên sân vận động Thống Nhất (TP.HCM)."
"Hàng thủ đội tuyển Việt Nam lung lay: Còn nhân tố U.23, thầy Kim đừng lãng quên",2025-10-11 00:00:00,Thể thao,Phong độ báo động của hàng thủ đội tuyển Việt Nam đặt ra bài toán nan giải cho HLV Kim Sang-sik.
Ông Trần Quốc Tuấn làm việc với ông Trần Anh Tú: Bóng đá TP.HCM được khen ngợi,2025-10-10 19:32:00,Thể thao,"Chiều 10.10, đoàn công tác của Liên đoàn Bóng đá Việt Nam (VFF) do Chủ tịch Trần Quốc Tuấn dẫn đầu đã có chuyến thăm và làm việc với Liên đoàn Bóng đá TP.HCM (HFF)."
"Lịch thi đấu U23 Việt Nam mới nhất: Ông Kim ở nhà, nóng ruột chờ tin thắng Qatar",2025-10-10 18:34:00,Thể thao,"Ngày 10.10, đội tuyển U.23 Việt Nam đã tập hồi phục ở khách sạn, tiến hành điều chỉnh hướng đến chiến thắng trong trận giao hữu lượt về với Qatar."
"'Độc lạ' trận tái đấu: Đội tuyển Việt Nam đá sân Thống Nhất, nhưng Nepal là... chủ nhà",2025-10-10 17:56:00,Thể thao,"Đội tuyển Việt Nam sẽ trải qua cảm giác lạ lẫm, khi đóng vai đội khách trên chính sân nhà của mình ở màn tái đấu Nepal vào ngày 14.10 tại vòng loại Asian Cup 2027."
Ngoại binh đẳng cấp thế giới của đội bóng chuyền Công an TP.HCM bất ngờ chấn thương,2025-10-10 17:49:00,Các môn khác,Tham vọng vô địch ngay mùa giải đầu tiên lên chơi giải bóng chuyền vô địch quốc gia của đội Công an TP.HCM nguy cơ bất thành khi ngoại binh đẳng cấp thế giới Michał Kubiak (Ba Lan) bất ngờ bị chấn thương.
"Sân Mỹ Đình nhận câu hỏi nóng, Cục TDTT Việt Nam trả lời thế nào?",2025-10-10 17:32:00,Thể thao,"Trận đấu vòng loại Asian Cup 2027 giữa Việt Nam và Nepal tại sân Gò Đậu) tối 9.10 vừa qua là minh chứng rõ ràng cho thấy, ngoài sân Mỹ Đình, thể thao Việt Nam vẫn còn nhiều sân vận động khác đạt tiêu chuẩn để tổ chức các trận đấu quốc tế."
"Billiards: Trần Quyết Chiến đánh bại nhà vô địch giải quốc gia Việt Nam, ra quân thuận lợi",2025-10-10 17:15:00,Các môn khác,"Trần Quyết Chiến có khởi đầu suôn sẻ tại giải World Cup billiards Antwerp 2025, khi đánh bại đương kim vô địch quốc gia Việt Nam ở trận ra quân."
"Đội tuyển Việt Nam thắng Malaysia cách nào, nếu không cải tổ gấp những điều này…",2025-10-10 16:24:00,Thể thao,Đội tuyển Việt Nam lộ ra một số nhược điểm trong chiến thắng nhọc nhằn 3-1 trước Nepal. HLV Kim Sang-sik phải sửa gấp và cải thiện chất lượng của toàn đội.
Chờ trọng tài Bahrain mang 'vận may' cho đội tuyển Việt Nam như đồng nghiệp Hàn Quốc,2025-10-10 13:08:00,Thể thao,"Đội tuyển Việt Nam được kỳ vọng tiếp tục giành chiến thắng trước Nepal trên sân Thống Nhất. Khi đó, tổ trọng tài người Bahrain sẽ điều hành trận đấu."
Tin vui: VTV và FPT Play cùng phát trực tiếp trận lượt về Nepal đấu Việt Nam,2025-10-10 12:08:00,Thể thao,Đội tuyển Việt Nam và đội tuyển Nepal sẽ đấu lượt về vòng loại Asian Cup 2027 vào 19 giờ 30 ngày 14.10 tại sân Thống Nhất.
"Sốc: HLV đội Malaysia đổ lỗi FAM, tiết lộ nguồn tiền tài trợ từ chính phủ",2025-10-10 12:00:00,Thế giới,"HLV đội tuyển Malaysia, Cklamovski thẳng thắn đổ lỗi cho Liên đoàn Bóng đá nước này (FAM) sai sót hành chính dẫn đến việc bị FIFA trừng phạt vụ 7 cầu thủ nhập tịch. Nhà cầm quân này cũng tiết lộ nguồn tiền tài trợ từ chính phủ."
"Người đại diện lên tiếng, bóng đá Malaysia mắc kẹt vụ 7 cầu thủ nhập tịch ‘lậu’",2025-10-10 10:42:00,Thế giới,"Cho đến sáng 10.10, Liên đoàn Bóng đá Malaysia (FAM) chưa có động tĩnh về việc phải thông báo với FIFA có kháng cáo hay không vụ 7 cầu thủ nhập tịch 'lậu'. Giữa lúc vai trò của người đại diện được tiết lộ."
"Đội tuyển Malaysia thắng nhọc nhằn chủ nhà Lào, tái đấu ở chảo lửa Bukit Jalil",2025-10-10 10:05:00,Thế giới,Dù trải qua hiệp 1 khó khăn nhưng những sự điều chỉnh của HLV Cklamovski đã giúp Malaysia đánh bại chủ nhà Lào với tỷ số 3-0 ở lượt đấu thứ 3 bảng F vòng loại Asian Cup 2027 vào tối 9.10.
"Lịch thi đấu billiards ngày 10.10: Trần Quyết Chiến ra quân, toàn đối thủ cực mạnh",2025-10-10 10:04:00,Các môn khác,"Hôm nay (10.10), cơ thủ số 1 Việt Nam chính thức ra quân ở vòng đấu chính của chặng World Cup billiards Antwerp đang diễn ra tại Bỉ."
Chủ tịch VFF trao kỷ niệm chương cho cá nhân có nhiều đóng góp quý báu,2025-10-10 09:59:00,Thể thao,Một số cá nhân có đóng góp nổi bật cho bóng đá Việt Nam đã được nhận Kỷ niệm chương từ lãnh đạo VFF.
"Đội tuyển Việt Nam thăng hạng FIFA sau trận thắng Nepal, Indonesia lâm nguy",2025-10-10 08:59:00,Thế giới,"Đội tuyển Việt Nam đã tăng 1 bậc sau trận thắng đội Nepal với tỷ số 3-1 tối 9.10, thầy trò HLV Kim Sang-sik vươn lên xếp hạng 113 thế giới, và sẽ còn tiếp tục tăng nếu thắng tiếp trận tái đấu ngày 14.10."
Đội tuyển Anh cạn kiệt trung phong vẫn thắng Xứ Wales 3-0,2025-10-10 08:56:00,Thế giới,"Một thời, rắc rối lớn nhất của HLV đội tuyển Anh là nên bỏ ai giữa khoảng nửa tá trung phong xuất sắc. Bây giờ không có lấy một chân sút xứng tầm để thay chỗ Harry Kane, khi anh chấn thương. Dù vậy đội tuyển Anh vẫn thắng Xứ Wales 3-0 trong trận giao hữu vừa kết thúc rạng sáng nay."
Lịch thi đấu giải bóng chuyền quốc gia hôm nay: Xác định các cặp bán kết,2025-10-10 05:26:00,Các môn khác,"Hôm nay (10.10) tại Ninh Bình giải bóng chuyền vô địch quốc gia 2025 diễn ra lượt trận thi đấu cuối của giai đoạn 2 nhằm xác định thứ hạng chung cuộc của vòng loại, qua đó biết được các cặp đấu của vòng bán kết."
"Thêm một trường đại học 'nâng cấp', tham gia giải bóng đá hạng ba quốc gia",2025-10-10 05:00:00,Thể thao,Trường ĐH Công nghệ Đồng Nai chính thức có mặt ở giải hạng ba quốc gia 2025.
"Billiards: Bao Phương Vinh bùng nổ với sê-ri cực khủng, thiết lập kỷ lục thế giới",2025-10-10 04:18:00,Các môn khác,"Bao Phương Vinh đã thi đấu với phong độ cực cao ở trận đấu quyết định cho tấm vé dự vòng đấu chính chặng World Cup billiards Antwerp 2025, khi tung sê-ri 'khủng' và hiệu suất ghi điểm rất cao."
Vết xước trong chiến thắng của đội tuyển Việt Nam,2025-10-10 03:59:00,Thể thao,"Chiến thắng 3-1 trước Nepal (vòng loại Asian Cup 2027, tối 9.10) của đội tuyển VN chưa thể được đánh giá là thuyết phục, khi thầy trò ông Kim phải chờ tới ưu thế hơn người mới vượt qua đối thủ hạng 176 thế giới."
U.23 Việt Nam chơi ấn tượng nhưng bỏ lỡ nhiều cơ hội: Thua sít sao Qatar,2025-10-10 00:13:00,Thể thao,"Đội tuyển U.23 Việt Nam đã có trận giao hữu đầu tiên tại UAE, với màn trình diễn xem được trước đối thủ Qatar."
Cạnh tranh quyết liệt ở giải bóng chuyền quốc gia,2025-10-10 00:00:00,Thể thao,Giai đoạn 2 giải bóng chuyền VĐQG năm 2025 đang diễn ra tại Ninh Bình với những diễn biến hấp dẫn trong cuộc đua đến danh hiệu vô địch ở hạng mục nam lẫn nữ.
"Báo Malaysia chê đội nhà chơi thiếu gắn kết, thắng Lào 3-0 nhưng chưa thuyết phục",2025-10-09 23:02:00,Thế giới,"Dù vượt qua Lào 3-0 để giữ ngôi đầu bảng F vòng loại Asian Cup 2027, màn trình diễn của Malaysia vẫn gây thất vọng. New Straits Times cho rằng đội hình toàn nội binh của HLV Peter Cklamovski thiếu gắn kết và chịu ảnh hưởng rõ rệt từ án cấm thi đấu của 7 cầu thủ nhập tịch."
"HLV Kim Sang-sik chỉ thẳng điểm yếu đội tuyển Việt Nam lẫn Nepal: ‘Tôi biết Malaysia thắng Lào, nhưng…’",2025-10-09 22:11:00,Thể thao,HLV Kim Sang-sik cho rằng đội tuyển Việt Nam phải cải thiện cả trong khâu tấn công và phòng ngự.
"Lịch thi đấu lượt về vòng loại Asian Cup: Chờ Việt Nam qua mặt Malaysia, gặp Nepal ngày nào?",2025-10-09 21:58:00,Thể thao,"Đội tuyển Việt Nam được mong chờ thi đấu bùng nổ ở giai đoạn lượt về vòng loại Asian Cup 2027, qua mặt Malaysia để giành vé đi tiếp."
"Ghi bàn quý hơn vàng cho đội tuyển Việt Nam, Phạm Xuân Mạnh nói gì?",2025-10-09 21:54:00,Thể thao,"Phạm Xuân Mạnh là một trong những cầu thủ thi đấu hay nhất bên phía đội tuyển Việt Nam ở trận thắng Nepal 3-1. Sau trận đấu, cầu thủ xứ Nghệ có những chia sẻ sau khi ghi bàn thắng đầu tiên trong màu áo đội tuyển quốc gia."
"HLV Nepal đau vì thẻ đỏ: 'Sẽ đá sòng phẳng với Việt Nam khi đủ 11 người, hãy đợi lượt về’",2025-10-09 21:52:00,Thể thao,"HLV Matt Ross khẳng định các cầu thủ Nepal đã chơi rất cố gắng, nhưng vẫn thi đấu có phần ngây thơ ở thất bại 1-3 trước đội tuyển Việt Nam."
"Tiến Linh 'thông nòng', đội tuyển Việt Nam thắng đậm Nepal: Thầy Kim vẫn đau tim",2025-10-09 21:31:00,Thể thao,Dù đội tuyển Nepal rất nỗ lực và bất ngờ có bàn san bằng tỷ số ở hiệp 1 nhưng sự chênh lệch sức mạnh vẫn giúp đội tuyển Việt Nam giành chiến thắng quan trọng trong lượt trận thứ 3 bảng F vòng loại Asian Cup 2027.
"Bảng xếp hạng vòng loại Asian Cup mới nhất: Đội tuyển Việt Nam tốp 2, bám đuổi quyết liệt Malaysia",2025-10-09 21:29:00,Thể thao,"Lượt trận thứ 3 bảng E vòng loại Asian Cup 2027 diễn ra hôm nay (9.10), chứng kiến thắng lợi của đội tuyển Malaysia lẫn đội tuyển Việt Nam, qua đó đeo bám nhau trên bảng xếp hạng."
"Vòng loại Asian Cup 2027, đội tuyển Việt Nam 3-1 Nepal: Đạt mục tiêu 3 điểm",2025-10-09 18:09:00,Thể thao,Đội tuyển Việt Nam đã hoàn thành mục tiêu giành trọn 3 điểm sau khi thắng dễ đội tuyển Nepal ở bảng F vòng loại Asian Cup 2027.
"Đội hình bất ngờ đấu Nepal: Văn Lâm bắt chính, Hoàng Đức cặp nhân vật ‘lạ’",2025-10-09 17:59:00,Thể thao,Đội hình chính thức của đội tuyển Việt Nam ở cuộc đọ sức Nepal lúc 19 giờ 30 hôm nay (9.10) đã lộ diện.
"Đội tuyển Lào không thể tạo bất ngờ trên sân nhà, thua đậm Malaysia 0-3",2025-10-09 17:51:00,Thế giới,"Đội tuyển Lào không thể tạo nên bất ngờ trên sân nhà khi để thua 0-3 trước đội tuyển Malaysia ở trận đấu diễn ra vào tối 9.10, thuộc khuôn khổ bảng F vòng loại Asian Cup 2027."
"HLV Hà Nội Harry Kewell: ‘Có Robbie Fowler là bạn thân, tôi sẽ hiểu hơn bóng đá châu Á’",2025-10-09 16:59:00,Thể thao,"Trong lễ ra mắt CLB Hà Nội, HLV Harry Kewell đã chia sẻ về niềm cảm hứng, áp lực và mối quan hệ thân thiết với cựu danh thủ Robbie Fowler. Trong khi đó Chủ tịch CLB Hà Nội Đỗ Vinh Quang chia sẻ hành trình đưa huyền thoại người Úc đến Việt Nam."
Việt Nam tổ chức hội nghị quan chức cấp cao ASEAN về thể thao lần thứ 16,2025-10-09 16:45:00,Các môn khác,"Năm 2025, theo cơ chế luân phiên, Việt Nam chính thức đảm nhận vai trò chủ trì tổ chức Hội nghị quan chức cấp cao ASEAN về thể thao lần thứ 16 (SOMS 16), Hội nghị Bộ trưởng ASEAN về Thể thao lần thứ 8 (AMMS 8) và các Hội nghị liên quan"
Sếp lớn CLB Hà Nội nói điều bất ngờ trong ngày huyền thoại Harry Kewell ra mắt truyền thông,2025-10-09 16:40:00,Thể thao,"Ngày 9.10.2025, CLB Hà Nội chính thức ra mắt HLV Harry Kewell, đánh dấu bước ngoặt trong chiến lược phát triển dài hạn của đội bóng thủ đô, đồng thời tạo cú hích cho tương lai bóng đá Việt Nam."
AFC 'bắt trend' Tiến Linh: Thể thao là… không ngừng bỏ cuộc!,2025-10-09 16:14:00,Thể thao,"Trên trang mạng xã hội chính thức, Liên đoàn Bóng đá châu Á (AFC) đã có động thái thú vị khi nhắc đến tiền đạo Nguyễn Tiến Linh của tuyển Việt Nam với một câu nói gây chú ý: Thể thao là… không ngừng bỏ cuộc."
"4 huyền thoại Manchester United sắp đến Việt Nam, tiếp lửa Chung kết Tiger Street Football 2025!",2025-10-09 16:00:00,Thể thao,"Các huyền thoại Manchester United - Dimitar Berbatov, Nemanja Vidić, Luis Nani và Wes Brown sắp đến Việt Nam vào cuối tuần này. Bộ tứ huyền thoại sẽ cùng góp mặt tại Chung kết toàn quốc Tiger Street Football 2025, diễn ra vào ngày 12.10, tại Phố đi bộ Nguyễn Huệ (TP.HCM)."
"Bất ngờ: FAM từng từ chối nhập tịch cầu thủ có ông cố người Malaysia, nhưng đã sai phạm vụ mới",2025-10-09 15:18:00,Thế giới,"Theo quy định, hôm nay 9.10, FAM sẽ phải thông báo với FIFA về việc có ý định kháng cáo hay không. Nếu có thì ngày 11.10, FAM phải có đơn kháng cáo về 7 cầu thủ nhập tịch."
"Báo chí Nepal thực sự lo ngại đội tuyển Việt Nam, chỉ mong Malaysia sớm bị trừng phạt để…",2025-10-09 13:21:00,Thể thao,"Trước thềm hai trận quyết đấu với đội tuyển Việt Nam tại vòng loại Asian Cup 2027, báo chí Nepal đồng loạt nhấn mạnh tinh thần 'quyết tâm tạo bất ngờ' của đội tuyển nước này. Dù đang đứng cuối bảng F, Nepal tin rằng mọi thứ có thể thay đổi."
Hai VĐV pickleball Quang Dương và Vinh Hiển chung tay cùng đồng bào vùng lũ miền Bắc,2025-10-09 12:22:00,Thể thao,Hai VĐV pickleball hàng đầu Việt Nam Quang Dương và Trương Vinh Hiển đã có những nghĩa cử đáng quý hướng về đồng bào đang chịu thiên tai nghiêm trọng ở miền Bắc.
‘Đặc sản’ bóng đá 7 người Việt Nam sẽ lan tỏa mạnh mẽ ở khu vực Đông Nam Á,2025-10-09 11:36:00,Thể thao,"Lãnh đạo ngành thể thao hy vọng giải bóng đá 7 trong tương lai càng có sự lan tỏa mạnh mẽ, không chỉ trong lãnh thổ Việt Nam."
"Xác định lần cuối 5 kênh phát trực tiếp Việt Nam đấu Nepal, HLV Kim tiết lộ một bí mật",2025-10-09 11:07:00,Thể thao,"19 giờ 30 hôm nay (9.10), đội tuyển Việt Nam phải giành được 3 điểm trước Nepal để nuôi hy vọng có vé dự vòng chung kết Asian Cup 2027. Nếu không thể đến sân Gò Đậu, khán giả có thể thưởng thức trận đấu trên kênh nào?"
"HLV Kluivert thất vọng ê chề vì Indonesia thua đau, bất ngờ đưa trọng tài lên tận mây xanh",2025-10-09 10:28:00,Thế giới,"Indonesia thất bại 2-3 trước Ả Rập Xê Út trong trận mở màn bảng B vòng loại thứ tư World Cup 2026 khu vực châu Á, HLV Patrick Kluivert nói kết quả này không phản ánh chính xác cục diện trận đấu."
"Đã có bao nhiêu đội giành vé đến World Cup 2026, các bảng còn gay cấn cỡ nào?",2025-10-09 09:30:00,Thế giới,"Tính đến ngày 9.10, đã có 19 đội chính thức giành vé đến World Cup 2026 bao gồm 3 đội đồng chủ nhà Mỹ, Mexico và Canada. Trong đó, Ai Cập là đội mới nhất, và tiếp theo sẽ là đội Ghana thứ 20."
The Guardian phân tích bê bối nhập tịch 'giáng đòn chí mạng vào bóng đá Malaysia',2025-10-09 08:46:00,Thế giới,Báo The Guardian đã có bài phân tích dài về bê bối bóng đá chấn động của Malaysia và gọi đây là cuộc khủng hoảng về liêm chính khiến bóng đá Malaysia chìm sâu.
"Lịch thi đấu billiards ngày 9.10: Nhiều 'cọp' Việt Nam xuất trận, Trần Quyết Chiến thì sao?",2025-10-09 08:39:00,Các môn khác,"Hôm nay (9.10), nhiều cơ thủ tốp đầu của Việt Nam sẽ ra sân thi đấu tại World Cup billiards Antwerp đang diễn ra tại Bỉ."
Cờ đến tay Tiến Linh,2025-10-09 07:59:00,Thể thao,2 trận gặp đối thủ dưới cơ như Nepal là cơ hội để HLV Kim Sang-sik thử nghiệm các phương án tấn công cho đội tuyển VN.
"Truyền thông Indonesia chê đội nhà chưa đủ đẳng cấp dự World Cup, Chủ tịch PSSI nói gì?",2025-10-09 07:08:00,Thế giới,"Truyền thông Indonesia đã có những đánh giá khi đội tuyển nước này bại trận trước Ả Rập Xê Út ở trận đấu đầu tiên, vòng loại thứ 4 World Cup 2026 khu vực châu Á."
Bảng xếp hạng giải bóng chuyền vô địch quốc gia mới nhất hôm nay: Kịch tính,2025-10-09 07:05:00,Các môn khác,"Giai đoạn 2 giải bóng chuyền vô địch quốc gia 2025 đang diễn ra tại Ninh Bình chứng kiến màn cạnh tranh hấp dẫn, kịch tính ở hạng mục nam trong khi  hạng mục của nữ sớm an bài."
Vòng loại World Cup 2026: Hào hứng cuộc đua châu Phi,2025-10-09 07:01:00,Thế giới,"Nếu lấy sự cân tài cân sức, tình thế so kè và giá trị kịch tính làm thước đo cho mức độ hấp dẫn của môn bóng đá, thì cuộc đua ở châu Phi là hấp dẫn nhất hiện nay tại vòng loại World Cup 2026."
Số phận đội tuyển Malaysia được định đoạt khi nào?,2025-10-09 02:57:00,Thế giới,"Liên đoàn Bóng đá châu Á (AFC) hoàn toàn có thể chủ động ra án phạt cho đội tuyển Malaysia, không cần chờ kết quả kháng cáo mà FIFA hoặc Tòa án Trọng tài Thể thao (CAS) dành cho Liên đoàn Bóng đá Malaysia (FAM)."
"Indonesia được 2 quả phạt đền, vẫn thua ngược Ả Rập Xê Út: Mộng World Cup sắp tan tành",2025-10-09 02:38:00,Thế giới,"Dù được hưởng 2 quả phạt đền từ những tình huống can thiệp của VAR nhưng đội tuyển Indonesia không thể làm nên bất ngờ, phải thua trận 2-3 trước Ả Rập Xê Út ở trận đấu thuộc vòng loại thứ 4 World Cup 2026 khu vực châu Á, diễn ra rạng sáng 9.10."
Lịch thi đấu mới nhất đội tuyển Việt Nam - Nepal: Kiên định với mục tiêu chiến thắng,2025-10-09 00:15:00,Thể thao,"Đội tuyển VN bước vào trận gặp Nepal (19 giờ 30 hôm nay trên sân Gò Đậu) với mục tiêu giành chiến thắng, qua đó giữ ưu thế ở bảng F trong cuộc cạnh tranh tấm vé dự vòng chung kết Asian Cup 2027."
"Lịch thi đấu được chú ý đặc biệt hôm nay: Không còn 7 cầu thủ nhập tịch ‘lậu’, Malaysia thắng nổi Lào?",2025-10-09 00:00:00,Thế giới,"Giữa thời điểm 'dầu sôi lửa bỏng' của cuộc chiến pháp lý, bóng đá Malaysia còn phải tập trung vào chuyên môn."
"U.23 Việt Nam tập sân chuẩn FIFA đẹp nhất UAE, sẵn sàng đọ sức đối thủ cực mạnh Qatar",2025-10-08 21:21:00,Thể thao,"Đội tuyển U.23 Việt Nam đã có buổi tập làm quen sân đấu rất hiện đại tại UAE, nơi sẽ diễn ra trận tranh tài đầu tiên với đối thủ mạnh U.23 Qatar."
Xuất hiện nhiều tình tiết lạ trước thềm trận đội tuyển Việt Nam đấu Nepal,2025-10-08 19:18:00,Thể thao,"Chiều 8.10, HLV Kim Sang-sik yêu cầu các cầu thủ của đội tuyển Việt Nam phải cực kỳ nghiêm túc dù đó chỉ là bài đá ma nhẹ nhàng, không mang nặng tính chiến thuật."
Bản lĩnh Việt sát cánh huyền thoại: Bùng nổ cùng Tiger Street Football 2025 tại TP.HCM,2025-10-08 19:00:00,Thể thao,"TP.HCM đang đếm ngược đến đêm chung kết toàn quốc Tiger Street Football 2025 vào ngày 12.10 tại Phố đi bộ Nguyễn Huệ. Bốn nhà vô địch đại diện cho các khu vực đang sẵn sàng bước vào cuộc chiến đáng mong đợi nhất từ đầu mùa giải, nơi họ sẽ lập đội và sát cánh trực tiếp cùng bốn huyền thoại Manchester United - Dimitar Berbatov, Nemanja Vidić, Luis Nani và Wes Brown."
"CLB TP.HCM I bị cầm hòa, Thùy Trang và đồng đội lỡ cơ hội vô địch sớm 1 vòng đấu",2025-10-08 18:52:00,Thể thao,CLB CTP.HCM I chia điểm trước Than KSVN ở vòng đấu thứ 9 giúp CLB nữ Hà Nội 'sống lại' cơ hội vô địch ở giải nữ VĐQG – cúp Thái Sơn Bắc 2025.
Chuyên gia Nhật Bản: 'Bóng đá Việt Nam rất có tiềm năng phát triển',2025-10-08 18:48:00,Thể thao,"Sáng 8.10, Liên đoàn Bóng đá Việt Nam (VFF) đã phối hợp với Liên đoàn Bóng đá Nhật Bản (JFA) và Hội đồng Thể thao Nhật Bản (Japan Sport Council), tổ chức lễ bế giảng hội thảo đào tạo bóng đá trẻ tại Việt Nam."
Nóng: Cầu thủ Việt kiều Cao Pendant Quang Vinh làm sếp phó ban cán sự đội tuyển Việt Nam,2025-10-08 18:38:00,Thể thao,Cao Pendant Quang Vinh có lần đầu được chọn làm đội phó của đội tuyển Việt Nam.
"HLV Nepal nói đùa muốn nghe… lỏm HLV Kim Sang-sik, nói thật muốn đội tuyển Việt Nam bị chia điểm",2025-10-08 18:13:00,Thể thao,"Chiều 8.10, HLV Matthew Ross của đội tuyển Nepal đánh giá cao chất lượng đội hình và lối chơi của đội tuyển Việt Nam. Ông hy vọng có thể giành điểm trên sân Gò Đậu."
"HLV Lào tuyên bố sẽ khiến Malaysia 'sốc', đội trưởng Bounphachan nhắc đến 7 cầu thủ bị FIFA treo giò",2025-10-08 17:37:00,Thế giới,"Trong buổi họp báo chiều 8.10, HLV Ha Hyeok-jun và đội trưởng Bounphachan đều khẳng định đội tuyển Lào sẽ ra sân với quyết tâm cao nhất để gây sốc trước Malaysia, giành 3 điểm."
"HLV Kim Sang-sik nói điều rất bất ngờ về án phạt Malaysia, mong mỏi đội tuyển Việt Nam thắng Nepal",2025-10-08 16:41:00,Thể thao,"Chiều 8.10, trong buổi họp báo trước trận, HLV Kim Sang-sik cho biết điều ông bận tâm bây giờ là chuẩn bị thật tốt cho 2 cuộc đối đầu Nepal."
"Đội tuyển Việt Nam tìm đối tác cho Hoàng Đức, cơ hội của sao trẻ U.23 Việt Nam",2025-10-08 16:35:00,Thể thao,"Đội tuyển Việt Nam sẽ đứng trước những phép thử quan trọng, trong đó HLV Kim Sang-sik đặc biệt tìm kiếm người đá cặp thích hợp cùng Hoàng Đức ở giữa sân."
"Lộ diện thêm kênh phát sóng trận đội tuyển Việt Nam đấu Nepal, khán giả ‘lãi’ nhất",2025-10-08 15:59:00,Thể thao,Trận đấu giữa đội tuyển Việt Nam và Nepal vào ngày 9.10 sẽ do trọng tài Hàn Quốc điều hành. Đội chủ nhà sẽ mặc trang phục đỏ.
"Đã rõ lý do HLV Kim Sang-sik tạm không dẫn dắt U.23 Việt Nam, ai lo nhân sự đấu Qatar?",2025-10-08 15:36:00,Thể thao,"Trong ngày đội tuyển Việt Nam đấu vòng loại Asian Cup 2027 ở sân nhà, U.23 Việt Nam lại có trận giao hữu quan trọng ở UAE với đối thủ cực mạnh là U.23 Qatar."
Billiards: Thiên tài Caudron tái xuất bùng nổ trên sân nhà?,2025-10-08 15:21:00,Các môn khác,"Cơ thủ có biệt danh thiên tài - Frederic Caudron sẽ tái xuất ở 2 giải đấu lớn thuộc Liên đoàn Billiards carom thế giới (UMB) diễn ra ngay trên sân nhà Bỉ, gồm chặng World Cup Antwerp và giải vô địch thế giới (World Championship) 2025."
HLV đội tuyển Malaysia bất ngờ phủ nhận có liên quan đến 7 cầu thủ nhập tịch ‘lậu’,2025-10-08 13:55:00,Thế giới,"Trong cuộc họp báo trước trận đội tuyển Malaysia gặp đội Lào lúc 19 giờ ngày 9.10 tại vòng loại Asian Cup 2027, HLV Cklamovski đã phủ nhận toàn bộ sự việc liên quan đến vụ bê bối 7 cầu thủ nhập tịch 'lậu' bị FIFA xử phạt."
"Lịch thi đấu U.23 Việt Nam mới nhất: Chạm trán Qatar giờ cực muộn, không đài nào phát sóng",2025-10-08 13:34:00,Thể thao,"U.23 Việt Nam cần chứng tỏ bản lĩnh trước các đội tuyển Tây Á như Ả Rập Xê Út hay Jordan, nếu muốn tiến xa ở giải U.23 châu Á 2026. Để rèn giũa sức mạnh cho U.23 Việt Nam, VFF đã đưa đội sang UAE và đội có 2 trận giao hữu với U.23 Qatar."
"AFC xuất hiện ở sự kiện nóng của VFF, nói lời đặc biệt cho bóng đá Việt Nam",2025-10-08 11:51:00,Thể thao,"Ngày 8.10, tại trụ sở Liên đoàn Bóng đá Việt Nam (VFF) đã diễn ra lễ khai mạc hội thảo cấp phép CLB bóng đá chuyên nghiệp Việt Nam 2025. Đáng chú ý, buổi lễ cũng có đại diện của Liên đoàn Bóng đá châu Á (AFC) tham dự."
"Hai lãnh đạo VFF được FIFA tin tưởng, bổ nhiệm vào các ban chức năng quan trọng",2025-10-08 11:16:00,Thể thao,"Tổng thư ký Liên đoàn Bóng đá Việt Nam (VFF) Nguyễn Văn Phú được FIFA bổ nhiệm tham gia Ban Y học, còn Phó tổng thư ký VFF Nguyễn Thanh Hà được FIFA bổ nhiệm vào Ban Bóng đá nữ nhiệm kỳ 2025-2029."
"Bóng đá Malaysia đã đánh mất sự chính trực, thứ quý giá nhất: Làm sao tìm lại?",2025-10-08 10:59:00,Thế giới,"Nhà báo thể thao nổi tiếng T.Avineshwaran của báo Malaysia, The Star, vừa bày tỏ nỗi lòng của mình xung quanh vụ bê bối 7 cầu thủ nhập tịch 'lậu' và trách nhiệm của Liên đoàn Bóng đá nước này (FAM) trước án phạt từ FIFA giáng xuống."
"Đội tuyển Nepal tới Việt Nam: Đối thủ đã sẵn sàng, thầy trò ông Kim thì sao?",2025-10-08 10:45:00,Thể thao,Đội tuyển Nepal đã có mặt tại TP.HCM vào đêm qua (7.10) để chuẩn bị cho 2 trận gặp đội tuyển Việt Nam tại vòng loại Asian Cup 2027.
"AFC được quyền phạt đội tuyển Malaysia trước khi có kết quả kháng cáo không: Có, tại sao?",2025-10-08 10:41:00,Thế giới,Vụ FAM dính đến bê bối nhập tịch cầu thủ và bị FIFA phanh phui sự thật đang tạo sóng dư luận. Bóng đá Malaysia bị ảnh hưởng uy tín trầm trọng và phát ngôn mới đây nhất của AFC cũng khiến khán giả đặc biệt chú ý.
Đội tuyển Malaysia bị sức ép khủng khiếp bủa vây: Chưa chắc đã thắng được Lào!,2025-10-08 09:55:00,Thể thao,"Trong bối cảnh tinh thần lung lay vì bê bối gian lận hồ sơ cầu thủ nhập tịch, đội tuyển Malaysia chưa chắc đánh bại được Lào vốn đã tiến bộ rất nhiều."
Chủ tịch VFF Trần Quốc Tuấn nhận nhiệm vụ quan trọng ở FIFA,2025-10-08 09:48:00,Thể thao,"Ngày 7.10.2025, Liên đoàn Bóng đá thế giới (FIFA) đã chính thức thông báo việc bổ nhiệm ông Trần Quốc Tuấn - Chủ tịch Liên đoàn Bóng đá Việt Nam (VFF) làm thành viên Ủy ban thi đấu cấp đội tuyển quốc gia của FIFA nhiệm kỳ 2025 - 2029."
"Indonesia bị xử ép trước trận sống còn tranh vé World Cup 2026, HLV Kluivert bức xúc",2025-10-08 08:53:00,Thế giới,"Đội tuyển Indonesia sắp bước vào trận đấu sống còn cho cơ hội giành vé dự World Cup 2026 gặp chủ nhà Ả Rập Xê Út lúc 0 giờ 15 ngày 9.10, HLV Kluivert rất bức xúc trước nhiều bất lợi của Garuda."
Dàn thủ môn 'nam thần' cao lớn và đẳng cấp của đội tuyển Việt Nam,2025-10-08 05:51:00,Thể thao,"Đội tuyển Việt Nam đang có đồng thời 3 thủ môn chất lượng, đó là Đặng Văn Lâm (Ninh Bình), Nguyễn Văn Việt (Thể Công Viettel) và Trần Trung Kiên (HAGL)."
L'Equipe và Sky Sports bất ngờ lên tiếng vụ nhập tịch lậu: Bóng đá Malaysia hoảng loạn,2025-10-08 05:50:00,Thế giới,"Trong bài phân tích ngày 7.10, nhà báo Gabriel Tan của kênh ESPN Asia cho rằng bóng đá Malaysia đang rơi vào tình trạng hoảng loạn khi nhận các án phạt của FIFA. Trong khi đó, kênh truyền hình nổi tiếng của Anh - Sky Sports và trang L'Equipe (Pháp) cũng chú ý đến vụ việc này."
Xác định các đội vào bán kết giải bóng chuyền vô địch quốc gia 2025,2025-10-08 05:45:00,Các môn khác,"Giải bóng chuyền vô địch quốc gia 2025 diễn ra tại Ninh Bình sớm xác định được 3/4 đội nam, 3/4 đội nữ giành quyền vào vòng bán kết."
"Đội tuyển Việt Nam mài sắc miếng đánh tấn công, quyết thắng đối thủ kém 62 bậc trên bảng xếp hạng",2025-10-08 03:57:00,Thể thao,"Học trò HLV Kim Sang-sik đang tích cực tập luyện nhằm mài sắc miếng đánh tấn công, với mục tiêu giành 2 chiến thắng thuyết phục trước Nepal ở vòng loại Asian Cup 2027."
"Bóng đá Malaysia mất uy tín trầm trọng, khủng hoảng chưa vội chấm dứt",2025-10-08 03:51:00,Thế giới,"Sau khi Liên đoàn Bóng đá thế giới (FIFA) công bố kết luận điều tra và Liên đoàn Bóng đá Malaysia (FAM) tuyên bố sẽ kháng cáo đến cùng, giới chức Malaysia cũng như báo chí và người hâm mộ của Đông Nam Á đã phản ứng khá gay gắt với hành động cũng như tuyên bố của FAM."
"FAM lộ rõ mâu thuẫn trong bê bối nhập tịch, đã thiếu trung thực thế nào?",2025-10-08 00:00:00,Thế giới,Liên đoàn Bóng đá thế giới (FIFA) đã có những bằng chứng đanh thép về sai phạm của Liên đoàn Bóng đá Malaysia (FAM) trong quá trình nhập tịch cầu thủ.
FAM lách luật như thế nào để làm hồ sơ giả cho tận 7 cầu thủ nhập tịch?,2025-10-08 00:00:00,Thể thao,"FIFA tung ra bằng chứng cho thấy nhóm 7 cầu thủ Malaysia đã làm giả giấy tờ, để được nhập tịch, Liên đoàn Bóng đá thế giới cũng bác bỏ lập luận từ phía FAM, khi FAM cố tình cho rằng FIFA đã công nhận hồ sơ của những cầu thủ này."
"‘Bóng đá Malaysia phải có chủ tịch mới, lập Ủy ban đặc biệt để trả lời FIFA’",2025-10-07 23:16:00,Thế giới,"Chia sẻ trên kênh Astro, chuyên gia thể thao Malaysia và là cựu thành viên Ủy ban điều hành Liên đoàn bóng đá nước này (FAM), ông Dato' Christopher Raj, đã thúc giục FAM ngay lập tức tổ chức một cuộc bầu cử tìm chủ tịch mới để giải quyết cuộc khủng hoảng hiện tại."
"Billiards: Tung sê-ri lớn, tay cơ Việt Nam thắng ấn tượng cao thủ người Mỹ",2025-10-07 20:19:00,Các môn khác,"VĐV Việt Nam Nguyễn Văn Tài đã có màn ra quân với chiến thắng cực kỳ thuyết phục trước cơ thủ người Mỹ, tại vòng loại World Cup billiards Antwerp 2025 đang diễn ra tại Bỉ."
Chuyên gia bóng đá Malaysia: 'FAM không nên đưa ra kháng cáo phù phiếm',2025-10-07 19:04:00,Thế giới,"Theo chuyên gia bóng đá Malaysia, Pekan Ramli, FAM không nên lãng phí thời gian và tiền bạc vào việc kháng cáo, FIFA đưa ra quyết định dựa trên một cuộc điều tra kỹ lưỡng và đã có bằng chứng vững chắc."
"Đội tuyển Việt Nam bất ngờ tập kín, HLV Kim Sang-sik tính toán kỹ nhân sự đấu Nepal",2025-10-07 18:28:00,Thể thao,Một tín hiệu tích cực từ đợt tập trung lần này của đội tuyển VN khi lứa U.23 đang được 'cài cắm' thông minh bên cạnh các đàn anh dày dạn kinh nghiệm. HLV Kim Sang-sik không chỉ trao cơ hội mà còn tạo môi trường lý tưởng để các 'măng non' được rèn giũa và trưởng thành.
"Đội tuyển Việt Nam có cơ hội thăng hạng FIFA nhanh nhất thế giới, bỏ xa Malaysia, Indonesia: Tại sao?",2025-10-07 16:37:00,Thể thao,"Nếu đánh bại Nepal ở cả 2 trận ngày 9.10 và 14.10 (vòng loại Asian Cup 2027), đồng thời được xử thắng Malaysia với tỷ số 3-0, đội tuyển Việt Nam sẽ thăng hạng FIFA ngoạn mục."
"Malaysia nín thở chờ án phạt, sân Gò Đậu 'hầm hập' cơn sốt vé đội tuyển Việt Nam",2025-10-07 14:52:00,Thể thao,"Trong khi Malaysia quay cuồng trong scandal nhập tịch 'lậu', sáng 7.10, sân Gò Đậu nóng 'hầm hập' trước cơn sốt vé trận đội tuyển Việt Nam gặp Nepal."
"Bóng đá Malaysia đang đi nước cờ sai, vẫn ‘cố đấm ăn xôi’: Gửi kháng cáo FIFA cụ thể ngày nào?",2025-10-07 14:46:00,Thế giới,"Dù FIFA đã công bố tài liệu điều tra khẳng định 7 cầu thủ nhập tịch của Malaysia là không hợp lệ, Liên đoàn Bóng đá Malaysia (FAM) vẫn tiếp tục phủ nhận sai phạm và tuyên bố sẽ kháng cáo."
Học trò 'cưng' của HLV Nguyễn Tuấn Kiệt tỏa sáng ở giải bóng chuyền quốc gia,2025-10-07 14:14:00,Các môn khác,CLB Ngân hàng Công thương do HLV Nguyễn Tuấn Kiệt dẫn dắt với sự tỏa sáng của Vi Thị Như Quỳnh giành chiến thắng quan trọng 3-0 trước đội Hưng Yên ở trận đấu mở màn giai đoạn 2 giải bóng chuyền vô địch quốc gia.
Bộ trưởng Malaysia: 'Báo cáo dài 19 trang có lập luận rất nghiêm trọng từ FIFA',2025-10-07 12:50:00,Thế giới,"Sau khi FIFA công bố bằng chứng cho thấy Liên đoàn Bóng đá Malaysia (FAM) nhập tịch lậu 7 cầu thủ, Bộ trưởng Thanh niên và Thể thao Malaysia Hannah Yeoh đã lên tiếng trước truyền thông nước này."
AFC ‘câu giờ’ cho FAM tìm phương án pháp lý đấu trí FIFA,2025-10-07 12:16:00,Thế giới,"Trong thông báo mới nhất (sáng 7.10), Tổng thư ký Liên đoàn Bóng đá châu Á (AFC), Seri Windsor Paul John cho rằng, cơ quan này đang chờ các hành động pháp lý từ FAM (của Malaysia)."
Lịch sử World Cup đang mời gọi những đội nào?,2025-10-07 12:14:00,Thể thao,Nhiều cái tên mới đã chính thức xuất hiện. Không loại trừ khả năng World Cup 2026 sẽ có đến gần chục tân binh - nhiều nhất trong lịch sử của giải đấu này. Đó là những đội bóng nào?
"Bằng chứng FIFA công bố quá rõ ràng, AFC không xử Malaysia thua Việt Nam sao được!",2025-10-07 11:52:00,Thể thao,"Với những bằng chứng đanh thép từ Liên đoàn Bóng đá thế giới (FIFA), đội tuyển Malaysia khó thoát cảnh bị xử thua 0-3 trước Việt Nam ở vòng loại Asian Cup 2027."
"Báo chí khu vực chỉ trích FAM thiếu cẩn trọng, vô trách nhiệm khi xét duyệt nhập tịch cầu thủ",2025-10-07 11:42:00,Thế giới,"FIFA công bố bằng chứng chi tiết cho thấy Liên đoàn Bóng đá Malaysia (FAM) đã sử dụng giấy tờ giả trong quá trình nhập tịch bảy cầu thủ, khiến truyền thông Đông Nam Á lên tiếng chỉ trích sự cẩu thả và thiếu minh bạch trong công tác quản lý của FAM."
"Bóng đá Malaysia mất bản sắc, đội tuyển trượt dài vì tư duy 'ăn xổi': Bài học cho Việt Nam",2025-10-07 11:30:00,Thể thao,"Từ vị thế vô địch AFF Cup 2010 với đội hình 100% cầu thủ Malaysia, lúc này FAM thậm chí mất niềm tin vào cầu thủ bản địa. 'Malaysia từng có nhiều cầu thủ U.23 giỏi, nhưng tất cả đã không còn', một phóng viên Malaysia thốt lên."
Fan Đông Nam Á phản ứng bất ngờ về bê bối rúng động của bóng đá Malaysia,2025-10-07 11:24:00,Thế giới,"Sau khi FIFA công bố tài liệu khẳng định 7 cầu thủ nhập tịch của đội tuyển Malaysia không có gốc gác hợp lệ, người hâm mộ bóng đá trong nước và khu vực phản ứng dữ dội. Liên đoàn Bóng đá Malaysia (FAM) khẳng định sẽ kháng cáo, nhưng làn sóng chỉ trích vẫn lan rộng khắp mạng xã hội Đông Nam Á."
"U.23 Việt Nam thay gấp 2 cầu thủ sát giờ sang UAE, tại sao vắng mặt thầy Kim?",2025-10-07 10:05:00,Thể thao,"U.23 Việt Nam đã chia tay Xuân Tiến, Ngọc Mỹ bị chấn thương, thay gấp bằng 2 cầu thủ Long Vũ và Lê Phát trước khi lên đường bay sang UAE vào rạng sáng 7.10."
"Dàn cầu thủ nhập tịch hạng 2 của Malaysia có thắng nổi đội tuyển Lào, khi nào AFC xử lý?",2025-10-07 09:18:00,Thể thao,"Đội tuyển Malaysia sẽ có 2 trận đấu với đội tuyển Lào vào các ngày 9 và 14.10. Trong bối cảnh vắng 7 cầu thủ nhập tịch giỏi nhất vì sử dụng hồ sơ giả mạo, dàn cầu thủ còn lại của Malaysia đang bị nghi ngờ về chất lượng."
Trần Quyết Chiến đối mặt thử thách lớn,2025-10-07 08:59:00,Các môn khác,"Tròn một năm kể từ khi giành chức vô địch World Cup billiards Veghel, Trần Quyết Chiến vẫn đang miệt mài tìm kiếm danh hiệu tiếp theo. World Cup billiards Antwerp 2025 tại Bỉ có thể là thời điểm để anh trở lại đỉnh cao, nhưng con đường phía trước cũng đầy thử thách."
"Chuyên gia Malaysia gay gắt: FAM đừng đổ lỗi, hãy kiểm chứng giấy tờ nhập tịch cầu thủ",2025-10-07 08:52:00,Thế giới,"Khi bê bối nhập tịch của bóng đá Malaysia tiếp tục lan rộng, giới học giả và pháp lý nước này kêu gọi tập trung làm rõ tính xác thực của các giấy tờ - yếu tố được cho là cốt lõi trong án phạt nặng mà FIFA áp đặt với FAM."
"Một vết nhơ khó gột rửa của bóng đá Malaysia, kháng cáo chỉ là… bao biện",2025-10-07 08:47:00,Thế giới,"Theo nhà báo T.Avineshwaran của The Star, FIFA đã vạch trần tất cả vụ 7 cầu thủ nhập tịch 'lậu', điều này có vẻ không phải là lỗi kỹ thuật như Liên đoàn Bóng đá Malaysia (FAM) khăng khăng công bố. Việc kháng cáo chỉ là bao biện."
"7 cầu thủ ‘ngoại 100%’ khai gì với FIFA: ‘Chúng tôi không có tiền án, tiền sự’",2025-10-07 08:32:00,Thế giới,Bê bối nhập tịch lậu của bóng đá Malaysia sẽ trở thành vết nhơ khó gột rửa và đội tuyển nước này chắc chắn sẽ bị xử phạt. FIFA và AFC không để vụ việc chìm xuồng.
"Mới: FAM tuyên bố chính thức đã nộp đơn kháng cáo lên FIFA, nhưng án phạt nặng khó thoát",2025-10-07 08:21:00,Thế giới,LĐBĐ Malaysia (FAM) sẽ nộp đơn kháng cáo chính thức lên FIFA sau khi cơ quan quản lý bóng đá thế giới ra quyết định kỷ luật liên quan đến hồ sơ giấy tờ của bảy cầu thủ nhập tịch.
"Xem trực tiếp giải bóng chuyền vô địch quốc gia hôm nay ở đâu, kênh nào?",2025-10-07 07:42:00,Các môn khác,"Hôm nay (7.10), giải bóng chuyền vô địch quốc gia 2025 chính thức diễn ra giai đoạn 2 tại Ninh Bình với những trận đấu hứa hẹn hấp dẫn."
"Nam Định tiếp tục chiêu mộ 2 ngoại binh to khỏe, từng chơi bóng tại Bundesliga và Pháp",2025-10-07 07:08:00,Thể thao,"Ngày 7.10, CLB Nam Định thông báo, vừa chiêu mộ thêm hai ngoại binh để chinh phục đỉnh cao châu Á."
"CĐV Malaysia phẫn nộ vì bị ‘lừa gạt’, đòi FIFA xóa sổ FAM cho đỡ xấu hổ",2025-10-07 02:46:00,Thể thao,"Các CĐV Malaysia chua xót sau khi Liên đoàn Bóng đá Malaysia (FAM) bị FIFA kết tội mắc lỗi nghiêm trọng trong việc giả mạo giấy tờ, nhập tịch trái quy định cho 7 cầu thủ."
"FAM tự bào chữa, ‘nằng nặc’ xin giảm án nhưng bị gạt phắt: FIFA bất ngờ nói đến Việt Nam",2025-10-07 02:12:00,Thể thao,"Liên đoàn Bóng đá Malaysia (FAM) cho rằng họ và các cầu thủ không cố tình làm giả hồ sơ để xin giảm án, tuy nhiên FIFA không chấp thuận."
"FAM chối tội, đổ lỗi cho cơ quan chức năng Malaysia: Bác bỏ mọi cáo buộc của FIFA nhưng…",2025-10-07 01:21:00,Thể thao,"Sau khi có kết quả điều tra, FIFA đã thông báo đến Liên đoàn Bóng đá Malaysia (FAM) và các cầu thủ liên quan. FAM khẳng định với FIFA rằng họ không cố ý làm giả giấy tờ cho các cầu thủ."
"Nóng: FIFA tung bằng chứng ‘khủng’ những sai phạm của FAM, cả 7 cầu thủ nhập tịch không có tổ tiên Malaysia",2025-10-07 00:22:00,Thể thao,Bóng đá Malaysia đã nhận được bản kết luận điều tra dài 19 trang của FIFA về toàn bộ bê bối nhập tịch lậu cho 7 cầu thủ ngoại.
"HLV Kim Sang-sik ‘vá’ lại hàng thủ đội tuyển Việt Nam, vé online trận gặp Nepal hết sạch",2025-10-07 00:07:00,Thể thao,"Ở 2 trận gặp Nepal thuộc vòng loại Asian Cup 2027 (các ngày 9 và 14.10), đội tuyển VN nhiều khả năng sẽ trình làng hàng phòng ngự mới mẻ, khác biệt gần như hoàn toàn so với AFF Cup 2024, giải đấu mà VN lên ngôi vô địch."
"HLV Harry Kewell không muốn bị V-League ‘quật ngã’, cấp thượng tầng Hà Nội FC kỳ vọng lớn",2025-10-07 00:00:00,Thể thao,"Cựu danh thủ Harry Kewell đã đến VN cách đây 2 ngày, chính thức trở thành HLV trưởng CLB Hà Nội. Đấu trường V-League dĩ nhiên rất khốc liệt mà ngoài tài năng về chuyên môn, tài quản trị một tập thể vốn đã quá nhiều thành công (nhưng nay đang chững lại), chuyến phiêu lưu của Kewell tại VN còn phải chờ đến cả sự may mắn."
"Mới: Sếp lớn AFC nói thẳng về nguy cơ lớn Malaysia bị trừ điểm, quá trình kháng cáo cực phức tạp",2025-10-06 23:29:00,Thế giới,"Theo trang Asean Football, Liên đoàn Bóng đá Malaysia (FAM) phải trải qua quá trình kháng cáo phức tạp nên từng hành động phải tính toán rất kỹ. Trong khi đó, tối 6.10, Tổng thư ký Liên đoàn Bóng đá châu Á (AFC), ông Datuk Seri Windsor Paul đã có những chia sẻ về án phạt mà Bóng đá Malaysia (FAM) phải nhận."
Lộ lý do FAM chưa kháng cáo: FIFA chưa cung cấp hồ sơ chi tiết về án phạt tính đến tối 6.10?,2025-10-06 21:43:00,Thế giới,"Liên đoàn Bóng đá Malaysia (FAM) chưa công bố chính thức liệu họ đã nộp đơn kháng cáo án phạt của FIFA hay chưa. Nếu chưa kháng cáo, có thể FAM đang chờ hồ sơ giải thích đầy đủ án phạt từ FIFA."
"Cánh trái cực mạnh của đội tuyển Việt Nam: Toàn hảo thủ, thầy Kim tha hồ chọn",2025-10-06 19:15:00,Thể thao,"Đội tuyển Việt Nam đang sở hữu 4 chân chạy cánh trái đẳng cấp và kỹ thuật, gồm Cao Pendant Quang Vinh, Văn Vĩ, Văn Khang và Phi Hoàng."
Thủ môn hay nhất giải Thanh Niên sinh viên được gọi lên đội tuyển Lào: Quyết đấu Malaysia,2025-10-06 18:51:00,Thể thao,"Danh sách đội tuyển Lào chuẩn bị cho trận gặp Malaysia ở vòng loại Asian Cup 2027 xuất hiện một cái tên quen thuộc với các CĐV giải bóng đá Thanh Niên sinh viên Việt Nam, đó là Thatsaphone Xaiyasone."
"Hanoi Open Pool Championship 2025 trở lại, Dương Quốc Hoàng được kỳ vọng tạo bất ngờ",2025-10-06 18:45:00,Các môn khác,"Từ ngày 7 đến 12.10.2025, Hanoi Open Pool Championship mùa thứ ba diễn ra tại Cung thể thao điền kinh trong nhà Mỹ Đình (Hà Nội), quy tụ 256 cơ thủ hàng đầu thế giới, trong đó có 68 đại diện Việt Nam, khẳng định vị thế mới của billiards Việt Nam."
"Tiến Linh nói điều bất ngờ về án phạt của Malaysia, quyết thắng đối thủ ở màn tái đấu",2025-10-06 18:36:00,Thể thao,Tiền đạo Nguyễn Tiến Linh khẳng định anh cùng các đồng đội không bận tâm đến án phạt của FIFA dành cho bóng đá Malaysia và cho biết đội tuyển Việt Nam sẽ đặt mục tiêu giành 3 điểm nếu 2 đội có cơ hội tái đấu.
Herbalife Việt Nam đồng hành cùng 'Ngày Dinh dưỡng cộng đồng Việt Nam' lần 5,2025-10-06 18:00:00,Thể thao,"Sáng 28.9, tại Công viên Thống Nhất (Hà Nội), Báo Sức khỏe và Đời sống với sự đồng hành của Herbalife Việt Nam đã tổ chức Ngày Dinh dưỡng cộng đồng Việt Nam lần 5."
"VFF làm điều đặc biệt, CĐV được tương tác nhiều hơn với các cầu thủ Việt Nam",2025-10-06 17:54:00,Thể thao,"Ngày 6.10, Liên đoàn Bóng đá Việt Nam (VFF) hợp tác với Fanzeal International cho ra mắt VFF App - Nền tảng số tích hợp ba trụ cột: tầm nhìn quốc gia, công nghệ toàn cầu và trải nghiệm người hâm mộ. Ứng dụng nhằm mục tiêu kết nối cộng đồng người hâm mộ, gia tăng tương tác và góp phần thúc đẩy sự phát triển lâu dài của bóng đá Việt Nam."
"Sốc: Liên đoàn Bóng đá Malaysia bị tin tặc tấn công, phải ra thông báo khẩn về án phạt của FIFA",2025-10-06 17:32:00,Thế giới,"Sát thời điểm hết hạn kháng cáo án phạt từ FIFA, website chính thức của Liên đoàn Bóng đá Malaysia (FAM) bất ngờ bị 'tấn công'."
Reuters: Án phạt FIFA 'bóp nghẹt' tham vọng của Malaysia ở Asian Cup,2025-10-06 16:58:00,Thể thao,"Theo hãng tin Reuters, đội tuyển Malaysia bước vào trận gặp Lào tại vòng loại Asian Cup vào ngày 9.10 này với lực lượng bị xáo trộn nghiêm trọng, khi hệ lụy từ vụ bê bối nhập tịch tiếp tục phủ bóng lên đội tuyển."
Truyền thông Đông Nam Á dự đoán kết cục của đội tuyển Malaysia: ‘Bi thảm’,2025-10-06 16:50:00,Thế giới,Truyền thông Đông Nam Á mới đây đã có những dự đoán về tình cảnh mà bóng đá Malaysia sắp phải đối mặt vì nhập tịch lậu 7 cầu thủ.
"Báo Malaysia lo ngại tột độ FAM bị FIFA giáng thêm đòn trừng phạt, nền bóng đá càng bị hủy hoại",2025-10-06 16:27:00,Thế giới,"Theo báo New Straits Times của Malaysia, án phạt của FIFA đối với FAM và treo giò 7 cầu thủ sinh ra ở nước ngoài có thể gây tác động tiêu cực đến toàn bộ hệ sinh thái bóng đá Malaysia."
"HLV Harry Kewell gọi, Đỗ Hoàng Hên trả lời: Ra mắt đội tuyển Việt Nam cùng Xuân Son?",2025-10-06 16:10:00,Thể thao,"Đón chào huyền thoại bóng đá Úc Harry Kewell cầm lái đội bóng, CLB Hà Nội nhận thêm tin vui Đỗ Hoàng Hên (Hendrio) chính thức trở thành công dân Việt Nam."
Thủ quân đội tuyển bóng chuyền Việt Nam Thanh Thúy hứa hẹn tỏa sáng tại Nhật Bản,2025-10-06 15:20:00,Các môn khác,Thủ quân đội tuyển bóng chuyền nữ VN Trần Thị Thanh Thúy được kỳ vọng tỏa sáng khi xuất ngoại đầu quân cho CLB Gunma Green Wings tại giải bóng chuyền Nhật Bản.
"Sát giờ FIFA ‘chốt hạ’, cầu thủ Malaysia nhập tịch lậu vẫn tuyên bố cứng: Để che giấu sợ hãi?",2025-10-06 13:53:00,Thế giới,"Hậu vệ nhập tịch Malaysia, Gabriel Palmero mới đây đã khiến nhiều CĐV nước này bất ngờ khi cập nhật dòng trạng thái trên trang Instagram của mình."
Huyền thoại triệu USD Harry Kewell: 'Tôi sẽ đưa CLB Hà Nội về vị thế vốn có',2025-10-06 13:49:00,Thể thao,HLV Harry Kewell hy vọng có thể góp sức để đưa CLB Hà Nội trở lại đỉnh cao V-League.
Hé lộ các kịch bản nóng nếu FAM kháng cáo hoặc không kháng cáo FIFA: Cả ‘thế giới’ hồi hộp,2025-10-06 13:02:00,Thế giới,"Trong trường hợp Liên đoàn Bóng đá Malaysia (FAM) không kháng cáo, Liên đoàn Bóng đá châu Á (AFC) sẽ làm việc với FIFA để có thể ra quyết định cuối cùng về đội tuyển Malaysia."
"Chờ AFC ra án, đội tuyển Lào chốt danh sách bất ngờ đấu Malaysia: Có nhân vật cực đặc biệt",2025-10-06 12:42:00,Thể thao,"Đội tuyển Lào mới đây đã công bố danh sách với nhiều cầu thủ chất lượng, chuẩn bị cho 2 trận đấu quan trọng gặp đội tuyển Malaysia trong tháng 10.2025."
"Đội tuyển Malaysia biến động lớn, khó tránh khỏi án phạt bị xử thua Việt Nam 0-3",2025-10-06 10:27:00,Thế giới,"Ngày 6.10, trước giờ lên đường sang Lào đá vòng loại Asian Cup 2027, đội tuyển Malaysia bất ngờ gạch tên 2 thủ môn vì lý do sức khỏe. Trong lúc báo chí nước này dự báo, họ rất khó tránh khỏi án phạt của FIFA."
"Đội tuyển Việt Nam trở lại đầy khí thế: Còn đá mấy trận ở vòng loại Asian Cup, xem kênh nào?",2025-10-06 09:23:00,Thể thao,"Chiều 5.10, đội tuyển VN có buổi tập luyện chính thức đầu tiên để chuẩn bị cho 2 trận đấu với Nepal ở vòng loại thứ 3 Asian Cup 2027. Thầy trò HLV Kim Sang-sik cho thấy những tín hiệu tích cực về mặt tinh thần."
"Madam Pang bị AI giả mạo ‘gọi mời’ thiên hạ đánh bạc, đội tuyển Thái Lan khủng hoảng vì chấn thương",2025-10-06 08:37:00,Thế giới,"Madam Pang (nữ tỉ phú Nualphan Lamsam), Chủ tịch Liên đoàn Bóng đá Thái Lan (FAT), đã nộp đơn trình báo cảnh sát khi hình ảnh của bà bị sử dụng bằng công nghệ AI để tạo ra một video mời gọi mọi người đánh bạc trực tuyến."
Lịch thi đấu giai đoạn 2 giải bóng chuyền vô địch quốc gia 2025 mới nhất,2025-10-06 06:14:00,Các môn khác,Giai đoạn 2 giải bóng chuyền vô địch quốc gia 2025 khởi tranh ngày mai (7.10) tại Ninh Bình nhằm chọn ra 4 đội xuất sắc vào vòng bán kết và 4 đội còn lại tranh trụ hạng ở vòng chung kết.
U.23 Việt Nam sẽ mạnh hơn nữa với bộ khung đội tuyển,2025-10-06 03:58:00,Thể thao,"Việc HLV Kim Sang-sik đan cài nhiều cầu thủ lứa U.23 lên đội tuyển VN thể hiện tầm nhìn dài hạn trong chiến lược phát triển lực lượng. U.23 VN đang dần hình thành một bộ khung dày dạn kinh nghiệm, đủ sức chinh phục SEA Games 33 và hướng tới VCK U.23 châu Á 2026."
"Phạt đền tranh cãi khiến Barcelona thảm bại không tưởng, Man City đang lặng lẽ tiến lên",2025-10-06 03:19:00,Thế giới,"Quyết định gây tranh cãi của trọng tài đã khiến Barcelona thua trận 1-4 trên sân Sevilla ở vòng 8 La Liga 2025 - 2026, diễn ra tối 5.10. Trong khi đó, tại Anh, Man City có trận thắng nhẹ nhàng 1-0 trước Brentford để vươn lên nhóm đầu bảng xếp hạng."
Đội tuyển Việt Nam có thể đấu Nepal bằng đội hình trẻ nhất lịch sử,2025-10-06 00:00:00,Thể thao,"Nếu đội tuyển Việt Nam thắng đậm Nepal ở trận lượt đi diễn ra ngày 9.10 tại sân Bình Dương, HLV Kim Sang-sik có thể sẽ dùng 'tổ 2' với các nhân tố U.23 ở màn tái đấu ngày 14.10."
Lạ lùng Liverpool!,2025-10-06 00:00:00,Thế giới,"Đặc điểm kỳ lạ của Liverpool - đáng gọi là chưa từng thấy trong lịch sử bóng đá đỉnh cao - vẫn được giữ nguyên khi mùa bóng mới đã bước sang tháng thứ 3. Luôn có bàn thắng trong vài phút chót, dù chưa biết... vào lưới đội nào!"
"Lịch thi đấu đội tuyển Việt Nam mới nhất: Tái chiến Malaysia khi nào, tại sao không phát trên VTV?",2025-10-06 00:00:00,Thể thao,"Ngày 6.10 sẽ là hạn chót để FAM kháng cáo lên FIFA, nhưng dù kết quả thế nào thì HLV Kim Sang-sik sẽ muốn đội tuyển Việt Nam thắng thật thuyết phục phần còn lại của vòng loại Asian Cup 2027."
Báo chí Malaysia: Toàn cảnh bê bối nhập tịch ‘lậu’ của FAM trước ngày hết hạn kháng cáo FIFA,2025-10-05 21:51:00,Thể thao,"Đã hơn một tuần trôi qua kể từ khi FIFA ra án phạt nặng với Liên đoàn Bóng đá Malaysia (FAM) và 7 cầu thủ nhập tịch. Trong bối cảnh sắp hết hạn kháng cáo, bê bối này vẫn là tâm điểm gây chấn động bóng đá Đông Nam Á."
"Gay cấn, hấp dẫn giải thể thao học sinh Trường THPT chuyên Trần Đại Nghĩa",2025-10-05 20:45:00,Thể thao,"Giải thể thao học sinh Trường THPT chuyên Trần Đại Nghĩa, TP.HCM khai mạc hôm 4.10. Ngay sau đó, các môn thi đấu từ bóng đá, bóng rổ, kéo co, cờ vua, cờ tướng đã diễn ra đầy gay cấn."
Nhiều khoảnh khắc thú vị giải quần vợt doanh nghiệp-doanh nhân TP.HCM mở rộng 2025,2025-10-05 20:11:00,Các môn khác,"Nhiều tiếng cười rộn rã, những tiếng reo hò cổ vũ đầy khí thế, hơn 1/3 số trận phải giải quyết đầy kịch tính. Đó là những khoảnh khắc thú vị từ 2 ngày thi đấu giải quần vợt doanh nghiệp doanh nhân TP.HCM mở rộng 2025."
"Công đoàn CAND vô địch giải bóng đá Công nhân, viên chức khu vực phía bắc",2025-10-05 19:26:00,Thể thao,"Sau loạt sút luân lưu căng thẳng, Công đoàn Công an nhân dân đã thắng Công đoàn Ngân hàng Việt Nam với tỷ số 5 - 4, trở thành đội vô địch khu vực phía bắc."
Quảng Ninh sáp nhập hàng loạt trường công lập,2025-10-16 16:25:00,Giáo dục,"Nhiều xã, phường tại Quảng Ninh bắt đầu thực hiện đề án sắp xếp, sáp nhập hệ thống trường công lập, hướng tới tinh gọn đầu mối, nâng cao hiệu quả quản lý và chất lượng giáo dục."
Sinh viên trường ĐH nào được nghỉ Tết Nguyên đán 2026 nhiều nhất?,2025-10-16 12:48:00,Giáo dục,Đến nay nhiều trường ĐH đã có lịch nghỉ Tết Nguyên đán Bính Ngọ 2026 dựa trên kế hoạch đào tạo chung của năm học 2025-2026.
16 hiệu trưởng TP.HCM được phân công là cụm trưởng cụm chuyên môn mầm non,2025-10-16 11:40:00,Giáo dục,Giám đốc Sở GD-ĐT TP.HCM Nguyễn Văn Hiếu vừa ban hành các quyết định về việc thành lập 16 cụm chuyên môn giáo dục mầm non TP.HCM năm học 2025 - 2026 và phân công 16 hiệu trưởng là cụm trưởng.
TP.HCM đặt mục tiêu trở thành trung tâm GDNN hàng đầu ASEAN,2025-10-16 09:04:00,Giáo dục,"Theo dự thảo Hướng dẫn thực hiện nhiệm vụ năm học 2025 - 2026 đối với giáo dục nghề nghiệp (GDNN) của Sở GD-ĐT TP.HCM, thành phố đặt ra định hướng phát triển GDNN đến năm 2030 và tầm nhìn đến năm 2045 với những mục tiêu cụ thể."
Meme ảnh hưởng đến ngôn ngữ của giới trẻ như thế nào?,2025-10-16 07:09:00,Giáo dục,"Theo tiến sĩ Nguyễn Thúy Diễm, giảng viên Trường ĐH Tây Đô (Cần Thơ), meme chỉ là một món gia vị, nếu lạm dụng và thay thế hoàn toàn cho ngôn ngữ tiếng Việt thì thật sự là một vấn đề đáng lo ngại."
Kỳ thi đánh giá năng lực năm 2026 của ĐH Quốc gia TP.HCM có gì mới?,2025-10-16 06:45:00,Giáo dục,"Kỳ thi đánh giá năng lực ĐH Quốc gia TP.HCM năm 2026 dự kiến không thay đổi về cấu trúc bài thi, chỉ điều chỉnh thời gian tổ chức."
"Sắp xếp, sáp nhập, quốc tế hóa trường ĐH: Chuyên gia nước ngoài khuyên gì?",2025-10-16 06:27:00,Giáo dục,Giáo dục đại học tại VN đang đứng trước thời khắc đổi mới để bứt phá phát triển; và chuyên gia nước ngoài đưa ra một số lời khuyên cho công cuộc đặc biệt này.
Sắp xếp cơ sở giáo dục: Bài học cơ cấu nhân lực các quốc gia phát triển,2025-10-16 06:05:00,Giáo dục,"'Đại sắp xếp' các cơ sở giáo dục đại học (ĐH) và giáo dục nghề nghiệp đang được triển khai với kỳ vọng tạo cú hích cho hệ thống đào tạo. Nhưng câu hỏi lớn đặt ra: sắp xếp theo tiêu chí nào, dựa vào đâu để tránh cơ học và hình thức?"
"Sắp xếp, sáp nhập trường ĐH: Quyền lợi của người lao động, sinh viên ra sao?",2025-10-16 05:45:00,Giáo dục,"Theo các chuyên gia, nhiều vấn đề đặt ra cần giải quyết khi xây dựng đề án sáp nhập các trường đại học như: nhân sự, cơ sở vật chất, chương trình đào tạo, học phí…"
"Thêm văn bằng chứng chỉ số, giảm thời gian cấp bằng tốt nghiệp THPT",2025-10-15 18:58:00,Giáo dục,Bộ GD-ĐT dự kiến thời hạn cấp bằng tốt nghiệp THPT (giấy) giảm từ 75 ngày xuống còn 30 ngày; thời hạn cấp văn bằng chứng chỉ số chỉ còn 5 ngày kể từ ngày có quyết định công nhận tốt nghiệp.
Quảng Ngãi khởi công xây dựng 4 trường vùng biên hơn 600 tỉ đồng vào tháng 11,2025-10-15 17:53:00,Giáo dục,"UBND tỉnh Quảng Ngãi dự kiến khởi công xây dựng 4 trường phổ thông nội trú liên cấp tại các xã biên giới Dục Nông, Mô Rai, Sa Loong và Rờ Kơi vào cuối tháng 11 năm nay."
Robot Trung Quốc gắn logo ĐH Bách khoa Hà Nội: 'Chỉ đơn giản là đánh dấu tài sản',2025-10-15 16:52:00,Giáo dục,"ĐH Bách khoa Hà Nội nói rằng, việc dán logo của nhà trường đè lên logo của nhà sản xuất trên robot Trung Quốc 'chỉ đơn giản là đánh dấu tài sản', và hiện không rõ ai, ê kíp nào đã thực hiện."
"'Giải tán trường tư' là thông tin bịa đặt, xuyên tạc",2025-10-15 15:26:00,Giáo dục,"Bộ GD-ĐT khẳng định thông tin trên mạng xã hội về việc 'đóng cửa, giải tán trường tư' là những thông tin sai sự thật, bịa đặt, xuyên tạc, gây nhiễu loạn thông tin."
Hiệu trưởng có thể được giao quyền tuyển dụng nhà giáo,2025-10-15 15:12:00,Giáo dục,Hiệu trưởng các cơ sở giáo dục có đủ điều kiện có thể được giao quyền tuyển dụng nhà giáo khi được UBND tỉnh phân cấp và sở GD-ĐT chủ trì.
Sinh viên trường ngoài công lập cạnh tranh ra sao trong thị trường lao động?,2025-10-15 14:22:00,Giáo dục,Thị trường lao động ngày càng cạnh tranh gay gắt và khắt khe khiến nhiều sinh viên lo lắng 'liệu học trường ĐH ngoài công lập và những trường chưa phải top đầu có đủ sức cạnh tranh ở các tập đoàn lớn?'.
Bữa cơm trưa miễn phí ở lưng chừng núi,2025-10-15 06:25:00,Giáo dục,"Giữa vùng núi Đăk Sao (Quảng Ngãi), thầy cô giáo không chỉ dạy chữ mà còn 'hóa thân' thành đầu bếp, nấu cơm trưa cho học sinh nghèo. Nhờ vậy, gần 200 đứa trẻ nơi đây được no bụng đến trường, không còn bỏ học."
"1 tay, 1 chân, bán vé số theo con vào ĐH",2025-10-15 06:05:00,Giáo dục,"Giữa dòng người hối hả ở TP.HCM, có người phụ nữ 1 chân khập khiễng trên đôi nạng gỗ, 1 tay còn lại ôm chặt xấp vé số mời khách. Người mẹ tật nguyền 49 tuổi ấy rời quê Quảng Ngãi vào TP.HCM bán vé số để theo con trên hành trình đại học."
Giáo viên chuyển dịch từ tư sang công: Trường mầm non gặp khó,2025-10-15 05:45:00,Giáo dục,"Làn sóng giáo viên chuyển dịch nơi làm việc, nếu đột ngột, không có bước chuẩn bị sẵn sàng sẽ dẫn tới khó khăn cho cả học sinh, cơ sở giáo dục tư thục cũng như đội ngũ chủ trường, chủ lớp."
"Sinh viên quốc tế thạo 4 thứ tiếng, chia sẻ lý do chọn trường ĐH Việt Nam",2025-10-14 19:55:00,Giáo dục,Một sinh viên quốc tế thành thạo 4 thứ tiếng đã chọn học một trường ĐH tại Việt Nam với những lý do đặc biệt.
Sở GD-ĐT TP.HCM phân công 48 hiệu trưởng làm cụm trưởng chuyên môn các cấp học,2025-10-14 19:21:00,Giáo dục,"Ngày 14.10, Sở GD-ĐT TP.HCM công bố quyết định về việc phân công 48 hiệu trưởng các trường tiểu học, THCS, THPT giữ nhiệm vụ cụm trưởng 16 cụm chuyên môn lĩnh vực giáo dục từ năm học 2025-2026 trở đi."
"Robot Trung Quốc gắn logo ĐH Bách khoa Hà Nội, nhà trường nói gì?",2025-10-14 19:06:00,Giáo dục,"Robot Trung Quốc gắn logo ĐH Bách khoa Hà Nội gây hiểu nhầm tại triển lãm mới đây. Theo nhà trường, robot này có mặt tại triển lãm là trình diễn những tính năng do ĐH Bách khoa Hà Nội phát triển."
Thực phẩm bẩn vào trường học: Ai phụ trách trường khi gia hạn tạm đình chỉ hiệu trưởng?,2025-10-14 18:26:00,Giáo dục,"Liên quan đến thông tin thực phẩm bẩn vào Trường tiểu học Trưng Vương, chiều 14.10, UBND P.Xuân Hương - Đà Lạt  gửi đến Báo Thanh Niên thông báo về việc phường giao ông Nguyễn Vĩnh Hiến, tiếp tục phụ trách trường."
Ngành giáo dục Hà Nội tặng các địa phương bị bão lũ 500 tấn hàng,2025-10-14 17:54:00,Giáo dục,"Ngành giáo dục Hà Nội đã quyên góp, gửi tặng hơn 500 tấn hàng đến các địa phương bị thiệt hại do bão lũ."
"Thi tiếng Anh quốc tế, gặp câu hỏi càng khó điểm sẽ càng cao?",2025-10-14 12:59:00,Giáo dục,Đại diện các bài thi tiếng Anh quốc tế 'giải mã' hình thức thi có trí tuệ nhân tạo (AI) hỗ trợ và đưa ra lời khuyên cho thí sinh để đạt kết quả tối ưu.
"Sau sáp nhập, TP.HCM có bao nhiêu trường trung cấp, cao đẳng?",2025-10-14 06:15:00,Giáo dục,"Sau khi sáp nhập với 2 tỉnh Bình Dương và Bà Rịa - Vũng Tàu cũ, TP.HCM hiện có hơn 480 cơ sở giáo dục nghề nghiệp (GDNN)."
Hành trình 13 năm bên người con viết chữ bằng chân,2025-10-14 06:06:00,Giáo dục,"Có những bà mẹ có thể làm mọi điều, từ bán vé số, rửa bát thuê… để kiếm tiền tiếp sức cho giấc mơ được đến trường của con."
Xu hướng mới: Giáo viên chuyển từ trường tư sang công,2025-10-14 05:45:00,Giáo dục,Đang có một làn sóng dịch chuyển giáo viên từ trường tư sang trường công tại TP.HCM. Nguyên nhân đến từ đâu?
Nâng cao chất lượng quản trị đại học,2025-10-14 03:47:00,Chào ngày mới,Cơ chế hội đồng trường trong các cơ sở giáo dục đại học công lập đã thể hiện những bất cập của nó trong việc phát triển của nhà trường.
"‘Chứng chỉ giáo dục đại học’ lần đầu được đưa vào luật, có gì đặc biệt?",2025-10-13 20:55:00,Giáo dục,'Chứng chỉ giáo dục đại học' là khái niệm mới lần đầu được đưa vào dự thảo luật Giáo dục ĐH sửa đổi.
New Zealand từ chối hơn 1/3 đơn xin visa du học của người Việt ở hai nhóm,2025-10-13 20:36:00,Giáo dục,"Dữ liệu do Cục Di trú New Zealand (INZ) cung cấp, phản ánh tỷ lệ cấp visa du học chênh lệch đáng kể giữa nhóm trường ĐH, phổ thông với các cơ sở giáo dục chuyên đào tạo theo hướng ứng dụng."
Chuyên gia an ninh mạng Hiếu PC chỉ cách giữ an toàn trên không gian mạng,2025-10-13 16:51:00,Giáo dục,"Ngày 13.10, chuyên gia an ninh mạng Ngô Minh Hiếu- Hiếu PC đã có buổi trò chuyện với gần 2.000 học sinh Trường THPT Bùi Thị Xuân, phường Bến Thành, TP.HCM, về chủ đề 'An toàn trên mạng bắt đầu từ nhận thức'."
Vụ thực phẩm bẩn vào bếp bán trú: Gia hạn đình chỉ hiệu trưởng thêm 15 ngày,2025-10-13 15:42:00,Giáo dục,"UBND P.Xuân Hương - Đà Lạt sẽ gia hạn tạm đình chỉ công tác 15 ngày đối với bà Nguyễn Thái Quỳnh Nga, Hiệu trưởng Trường tiểu học Trưng Vương, để tiếp tục xác minh vụ thực phẩm bẩn vào bếp bán trú gây xôn xao dư luận thời gian qua."
Finest Future – Doanh nghiệp giáo dục Việt Nam – Phần Lan được vinh danh quốc tế,2025-10-13 15:00:00,Giáo dục,"Finest Future, doanh nghiệp giáo dục hợp tác giữa Việt Nam và Phần Lan, vừa được trao giải thưởng Fast Enterprise Award tại Asia Pacific Enterprise Awards (APEA) 2025 – sự kiện vinh danh các doanh nghiệp tăng trưởng nhanh và bền vững hàng đầu khu vực châu Á – Thái Bình Dương."
TP.HCM bồi dưỡng đội tuyển thi học sinh giỏi quốc gia với nhiều điều 'lần đầu tiên',2025-10-13 14:34:00,Giáo dục,"Ngày 13.10, Sở GD-ĐT TP.HCM công bố kế hoạch bồi dưỡng đội dự tuyển học sinh giỏi tham gia kỳ thi chọn học sinh giỏi quốc gia năm học 2025-2026 với nhiều điểm mới sau sáp nhập."
BUV kết nối sinh viên Việt Nam với 200 năm di sản giáo dục Manchester (Anh Quốc),2025-10-13 13:00:00,Giáo dục,"Những chương trình đào tạo mới không chỉ đáp ứng xu hướng toàn cầu, mà còn mang đến cho sinh viên Việt Nam cơ hội thụ hưởng 200 năm di sản học thuật từ thành phố Manchester - cái nôi Cách mạng công nghiệp Anh Quốc."
Vì sao sinh viên thờ ơ với những buổi nói chuyện bổ ích?,2025-10-13 12:03:00,Giáo dục,"Nhiều trường đại học đầu tư tổ chức các buổi nói chuyện, tọa đàm nghề nghiệp, mời diễn giả uy tín với mong muốn truyền cảm hứng học tập. Thế nhưng, trong khi người nói say sưa chia sẻ, sinh viên thì chìm trong màn hình, lướt mạng, chụp ảnh, hay nhắn tin. Không phải họ không có mặt mà là họ không thật sự hiện diện."
DHV: Đào tạo nhân lực cho cuộc cách mạng công nghiệp 4.0,2025-10-13 09:47:00,Giáo dục,"Trong bối cảnh hội nhập sâu rộng cùng với cuộc cách mạng công nghiệp 4.0, Trường đại học Hùng Vương TP.HCM (DHV) hướng tới việc đào tạo nguồn nhân lực chất lượng cao, có năng lực hội nhập quốc tế. Thanh Niên đã có cuộc trò chuyện với TS.Trần Việt Anh, Phó chủ tịch thường trực Hội đồng Trường, Phó hiệu trưởng phụ trách DHV để hiểu hơn về định hướng chiến lược này."
Chuyển đổi số: 'Chìa khóa' của giáo dục TP.HCM,2025-10-13 06:05:00,Giáo dục,"Ngành GD-ĐT TP.HCM đã có những bước tiến dài trong chuyển đổi số, đổi mới phương pháp dạy học và hội nhập quốc tế."
"Bỏ hội đồng trường, có điều chỉnh nhiệm kỳ hiệu trưởng?",2025-10-13 05:45:00,Giáo dục,"Tại cuộc họp mới đây của Ủy ban Văn hóa và Xã hội của Quốc hội về báo cáo thẩm tra các dự án luật trong lĩnh vực giáo dục, các vấn đề sắp xếp nhân sự trong trường ĐH công lập khi không còn hội đồng trường, đào tạo cao đẳng trong trường đại học… nhận được sự quan tâm của nhiều đại biểu."
"'Con hỏi AI 20 câu, máy đều trả lời, hỏi mẹ câu thứ 3 mẹ đã la'",2025-10-12 20:26:00,Giáo dục,"Trong bối cảnh số hóa, AI - trí tuệ nhân tạo bùng nổ, cách đồng hành hướng dẫn học sinh tự học của các bậc cha mẹ, giáo viên cũng cần thay đổi."
Những nữ ứng viên hiếm hoi ngành kỹ thuật được đề nghị công nhận phó giáo sư,2025-10-12 18:49:00,Giáo dục,"Các ngành kỹ thuật, công nghệ được xem là lĩnh vực của nam giới, lại xuất hiện những 'bông hồng' xinh đẹp, kiên trì theo đuổi đam mê nghiên cứu để đạt được nhiều thành tựu và được Hội đồng Giáo sư ngành - liên ngành đề xuất công nhận chức danh phó giáo sư năm nay."
Thanh Hóa đề xuất sáp nhập 2 trường đại học,2025-10-12 15:36:00,Giáo dục,"Sở GD-ĐT Thanh Hóa vừa có đề xuất sắp xếp các cơ sở giáo dục công lập trên địa bàn, trong đó đề xuất sáp nhập Trường đại học Văn hóa - Thể thao - Du lịch Thanh Hóa vào Trường đại học Hồng Đức."
Sở GD-ĐT TP.HCM yêu cầu trường học ngăn chặn tội phạm lừa đảo học sinh,2025-10-12 08:43:00,Giáo dục,"Sở GD-ĐT TP.HCM yêu cầu các trường học trên địa bàn từ mầm non đến trung cấp, CĐ trực thuộc tập trung triển khai công tác phòng ngừa, ngăn chặn tội phạm lợi dụng không gian mạng lừa đảo học sinh, sinh viên và tăng cường công tác bảo vệ trẻ em trên môi trường mạng."
"Trường ĐH Cửu Long phát triển quy mô, nâng tầm chất lượng",2025-10-12 07:00:00,Giáo dục,"Sau 25 năm thành lập, Trường ĐH Cửu Long không ngừng lớn mạnh, phát triển cả về quy mô và chất lượng, trở thành trung tâm đào tạo, nghiên cứu uy tín."
Trường ĐH nào có quy mô đào tạo lớn nhất TP.HCM?,2025-10-12 06:15:00,Giáo dục,Thống kê cho thấy trong top 3 trường ĐH có quy mô đào tạo lớn nhất TP.HCM thì có 2 trường ĐH ngoài công lập.
"Môn học lạ, thú vị trong các trường tiểu học ở TP.HCM",2025-10-12 06:05:00,Giáo dục,"Học sinh tiểu học ở các trường quốc tế, tư thục, công lập tại TP.HCM và nhiều tỉnh thành được học một số môn học nghe khá lạ so với chương trình giáo dục phổ thông hiện hành. Đó là những môn gì?"
Vẫn cần thiết tổ chức kỳ thi tốt nghiệp THPT cấp quốc gia,2025-10-12 05:45:00,Giáo dục,"Trong phiên họp toàn thể diễn ra hôm qua 11.10, Ủy ban VH-XH của Quốc hội đã cho ý kiến về 3 dự án luật trong lĩnh vực giáo dục gồm: luật sửa đổi, bổ sung một số điều của luật Giáo dục; luật Giáo dục đại học (sửa đổi); luật Giáo dục nghề nghiệp (sửa đổi)."
"Nhiều đại học, học viện một nước nói tiếng Anh tuyển thẳng học sinh Việt Nam",2025-10-11 21:34:00,Giáo dục,"Đông đảo cơ sở giáo dục đại học (ĐH) ở New Zealand tuyển thẳng học sinh Việt Nam đồng thời tung nhiều hỗ trợ, một phần vì tin tưởng năng lực học thuật của người Việt."
Khánh Hòa đón Chung kết Đường lên đỉnh Olympia 2025 tại Quảng trường 2 Tháng 4,2025-10-11 16:48:00,Giáo dục,Khánh Hòa sẽ phối hợp tổ chức điểm cầu truyền hình trực tiếp chương trình Chung kết Đường lên đỉnh Olympia năm 2025 tại Quảng trường 2 Tháng 4 (P.Nha Trang) với sự tham gia của khoảng 4.000 học sinh THPT.
"Ngành nào nhiều ứng viên không được thông qua chức danh giáo sư, phó giáo sư 2025?",2025-10-11 16:14:00,Giáo dục,"Hội đồng Giáo sư Nhà nước vừa công bố danh sách ứng viên được Hội đồng Giáo sư ngành, liên ngành đề nghị xét công nhận đạt tiêu chuẩn chức danh giáo sư, phó giáo sư 2025."
Trường đại học Quang Trung có tân hiệu trưởng 42 tuổi,2025-10-11 13:34:00,Giáo dục,"Tại lễ chào mừng năm học mới, Trường đại học Quang Trung đã công bố quyết định bổ nhiệm hiệu trưởng, trao học bổng tổng trị giá 558 triệu đồng cho sinh viên."
"Trong các ứng viên giáo sư 2025, có người là tỉ phú top giàu nhất nước",2025-10-11 12:29:00,Giáo dục,Trong số 71 ứng viên giáo sư 2025 được các hội đồng ngành - liên ngành đề xuất lên Hội đồng Giáo sư nhà nước xét có một người là tỉ phú top giàu nhất Việt Nam.
Đập heo đất gửi yêu thương đến vùng lũ,2025-10-11 11:11:00,Giáo dục,"Xúc động trước cảnh người dân vùng lũ các tỉnh phía bắc oằn mình sau bão số 10 Bualoi, một học sinh lớp 7 ở TP.Đà Nẵng đã đập heo đất tiết kiệm hơn 1 năm để ủng hộ gần 50 triệu đồng."
Vụ thầy giáo hành hung đồng nghiệp: UBND tỉnh chỉ đạo ‘nóng’,2025-10-11 09:41:00,Giáo dục,UBND tỉnh Đắk Lắk yêu cầu Sở GD-ĐT có văn bản tham mưu về việc chấn chỉnh chung ngành giáo dục sau khi xảy ra vụ thầy giáo hành hung đồng nghiệp trong trường học.
Sắp tới TP.HCM sẽ không còn trường trung cấp công lập,2025-10-11 09:21:00,Giáo dục,"Đó là thông tin mà bà Trương Hải Thanh, Phó giám đốc Sở GD-ĐT TP.HCM, thông tin tại Hội nghị góp ý, hướng dẫn xây dựng chiến lược phát triển đối với giáo dục nghề nghiệp (GDNN) TP.HCM giai đoạn 2025-2030, tầm nhìn đến năm 2045, do Sở GD-ĐT TP.HCM tổ chức."
Trường đại học Sư phạm Thái Nguyên thông tin vụ 'từ chối' nhận suất ăn cứu trợ,2025-10-11 06:22:00,Giáo dục,"Lãnh đạo Trường đại học Sư phạm - Đại học Thái Nguyên khẳng định không có bất kỳ chỉ đạo nào liên quan đến vụ việc từ chối, ngăn cản sinh viên nhận suất ăn cứu trợ trong những ngày xảy ra mưa lũ."
Năm 2026 sẽ không còn hội đồng trường trong cơ sở ĐH công lập,2025-10-11 05:45:00,Giáo dục,Một điểm đáng chú ý của dự thảo luật Giáo dục ĐH (sửa đổi) được Bộ GD-ĐT công bố ngày 10.10 là đề xuất không thành lập hội đồng trường trong cơ sở công lập.
Thí sinh Học viện Biên phòng bị loại vì sức khỏe đã trúng tuyển Trường ĐH Vinh,2025-10-10 22:31:00,Giáo dục,"Em Lang Đức Bằng, thí sinh Học viện Biên phòng bị loại vì sức khỏe đã trúng tuyển ngành sư phạm lịch sử Trường ĐH Vinh."
Huy chương vàng Olympic vật lý châu Âu nói về ‘ngọn lửa’ dẫn đến nghề dạy học,2025-10-10 21:19:00,Giáo dục,"Nguyễn Lê Đăng Khoa, huy chương vàng Olympic vật lý châu Âu - EuPhO 2025, chính thức trở thành tân sinh viên ngành sư phạm vật lý."
Robot AI kể chuyện ở thư viện thu hút trẻ mầm non TP.HCM,2025-10-10 20:24:00,Giáo dục,"Bé Na bật công tắc, chạm nhẹ đầu ngón tay lên đầu robot, chú robot màu vàng cam cười khúc khích và vẫy cánh tay chào mừng. Robot AI giới thiệu mình tên là Elik và sẽ kể cho bé nghe chuyện 'Thỏ con không vâng lời'."
Vụ thầy giáo hành hung đồng nghiệp: Bắt nguồn từ chỗ đỗ xe?,2025-10-10 18:58:00,Giáo dục,Nguyên nhân ban đầu vụ thầy giáo hành hung đồng nghiệp tại Trường THPT Võ Nguyên Giáp (Đắk Lắk) được cho là xuất phát từ mâu thuẫn trong việc để xe trong khuôn viên trường.
Thí sinh Học viện Biên phòng bị loại vì sức khỏe: Chờ Bộ GD-ĐT giải quyết,2025-10-10 18:51:00,Giáo dục,"Thí sinh Lang Đức Bằng bị Học viện Biên phòng trả về vì lý do sức khỏe, đang chờ Bộ GD-ĐT giải quyết nguyện vọng vào ngành sư phạm lịch sử tại Trường ĐH Vinh."
Bộ Xây dựng dự kiến đầu tư nghìn tỉ đồng cho một trường đại học,2025-10-10 18:17:00,Giáo dục,Bộ Xây dựng có chủ trương đầu tư nghìn tỉ đồng cho Trường ĐH Công nghệ Giao thông vận tải.
Bộ GD-ĐT thông tin mới nhất về hội đồng trường đại học,2025-10-10 18:15:00,Giáo dục,Một điểm đáng chú ý của dự thảo luật giáo dục đại học (ĐH) sửa đổi được Bộ GD-ĐT công bố ngày 10.10 là đề xuất không thành lập hội đồng trường trong cơ sở công lập. Dự kiến luật được thông qua  vào đầu năm 2026.
"125 trường học TP.HCM có hạng mục xuống cấp nghiêm trọng, nguy cơ gây mất an toàn",2025-10-10 16:57:00,Giáo dục,"Ngày 10.10, Sở GD-ĐT TP.HCM đã báo cáo với UBND TP.HCM về việc thực hiện tổng rà soát thực trạng và đề xuất phương án tổng thể cơ sở vật chất, thiết bị dạy học cho các trường công lập theo chỉ đạo của Chủ tịch UBND TP."
Một trường ĐH đặt mục tiêu giúp sinh viên tốt nghiệp đúng hạn,2025-10-10 16:26:00,Giáo dục,"Tại lễ khai khóa chào mừng tân sinh viên của một trường ĐH, hiệu trưởng của trường đã nêu mục tiêu giúp sinh viên tốt nghiệp đúng hạn bằng mô hình sinh viên khóa trước hỗ trợ sinh viên khóa sau."
"Một nước nói tiếng Anh tăng cường học bổng, 'rộng đường' định cư cho người Việt",2025-10-10 15:06:00,Giáo dục,"New Zealand đang thu hút người Việt tới học tập, nghiên cứu thông qua nhiều chương trình học bổng và hỗ trợ, sau khi xác định đây là thị trường đầu tư trọng điểm vào năm 2024."
Bộ trưởng GD-ĐT: Địa phương để dành chỉ tiêu tuyển giáo viên để tinh giản biên chế,2025-10-10 13:42:00,Giáo dục,Bộ trưởng Bộ GD-ĐT Nguyễn Kim Sơn chỉ ra một trong những nguyên nhân thiếu giáo viên là có địa phương không tuyển dụng hết số biên chế được giao mà dành chỉ tiêu để thực hiện tinh giản biên chế.
"Trường ĐH nào có tổng diện tích lớn nhất, nhiều cơ sở đào tạo nhất TP.HCM?",2025-10-10 12:10:00,Giáo dục,"Theo quy định của chuẩn cơ sở giáo dục ĐH, diện tích sàn xây dựng phục vụ đào tạo trên số người học chính quy khi quy đổi theo trình độ và lĩnh vực đào tạo không nhỏ hơn 2,8m2. Tỷ lệ này tại các trường ĐH khu vực TP.HCM ra sao?"
"Thi tốt nghiệp THPT trên máy tính: Học sinh, phụ huynh lo nhất điều gì?",2025-10-10 09:28:00,Giáo dục,"Bộ GD-ĐT đã công bố giao diện thi tốt nghiệp THPT trên máy tính, dự kiến sẽ triển khai thí điểm hình thức thi này từ năm 2027. Thông tin này thu hút sự quan tâm của nhiều phụ huynh, học sinh, đặc biệt là tại các vùng nông thôn, khi điều kiện tổ chức và kỹ năng công nghệ còn nhiều hạn chế."
Khởi động Festival Trạng Nguyên tiếng Anh toàn quốc 2026,2025-10-10 09:19:00,Giáo dục,"Báo Thiếu niên Tiền phong và Nhi đồng  phối hợp Hệ thống Giáo dục trực tuyến Edupia, dưới sự cố vấn chuyên môn của Ban quản lý Đề án ngoại ngữ quốc gia (Bộ GD-ĐT) công bố thể lệ Festival Trạng Nguyên tiếng Anh toàn quốc năm 2026."
Sức khỏe tinh thần học sinh: Nền tảng cho giáo dục bền vững,2025-10-10 08:00:00,Giáo dục,"Giáo dục không thể bền vững nếu bỏ qua sức khỏe tinh thần của học sinh - một yếu tố ngày càng được nhìn nhận như chìa khóa cho môi trường học đường an toàn và hạnh phúc. Việc tìm kiếm chiến lược và mô hình phù hợp để đồng hành cùng thế hệ trẻ đã trở thành yêu cầu cấp thiết đối với cả nhà trường, phụ huynh và xã hội."
Sáp nhập để phục vụ người học tốt hơn,2025-10-10 06:18:00,Giáo dục,"Ông Thái Văn Tài, Vụ trưởng Vụ Giáo dục phổ thông (Bộ GD-ĐT), nhấn mạnh: ""Thông điệp của Bộ rất rõ ràng, đó là sắp xếp hệ thống trường học để phục vụ người học tốt hơn chứ không phải chỉ để giảm đầu mối. Việc sắp xếp phải gắn với mục tiêu nâng cao chất lượng giáo dục, bảo đảm quyền học tập của trẻ em, không để vùng nào, đối tượng nào bị thiệt thòi""."
"Sắp xếp trường học, không chỉ để giảm đầu mối",2025-10-10 06:05:00,Giáo dục,Việc sắp xếp lại các cơ sở giáo dục từ mầm non đến THPT trong thời gian tới cần tránh lặp lại những sai lầm cũ khi tiến hành một cách cơ học.
"Chiến lược về nguồn nhân lực, vì sao chưa đột phá?",2025-10-10 05:45:00,Giáo dục,"Theo các chuyên gia, một trong những chìa khóa để đưa chiến lược phát triển nguồn nhân lực chất lượng cao trở thành chiến lược đột phá là xây dựng được nền công vụ ưu tú, đặt con người vào đúng vị trí."
Trường học hoang tàn sau bão lũ,2025-10-10 05:00:00,Giáo dục,"Chưa kịp khắc phục xong hậu quả của cơn bão Bualoi (bão số 10), hàng trăm trường học ở miền Bắc lại 'oằn mình' gánh chịu ngập lụt do hoàn lưu của cơn bão Matmo (bão số 11), nhiều trường đến nay chưa thể đón học sinh."
"Hai nữ sinh đánh nhau, nhiều học sinh cổ vũ: Sở GD-ĐT Đắk Lắk nói gì?",2025-10-09 18:57:00,Giáo dục,"Trên mạng xã hội đăng tải clip 2 nữ sinh lớp 11 ở Đắk Lắk lao vào đánh nhau trước sự chứng kiến của nhiều học sinh khác. Thay vì can ngăn, những học sinh ngoài cuộc lại hô hào, cổ vũ 'đánh đi'."
Vì sao Trường ĐH Y khoa Phạm Ngọc Thạch hạ điểm của thí sinh Âu Nhật Huy?,2025-10-09 18:39:00,Giáo dục,"Hội đồng tuyển sinh Trường ĐH Y khoa Phạm Ngọc Thạch thống nhất giảm điểm của Âu Nhật Huy, thí sinh vừa trúng tuyển chương trình đào tạo tiến sĩ tại trường, từ 88,8 điểm xuống còn 88,3 điểm. Nhưng điểm số này không ảnh hưởng đến kết quả trúng tuyển của thí sinh."
GS Nobel vật lý Serge Haroche: Hãy để người trẻ tự do sáng tạo,2025-10-09 17:55:00,Giáo dục,"Trò chuyện với PV Thanh Niên ngày 9.10, GS Serge Haroche, người đoạt giải Nobel vật lý năm 2012, gửi gắm thông điệp đến giới trẻ Việt Nam: hãy ra nước ngoài học tập, trải nghiệm nền khoa học tiên tiến, rồi quay về đóng góp cho quê hương."
Báo Thanh Niên ký kết hợp tác với Trường ĐH Văn Hiến,2025-10-09 17:41:00,Giáo dục,"Sinh viên ngành quan hệ công chúng và các ngành khoa học xã hội… của Trường ĐH Văn Hiến sẽ đến kiến tập, thực tập, tham gia các sự kiện hội thảo, tọa đàm tại Báo Thanh Niên để tăng kỹ năng nghề nghiệp. Đồng thời hai đơn vị cũng sẽ đồng hành trong nhiều hoạt động khác để cùng lan tỏa các giá trị."
TP.HCM hạn chế học sinh dùng điện thoại từ tháng 10: Lý do thí điểm 16 trường,2025-10-09 17:38:00,Giáo dục,"Ngày 9.10, Sở GD-ĐT TP.HCM tổ chức họp triển khai kế hoạch thí điểm hạn chế học sinh sử dụng điện thoại di động, thiết bị điện tử trong giờ ra chơi tại các cơ sở giáo dục."
"Phụ huynh TP.HCM tố thầy giáo đánh học sinh: Giáo viên nhận sai, trường sẽ giám sát",2025-10-09 12:19:00,Giáo dục,"Liên quan đến vụ phụ huynh TP.HCM tố thầy giáo đánh học sinh, giáo viên chủ nhiệm học sinh lớp 2A, Trường tiểu học Nguyễn Bỉnh Khiêm, xã Long Hải (TP.HCM) thừa nhận khuyết điểm, Ban giám hiệu nhà trường đã kiểm điểm giáo viên này."
An Giang: Nữ sinh lớp 8 bị 2 nam sinh đánh và đạp vào đầu,2025-10-09 12:01:00,Giáo dục,Một nữ sinh lớp 8 ở An Giang bị 2 nam sinh cùng khối đánh và đạp vào đầu. Các học sinh khác quay clip rồi đăng trên mạng xã hội khiến dư luận bức xúc.
Vụ thầy giáo hành hung đồng nghiệp: Bộ GD-ĐT yêu cầu báo cáo đầy đủ,2025-10-09 11:48:00,Giáo dục,"Sau khi nhận phản ánh từ báo chí, Bộ GD-ĐT đã có văn bản yêu cầu Sở GD-ĐT Đắk Lắk có báo cáo cụ thể về vụ thầy giáo hành hung đồng nghiệp trước sự chứng kiến của nhiều học sinh."
Lần đầu tiên Việt Nam có 11 trường vào bảng xếp hạng ĐH tốt nhất thế giới,2025-10-09 11:10:00,Giáo dục,"Việt Nam lần đầu có hơn 10 đại diện góp mặt trong bảng xếp hạng ĐH tốt nhất thế giới, là số lượng nhiều nhất từ trước đến nay."
Tuyển sinh cao đẳng năm 2025: Nhờ đâu nhiều trường 'về đích' sớm?,2025-10-09 08:56:00,Giáo dục,"Mùa tuyển sinh 2025 ghi nhận bức tranh tích cực ở khối các trường cao đẳng (CĐ) khi nhiều đơn vị đã cán đích sớm, thậm chí đạt trên 90% chỉ tiêu từ sớm. Các ngành mang tính thực hành, ứng dụng cao tiếp tục được thí sinh ưu tiên lựa chọn."
"Cảnh báo trung tâm ngoại ngữ dạy sai chương trình, quảng cáo sai sự thật",2025-10-09 06:05:00,Giáo dục,"Theo Sở GD-ĐT TP.HCM, hiện nay vẫn có một số trung tâm ngoại ngữ dạy sai chương trình, quảng cáo sai sự thật, gây hiểu nhầm cho phụ huynh."
Sắp xếp trường ĐH công: Trường tư đứng trước áp lực cạnh tranh?,2025-10-09 05:45:00,Giáo dục,"Kế hoạch sắp xếp, tái cấu trúc 140 trường ĐH công lập liệu có tác động gì tới gần 70 trường ĐH ngoài công lập trên toàn quốc?"
Bộ GD-ĐT điều chỉnh quy định kỷ luật học sinh sau nhiều tranh cãi?,2025-10-09 05:30:00,Giáo dục,"Thông tư quy định về kỷ luật học sinh kiên quyết loại bỏ hình thức đình chỉ học, nhưng dự thảo Nghị định xử phạt vi phạm hành chính trong giáo dục lại bổ sung hình phạt 'cách ly khỏi môi trường học tập'."
"Muốn tổ chức thi đánh giá năng lực ngoại ngữ, phải có ít nhất 70 đề",2025-10-08 18:27:00,Giáo dục,Một trong những tiêu chí xét một đơn vị đủ năng lực tổ chức thi đánh giá năng lực ngoại ngữ hay không là phải có ngân hàng tối thiểu 70 đề.
Trường ĐH Y dược TP.HCM tài trợ 1 tỉ đồng cho đề tài nghiên cứu cơ sở,2025-10-08 17:04:00,Giáo dục,"Trường ĐH Y dược TP.HCM công bố chính sách đầu tư mạnh cho nghiên cứu khoa học, với mức cấp kinh phí cho đề tài cấp cơ sở lên tới  1 tỉ đồng cho mỗi đề tài loại A."
Chủ nhân Nobel vật lý đến thăm Trường ĐH Quy Nhơn,2025-10-08 16:53:00,Giáo dục,"Đoàn các nhà khoa học hàng đầu thế giới, trong đó có GS Serge Haroche, chủ nhân Nobel vật lý 2012, đến thăm và trao đổi học thuật tại Trường ĐH Quy Nhơn."
Đề xuất gần 600 tỉ đồng xây 3 trường nội trú vùng biên giới Đắk Lắk,2025-10-08 16:30:00,Giáo dục,"Sở GD-ĐT Đắk Lắk vừa đề xuất gần 600 tỉ đồng để xây mới, mở rộng và cải tạo 3 trường nội trú liên cấp tại các xã biên giới, nhằm tạo điều kiện học tập tốt hơn cho học sinh vùng sâu, vùng xa theo Nghị quyết 298 của Chính phủ."
Ban hành chương trình nâng cao của 15 môn chuyên,2025-10-08 15:34:00,Giáo dục,Bộ GD-ĐT vừa ban hành Thông tư quy định Chương trình giáo dục nâng cao dành cho các môn chuyên trong trường THPT chuyên.
"Dự kiến sáp nhập hơn 30 trường đại học, cao đẳng, trung cấp của TP.HCM",2025-10-08 15:21:00,Giáo dục,"Theo dự thảo phương án sắp xếp các đơn vị sự nghiệp công lập của UBND TP.HCM, tổ chức lại Trường ĐH Sài Gòn trên cơ sở sáp nhập Trường CĐ Sư phạm Bà Rịa - Vũng Tàu; nhiều trường cao đẳng, trung cấp khác cũng được sắp xếp lại."
Trường học cần tạo ra văn hóa không rác thải nhựa trong các hoạt động,2025-10-08 13:52:00,Giáo dục,"Theo GS-TS Nguyễn Thị Kim Cúc, giáo dục về môi trường không chỉ là trách nhiệm của nhà trường, mà còn là nền tảng để xây dựng một cộng đồng xanh, có ý thức và hành động cụ thể trong việc bảo vệ hành tinh."
Xem xét trách nhiệm vụ nghi ngộ độc khiến 40 học sinh Quảng Trị nằm viện,2025-10-08 10:51:00,Giáo dục,"Sau khi có kết quả kiểm nghiệm thực phẩm, UBND xã Kim Ngân (Quảng Trị) đang xem xét trách nhiệm vụ nghi ngộ độc khiến 40 học sinh nhập viện."
Miễn nhiệm chức vụ với hiệu trưởng cho học sinh lớp 12 'tự nguyện' nghỉ học,2025-10-08 10:04:00,Giáo dục,Sở GD-ĐT Đắk Lắk đã ra quyết định miễn nhiệm chức vụ đối với hiệu trưởng từng cho học sinh lớp 12 'tự nguyện' nghỉ học.
Trường ĐH doanh thu ngàn tỉ chi cho đào tạo và người học ra sao?,2025-10-08 06:15:00,Giáo dục,"Tính đến thời điểm này, có 13 trường ĐH doanh thu ngàn tỉ. Thu là như vậy, mức chi của trường dành cho các hoạt động chiếm bao nhiêu phần trăm?"
Sắp xếp trường đại học: Phải cân nhắc yếu tố thương hiệu,2025-10-08 06:05:00,Giáo dục,"Trả lời phỏng vấn PV Thanh Niên, PGS-TS Hồ Đắc Nguyên Ngã (ĐH San Francisco State, Mỹ) đưa ra 5 lưu ý quan trọng khi thực hiện chủ trương sắp xếp, tái cấu trúc các cơ sở giáo dục ĐH của VN. Đáng chú ý, chuyên gia này nhấn mạnh yếu tố thương hiệu trường ĐH khi thực hiện sáp nhập các trường."
Phổ cập THPT: Tuyển sinh lớp 10 nên thi hay xét?,2025-10-08 05:45:00,Giáo dục,"Kỳ thi tuyển sinh lớp 10 luôn là 'cửa ải' đầy áp lực với học sinh và phụ huynh, đặc biệt tại các đô thị lớn, nơi tỷ lệ cạnh tranh thậm chí còn khốc liệt hơn cả vào đại học. Tuy nhiên, khi từ năm 2030, VN thực hiện giáo dục bắt buộc 9 năm và năm 2035 phổ cập THPT thì vấn đề đặt ra là tuyển sinh lớp 10 nên thi hay xét?"
"Thực hiện sắp xếp, hoàn thiện hệ thống cơ sở giáo dục đại học vào năm 2035",2025-10-07 22:09:00,Giáo dục,"Mục tiêu đến năm 2035, Việt Nam hoàn thiện hệ thống giáo dục đại học (ĐH). Trong đó, có thực hiện sắp xếp, hoàn thiện hệ thống cơ sở giáo dục ĐH theo phương án tại Quyết định số 452/QĐ-TTg ngày 27.2.2025."
"Mỹ muốn đại học giới hạn du học sinh ở mức 15%, bắt buộc thi đầu vào",2025-10-07 19:01:00,Giáo dục,"Chính quyền Tổng thống Mỹ Donald Trump đang mời gọi một số trường đại học (ĐH) hàng đầu ký kết thỏa ước, cho biết nếu chấp nhận các yêu cầu sẽ được hưởng nhiều ưu đãi từ chính phủ liên bang."
Trường ĐH Cửu Long thêm 3 chương trình đào tạo đạt chuẩn kiểm định chất lượng,2025-10-07 17:40:00,Giáo dục,Trường ĐH Cửu Long vừa có thêm 3 chương trình đạt chuẩn kiểm định chất lượng gồm: dược học; công nghệ kỹ thuật điện - điện tử; quản trị dịch vụ du lịch và lữ hành.
"TP.HCM: 16 trường thí điểm hạn chế học sinh sử dụng điện thoại, là những trường nào?",2025-10-07 17:31:00,Giáo dục,"Sở GD-ĐT TP.HCM công bố danh sách 16 trường dự kiến sẽ thí điểm thực hiện hạn chế học sinh sử dụng điện thoại di động, thiết bị điện tử trong giờ ra chơi từ tháng 10.2025 đến hết học kỳ 1 năm học 2025-2026."
Lần đầu tiên TP.HCM bồi dưỡng đội dự tuyển học sinh giỏi quốc gia tại Vũng Tàu,2025-10-07 16:11:00,Giáo dục,"Lần đầu tiên 480 học sinh được chọn vào đội dự tuyển kỳ thi chọn học sinh giỏi cấp quốc gia của TP.HCM sẽ có khoảng thời gian học tập, bồi dưỡng tại khu vực 3 (Bà Rịa-Vũng Tàu trước đây)."
Vụ thầy giáo hành hung đồng nghiệp: Nhà trường đề nghị công an vào cuộc,2025-10-07 15:37:00,Giáo dục,"Nhà trường đề nghị Sở GD-ĐT và cơ quan công an vào cuộc, xử lý vụ một giáo viên bị đồng nghiệp tác động vật lý trước sự chứng kiến của nhiều học sinh tại một trường THPT ở Đắk Lắk."
Có gì trong suất ăn bán trú giá 14.000 và 17.000 đồng ở trường làng Quảng Trị?,2025-10-07 14:22:00,Giáo dục,"Những ngày đầu năm học, trong khi nhiều suất ăn bán trú kém chất lượng đang gây bức xúc dư luận, thì ở 2 ngôi trường làng tại Quảng Trị vẫn duy trì những suất ăn bán trú 14.000 và 17.000 đồng mà vẫn đảm bảo chất lượng. Vậy trong các bữa ăn này có gì?"
"Trường cho học trực tuyến vì Hà Nội ngập lụt, sinh viên vẫn phát khóc",2025-10-07 13:29:00,Giáo dục,Nhiều sinh viên nhận được thông báo của nhà trường về việc chuyển sang học trực tuyến khi đang lóp ngóp trong ngập lụt trên đường tới trường.
"Buộc cách ly khỏi trường học với học sinh xúc phạm nhà giáo, bạn học",2025-10-07 13:17:00,Giáo dục,"Ngoài bị phạt tiền 5 - 10 triệu đồng, học sinh xúc phạm, xâm phạm thân thể giáo viên và học sinh khác có thể bị buộc cách ly tạm thời khỏi môi trường học tập, hoặc chuyển đến cơ sở chuyên biệt."
Suất ăn bán trú 25.000 đồng quá sơ sài: Hiệu trưởng viết ‘tâm thư’ xin lỗi,2025-10-07 11:44:00,Nhà trường,"Liên quan đến suất ăn bán trú 25.000 đồng chỉ với 3 miếng chả, 1 quả trứng, muối mè và canh vài cọng rau ở Trường tiểu học số 1 Ba Đồn (Quảng Trị) mà Thanh Niên phản ánh, hiệu trưởng nhà trường đã viết 'tâm thư' xin lỗi phụ huynh và học sinh."
Vụ 'nghi ngăn học sinh ngộ độc đi cấp cứu': Vi khuẩn có trong thực phẩm nào?,2025-10-07 11:21:00,Giáo dục,"Dù nghi ngờ bánh tày trong bữa sáng của các em học sinh Trường PTDT bán trú tiểu học Kim Thủy (xã Kim Ngân, Quảng Trị) gây ngộ độc nhưng kết quả xét nghiệm lại cho thấy vi khuẩn lại nằm ở 1 mẫu cá chim kho và trong 1 mẫu bệnh phẩm."
Vụ 'nghi ngăn học sinh ngộ độc đi cấp cứu': Mẫu thực phẩm dương tính với vi khuẩn,2025-10-07 09:58:00,Nhà trường,"Liên quan đến vụ ngộ độc thực phẩm ở Trường PTDT bán trú tiểu học Kim Thủy (xã Kim Ngân, Quảng Trị), kết quả 1 mẫu thức ăn được xét nghiệm dương tính với vi khuẩn bacillus cereus."
Sắp xếp trường ĐH sẽ tác động ra sao?,2025-10-07 06:05:00,Giáo dục,"Lãnh đạo Bộ GD-ĐT vừa có thông tin mới nhất về chủ trương sắp xếp lại cấu trúc, sáp nhập, giải thể các cơ sở giáo dục ĐH, cơ sở giáo dục nghề nghiệp. Sắp tới bộ sẽ trình Thủ tướng Chính phủ quyết định và triển khai ngay trong năm 2026."
Áp lực chi phí nuôi con ăn học thời nay,2025-10-07 05:45:00,Giáo dục,"Nuôi con ăn học thời nay không đơn giản chỉ là chuyện phụ huynh mua cho con bộ sách giáo khoa, vài bộ đồng phục và đóng một khoản phí vài trăm ngàn đồng mỗi tháng là yên tâm việc con mình đã được học hành đủ đầy."
8 trẻ nhập viện sau tiệc Trung thu: Sở Y tế Vĩnh Long nêu nguyên nhân,2025-10-06 22:42:00,Giáo dục,"Liên quan vụ 8 trẻ một trường mầm non ở Vĩnh Long nhập viện sau bữa tiệc tết Trung thu tại trường, Sở Y tế tỉnh này đã có thông tin nguyên nhân."
"Suất ăn 25.000 đồng ở Quảng Trị: Do dịch tả heo, khan hiếm thực phẩm sau bão?",2025-10-06 21:36:00,Giáo dục,"Liên quan đến suất ăn bán trú 25.000 đồng chỉ với 3 miếng chả, 1 quả trứng, muối mè và canh vài cọng rau ở Trường tiểu học số 1 Ba Đồn mà Thanh Niên phản ánh, hiệu trưởng nhà trường thừa nhận bữa ăn chưa đạt yêu cầu và nêu lý do."
Sắp xếp trường đại học: Bộ nào đang ‘nắm’ nhiều trường nhất?,2025-10-06 20:12:00,Giáo dục,"Bộ GD-ĐT trực tiếp quản lý các đại học (ĐH), trường ĐH trọng điểm. Bộ Y tế, Bộ Văn hóa-Thể thao và Du lịch quản lý một số cơ sở chuyên sâu, đặc thù."
Cà Mau giữ nguyên mức thu dịch vụ giáo dục ngoài học phí sau sáp nhập,2025-10-06 19:22:00,Giáo dục,"Sở GD-ĐT Cà Mau vừa có hướng dẫn các trường công lập trên địa bàn tiếp tục thực hiện các khoản thu dịch vụ phục vụ, hỗ trợ hoạt động giáo dục ngoài học phí – đảm bảo minh bạch, đúng quy định và phù hợp với từng địa phương."
Mang tết Trung thu Việt Nam đến Nhật Bản,2025-10-06 19:15:00,Giáo dục,"Nói đến tết Trung thu thì không một người Việt Nam nào lại không biết đến chú Cuội trong sự tích 'Chú Cuội' được nghe từ tấm bé, trẻ con quây quần bên mâm cỗ trông trăng. Vậy ở Nhật Bản có ăn tết Trung thu không?"
"Tuyển giáo viên tại TP.HCM: Khoảng 42% ứng viên trúng tuyển, hủy kết quả nếu gian lận",2025-10-06 17:57:00,Giáo dục,"Ngày 6.10, Sở GD-ĐT TP.HCM công bố kết quả tuyển giáo viên năm học 2025-2026. Đồng thời đưa ra những lưu ý cụ thể về việc đảm bảo tính xác thực của văn bằng và thông báo công khai nếu có hành vi gian lận khi đăng ký tuyển dụng."
Hà Nội giao hiệu trưởng quyết định việc nghỉ học ngày 7.10,2025-10-06 17:56:00,Giáo dục,"Hiệu trưởng các trường ở Hà Nội sẽ căn cứ vào diễn biến thời tiết thực tế tại địa bàn, điều kiện cơ sở vật chất và an toàn giao thông... để cho học sinh nghỉ học hoặc không, vào ngày 7.10."
Trường ĐH Y khoa Phạm Ngọc Thạch nói gì về thí sinh 24 tuổi đậu tiến sĩ?,2025-10-06 16:44:00,Giáo dục,Trường ĐH Y khoa Phạm Ngọc Thạch vừa có phản hồi liên quan thông tin thí sinh 24 tuổi trúng tuyển chương trình đào tạo tiến sĩ ngành nội khoa năm 2025.
Vụ phụ huynh TP.HCM tố thầy giáo đánh học sinh: Công an lấy lời khai,2025-10-06 16:29:00,Giáo dục,"Công an xã Long Hải (TP.HCM) đã lấy lời khai của học sinh có phụ huynh tố cáo thầy giáo đánh con mình. Phụ huynh, đại diện UBND xã Long Hải, Ban giám hiệu Trường tiểu học Nguyễn Bỉnh Khiêm chứng kiến."
"Xôn xao suất ăn bán trú 25.000 đồng với 3 miếng chả, 1 quả trứng, muối mè",2025-10-06 16:20:00,Nhà trường,"Hình ảnh suất ăn bán trú 25.000 đồng dành cho học sinh tại Trường tiểu học số 1 Ba Đồn (P.Ba Đồn, Quảng Trị) vừa được đưa lên mạng xã hội đã gây tranh luận."
Quảng Ninh giảm 50% số trường học sau sáp nhập,2025-10-06 15:47:00,Giáo dục,"Tỉnh Quảng Ninh đang triển khai phương án sáp nhập, giảm khoảng 50% đầu mối các cơ sở giáo dục trên địa bàn toàn tỉnh, nhằm tinh gọn bộ máy, nâng cao hiệu quả quản trị và chất lượng giảng dạy."
Chủ nhân Nobel vật lý năm 2012 đến Việt Nam thảo luận về công nghệ lượng tử,2025-10-06 13:26:00,Giáo dục,"GS Serge Haroche, nhà khoa học đoạt giải Nobel vật lý năm 2012, cùng hơn 80 chuyên gia hàng đầu sẽ hội ngộ tại ICISE (Gia Lai) để thảo luận về cuộc cách mạng công nghệ lượng tử."
"Khuyến khích giáo viên dạy thêm không thu tiền, không dùng ngân sách",2025-10-06 11:52:00,Giáo dục,"UBND tỉnh Bắc Ninh khuyến khích giáo viên dạy thêm trong nhà trường đáp ứng nguyện vọng học thêm của học sinh nhưng không thu tiền của học sinh, không sử dụng ngân sách nhà nước."
"Bộ GD-ĐT hướng dẫn sắp xếp trường mầm non, phổ thông, giáo dục thường xuyên",2025-10-06 09:49:00,Giáo dục,"Bộ GD-ĐT yêu cầu đối với các cơ sở giáo dục mầm non, phổ thông, chỉ thực hiện sáp nhập trường, điểm trường trong phạm vi một đơn vị hành chính cấp xã."
Giải Nobel sắp trao: Các bước lựa chọn và 'hậu trường' xét duyệt,2025-10-06 08:52:00,Giáo dục,"Trong dịp hiếm hoi chia sẻ ở Việt Nam mới đây, thành viên Ủy ban Nobel Vật lý Ulf Danielsson đã 'bóc tách' các bước chọn người đoạt Giải Nobel và những điều diễn ra ở 'hậu trường' xét duyệt giải thưởng danh giá nhất hành tinh."
"Thiếu phòng, học sinh phải làm bài thi ở… nhà để xe",2025-10-06 06:16:00,Giáo dục,"Thiếu phòng học, thiếu giáo viên, nhiều trường học ở Nghệ An đang phải phải vật lộn với khó khăn khi thực hiện học 2 buổi/ngày."
"Phụ huynh thắc mắc về 476 triệu đồng mua tivi, hiệu trưởng nói gì?",2025-10-06 06:00:00,Giáo dục,"Phụ huynh học sinh của một trường THPT thắc mắc về kế hoạch vận động tài trợ khoảng 1,8 tỉ đồng trong đó có khoảng 476 triệu đồng (hơn 26%) để mua tivi… Hiệu trưởng giải thích như thế nào?"
Sắp xếp trường ĐH nên theo hướng nào?,2025-10-06 05:45:00,Giáo dục,"Trao đổi với PV Báo Thanh Niên xung quanh chủ trương sắp xếp các cơ sở đào tạo ĐH, GS-TSKH Bùi Văn Ga, nguyên Thứ trưởng Bộ GD-ĐT, cho rằng nên tiếp cận theo hướng tổng thể, gồm cả hệ thống giáo dục nghề nghiệp dựa trên nền tảng Khung trình độ quốc gia VN."
Kỷ luật và cam kết,2025-10-06 03:49:00,Chào ngày mới,"Trong thời gian qua, quy mô đào tạo của các trường ĐH không ngừng tăng lên do các điều kiện đảm bảo cho việc dạy học được đầu tư mạnh mẽ. Chính vì thế, hằng năm, đầu vào tuyển sinh có trường lên tới cả chục ngàn chỉ tiêu. Tuy nhiên, đầu ra, là sinh viên tốt nghiệp, cũng 'rơi rụng' không ít."
Nữ thủ khoa đầu ra Trường ĐH Kinh tế Huế chia sẻ 'công thức' đạt điểm cao,2025-10-05 20:01:00,Giáo dục,"Hồ Thị Khánh Minh (sinh viên ngành tài chính ngân hàng, Trường ĐH Kinh tế - ĐH Huế) đã trở thành tân thủ khoa đầu ra khóa 55 (năm 2025) với 3,88/4 điểm."
Học sinh Hà Nội nghỉ học ngày 6.10 phòng bão Matmo,2025-10-05 17:25:00,Giáo dục,"Sở GD-ĐT Hà Nội vừa có văn bản đề nghị các đơn vị cho học sinh nghỉ học ngày mai 6.10, chuyển trạng thái từ dạy học trực tiếp sang dạy học trực tuyến."
"Nữ sinh lớp 8 ở Huế bị bạn đánh, bắt quỳ gối",2025-10-05 15:12:00,Giáo dục,"Dư luận tại TP.Huế đang bức xúc trước một vụ bạo lực học đường nghiêm trọng xảy ra tại Trường THCS Nguyễn Chí Diểu. Sáng nay, nhà trường đã có báo cáo gửi Sở GD-ĐT, đồng thời khẳng định sẽ xử lý nghiêm vụ việc."
"Dừng học máy tính trường Bách khoa, trở thành thủ khoa trường Nhân văn",2025-10-05 11:44:00,Giáo dục,"Nguyễn Hiếu Nhân, thủ khoa kỳ tuyển sinh đầu vào năm 2025 của Trường ĐH Khoa học xã hội và nhân văn (ĐH Quốc gia TP.HCM), từng gây 'bão mạng' khi là học sinh nông thôn, không phải chuyên Anh, không đi học thêm nhưng đã thi đạt 8.0 điểm IELTS với 9.0 kỹ năng nghe trong lần thi đầu tiên chỉ nhờ tự học."
"Tỷ lệ nhập học, thôi học, tốt nghiệp ĐH: Trường nào cao, trường nào thấp?",2025-10-05 06:19:00,Giáo dục,"Theo thông tin công khai các chỉ số đánh giá về tuyển sinh đào tạo tại báo cáo thường niên của các trường ĐH, có trường tỷ lệ sinh viên nhập học trung bình 3 năm  gần 30%, trong khi có trường hơn 100%. Tỷ lệ sinh viên tốt nghiệp sau 2 năm so với kế hoạch đào tạo chuẩn có trường dưới 50%."
Vĩnh Long: 7 trẻ mầm non nhập viện sau bữa tiệc tết Trung thu tại trường,2025-10-04 22:01:00,Giáo dục,"Sau khi tham dự bữa tiệc tết Trung thu tại trường mầm non ở Vĩnh Long, 7 trẻ nhập viện với các triệu chứng đau bụng, ói..."
"Nhiều doanh nghiệp từ Nhật Bản sang Bách khoa tuyển dụng sinh viên, lương 35-45 triệu đồng/tháng",2025-10-04 18:13:00,Giáo dục,Ngày hội việc làm Trường ĐH Bách khoa TP.HCM lần đầu tiên có 25 doanh nghiệp đến từ tỉnh Hyogo (Nhật Bản) tham gia tuyển dụng trực tiếp sinh viên. Các kỹ sư được tuyển dụng làm việc tại Nhật với mức lương khởi điểm trung bình trong khoảng 35-45 triệu đồng/tháng.
Phó thủ tướng: Ưu tiên đầu tư cho trường chuyên số 1 của cả nước,2025-10-04 17:30:00,Giáo dục,"Phó thủ tướng Lê Thành Long yêu cầu ưu tiên đầu tư nguồn lực, kinh phí thỏa đáng để Trường THPT chuyên Khoa học tự nhiên xứng tầm là trường chuyên số 1 của cả nước."
Cần Thơ tìm học sinh giỏi Robothon,2025-10-04 17:20:00,Giáo dục,"Cần Thơ tổ chức cuộc thi Robothon dành cho học sinh từ 7 - 15 tuổi, nhằm chọn đại diện  thành phố tham dự cuộc thi cấp quốc gia, tìm cơ hội vươn ra quốc tế."
Những kỷ lục của ngôi trường 'học sinh giỏi sẵn',2025-10-04 15:45:00,Giáo dục,40% huy chương vàng các kỳ thi Olympic quốc tế của cả nước là do học sinh của ngôi trường 'học sinh giỏi sẵn' đóng góp. Đó là trường nào?
Sở GD-ĐT Hưng Yên tổ chức hội thảo khắc phục nói ngọng L - N,2025-10-04 14:46:00,Giáo dục,"Hơn 1.700 cơ sở giáo dục và gần 41.000 cán bộ quản lý, giáo viên tại Hưng Yên tham gia hội thảo với chuyên đề giải pháp khắc phục tình trạng phát âm và viết chính tả nhầm lẫn 2 phụ âm đầu L - N."
"Tổ chức quốc tế đào tạo giáo viên tiếng Anh miễn phí, cấp chứng nhận",2025-10-04 14:43:00,Giáo dục,"Hội đồng Anh sắp tổ chức chuỗi hội thảo trực tuyến về giảng dạy tiếng Anh cho hàng nghìn giáo viên trên khắp ASEAN, trang bị công cụ và chiến lược giảng dạy mới trong vòng ba tuần và hoàn toàn miễn phí."
Nam sinh 24 tuổi trúng tuyển tiến sĩ Trường ĐH Y khoa Phạm Ngọc Thạch,2025-10-04 11:41:00,Giáo dục,"Một nam sinh 24 tuổi vừa trúng tuyển chương trình tiến sĩ Trường ĐH Y khoa Phạm Ngọc Thạch, sau khi tốt nghiệp y khoa loại xuất sắc tại một trường ĐH tư thục."
Vụ học sinh ngộ độc tập thể: Rà soát bếp ăn trường học toàn tỉnh Quảng Trị,2025-10-04 11:13:00,Giáo dục,"Sau vụ ngộ độc tập thể tại Trường phổ thông dân tộc bán trú tiểu học Kim Thủy (xã Kim Ngân, Quảng Trị) cùng nghi vấn 'ngăn học sinh đi bệnh viện', lãnh đạo Sở Y tế đề nghị rà soát toàn bộ bếp ăn trường học trên địa bàn."
Đồ án tốt nghiệp của sinh viên thiết kế đồ họa ĐH Duy Tân giành giải 'Triển vọng số',2025-10-04 10:20:00,Giáo dục,"Yêu thích tác phẩm 'Alice ở xứ sở diệu kỳ"" của tác giả người Anh - Lewis Carroll, Phan Hiền Linh - sinh viên ngành Thiết kế đồ họa, Trường Công nghệ & Kỹ thuật (SET), Đại học (ĐH) Duy Tân đã phác thảo những nét vẽ hoàn toàn mới khi khoác lên mình các nhân vật trong truyện với những trang phục truyền thống của người H'Mông, Việt Nam."
"Sinh viên tốt nghiệp đúng hạn rất thấp, vì sao?",2025-10-04 06:13:00,Giáo dục,Tỷ lệ sinh viên tốt nghiệp đúng hạn có năm chỉ hơn 20% đến hơn 30% tại một số trường ĐH. Rất nhiều sinh viên phải kéo dài thời gian học tập hoặc bỏ học giữa chừng.
"Nguy cơ AI làm hại học sinh, từ lừa đảo đến tống tiền tình dục",2025-10-03 21:40:00,Giáo dục,"Không gian số ngày càng phát triển đang kéo theo nhiều hệ lụy, một trong số đó là gia tăng lừa đảo, tống tiền trực tuyến... bằng trí tuệ nhân tạo (AI). Điều này buộc các trường phải lên phương án nhận diện và ứng phó."
Một đại học ở TP.HCM hỗ trợ học phí cho gần 3.000 sinh viên sau bão Bualoi,2025-10-03 20:30:00,Giáo dục,Một đại học tại TP.HCM vừa quyết định chi gần 7 tỉ đồng hỗ trợ sinh viên các địa phương bị ảnh hưởng bởi bão Bualoi.
PGS-TS Bùi Quang Hùng được giao quyền phụ trách điều hành ĐH Kinh tế TP.HCM,2025-10-03 16:50:00,Giáo dục,"PGS-TS Bùi Quang Hùng, Phó giám đốc ĐH Kinh tế TP.HCM vừa được giao quyền phụ trách điều hành ĐH này."
"TP.HCM chuẩn bị khảo sát, đánh giá năng lực số của giáo viên sau khi sáp nhập",2025-10-03 16:21:00,Giáo dục,"Ngày 3.10, Sở GD-ĐT TP.HCM triển khai kế hoạch khảo sát, đánh giá năng lực, kỹ năng số của cán bộ quản lý giáo dục, giáo viên, nhân viên tại các cơ sở giáo dục sau sáp nhập."
Những điều tân sinh viên mong chờ khi bắt đầu vào đại học,2025-10-03 15:12:00,Giáo dục,"Đầu năm học mới luôn là khoảnh khắc đặc biệt đối với các tân sinh viên, khi họ bước chân vào môi trường đại học hoàn toàn mới mẻ. Nhiều bạn trẻ phải rời xa quê hương sau 18 năm quen thuộc để khám phá vùng đất xa lạ, đầy thử thách và cơ hội."
Chủ tịch Quốc hội Cuba làm việc tại Trường ĐH Sư phạm kỹ thuật TP.HCM,2025-10-03 14:07:00,Giáo dục,"Trong khuôn khổ chuyến thăm chính thức Việt Nam và đồng chủ trì Phiên họp lần thứ hai Ủy ban hợp tác liên nghị viện Việt Nam – Cuba, Chủ tịch Quốc hội Chính quyền nhân dân, Chủ tịch Hội đồng Nhà nước Cộng hòa Cuba Esteban Lazo Hernández đến thăm và làm việc tại Trường ĐH Sư phạm kỹ thuật TP.HCM."
"Mưa bão dồn dập: Nhu cầu cao nhân lực về khí hậu, tuyển sinh vẫn khó",2025-10-03 09:15:00,Giáo dục,"Mưa bão, lũ lụt và những biến động khí hậu cực đoan liên tục xảy ra trong những năm gần đây, công tác dự báo khí tượng - thủy văn luôn được quan tâm hơn bao giờ hết. Giữa bối cảnh ấy, việc đào tạo đội ngũ nhân lực chất lượng cao trong ngành này đang trở thành yêu cầu cấp bách, không chỉ để phòng chống thiên tai, mà còn phục vụ phát triển kinh tế - xã hội và bảo đảm an ninh quốc gia."
Nỗ lực đưa giáo dục chuẩn quốc tế đến gần hơn với người Việt,2025-10-03 08:00:00,Giáo dục,"Trong bối cảnh hội nhập và chuyển đổi số mạnh mẽ, Viện Nghiên cứu Giáo dục và Kinh tế Quốc tế (ISIEE) đã và đang khẳng định vị thế là một tổ chức nghiên cứu uy tín, đáng tin cậy trong việc ứng dụng và chuyển giao các mô hình giáo dục tiên tiến vào thực tiễn tại Việt Nam."
Cuộc sống những đứa trẻ ở làng quê khi ông bà kiêm cha mẹ,2025-10-03 07:15:00,Giáo dục,"Ở nhiều vùng quê, không ít cha mẹ phải đi làm xa, để lại con cái cho ông bà chăm sóc, dạy dỗ. Tình trạng này tưởng chừng là câu chuyện đời thường, nhưng có nhiều ảnh hưởng sâu sắc đến sự phát triển của trẻ."
"Dạy học bằng tiếng Anh, thách thức và giải pháp",2025-10-03 06:30:00,Giáo dục,"Đến năm 2030, cần bổ sung khoảng 22.000 giáo viên tiếng Anh từ mầm non đến tiểu học, và bồi dưỡng ít nhất 200.000 giáo viên có khả năng giảng dạy bằng tiếng Anh."
Giáo viên chuyển từ 'cái gì cũng biết' sang 'cũng có rất nhiều điều không biết',2025-10-03 06:05:00,Giáo dục,"Giáo dục VN đang đổi mới. Giáo viên trong lớp không còn là người có quyền lực tuyệt đối. Lớp học không còn im lặng, chỉ có tiếng nói của giáo viên."
Cần học liệu mở khi có một bộ sách giáo khoa dùng chung,2025-10-03 05:45:00,Giáo dục,"Một bộ sách giáo khoa dùng chung ở VN cần đi theo hướng chuẩn hóa nội dung cốt lõi, nhưng mở ra không gian linh hoạt cho thầy và trò, được hỗ trợ bởi hệ sinh thái học liệu mở phong phú."
Liêm chính khoa học thắp sáng sự thật,2025-10-03 04:17:00,Chào ngày mới,"Có một nghịch lý đang hiện hữu: khoa học chưa bao giờ mạnh mẽ như hôm nay, nhưng đồng thời niềm tin vào khoa học cũng đang bị xói mòn chưa từng có."
"Hà Nội nắng đẹp, học sinh vẫn bì bõm lội nước ra về",2025-10-02 20:08:00,Giáo dục,"Hôm nay 2.10, các tuyến đường dẫn vào cổng chính Trường tiểu học Xuân Phương (Hà Nội) vẫn bị ngập lụt, khiến phụ huynh, học sinh phải xắn quần, lội bì bõm ra về."
Hai giáo sư Việt chính thức nhận bằng viện sĩ Viện Hàn lâm khoa học thế giới,2025-10-02 20:04:00,Giáo dục,Hai giáo sư người Việt vừa chính thức được trao bằng công nhận là viện sĩ của Viện Hàn lâm khoa học thế giới.
"Phụ huynh TP.HCM tố thầy giáo đánh học sinh, giáo viên nói 'chỉ khẻ khẻ vào tay...'",2025-10-02 16:21:00,Giáo dục,"Nhiều phụ huynh học sinh lớp 2A, Trường tiểu học Nguyễn Bỉnh Khiêm, xã Long Hải (TP.HCM) bức xúc gửi đơn phản ánh thầy giáo dùng lời lẽ đe dọa và đánh học sinh bầm tay, chân."
"Cần Thơ có kế hoạch đào tạo, bồi dưỡng 20 tiến sĩ",2025-10-02 15:04:00,Giáo dục,"TP.Cần Thơ vừa ban hành kế hoạch đưa cán bộ, công chức, viên chức đi đào tạo, bồi dưỡng ở nước ngoài và nâng trình độ sau đại học trong nước."
"Tặng 1,8 triệu mũ bảo hiểm cho học sinh lớp 1",2025-10-02 14:40:00,Giáo dục,"1,8 triệu mũ bảo hiểm đạt chuẩn sẽ được tặng cho học sinh lớp 1 trong toàn quốc, góp phần nâng tỷ lệ đội mũ bảo hiểm của trẻ em từ 37% (trước năm học 2018 - 2019) lên 85%."
Rơi vào 'ma trận' lừa đảo tuyển dụng giảng viên,2025-10-02 14:34:00,Giáo dục,"Một thạc sĩ ngành tài chính vừa từ Nhật về có mong muốn làm giảng viên, tình cờ thấy trang Facebook của một trường ĐH đăng thông tin tuyển dụng nên đã nộp hồ sơ và bị dẫn dắt vào 'ma trận' có dấu hiệu lừa đảo."
Giáo viên đón đầu xu thế dạy học bằng tiếng Anh,2025-10-02 14:20:00,Giáo dục,"Vào lúc 14 giờ 30 ngày 2.10, Báo Thanh Niên tổ chức tư vấn trực tuyến với chủ đề 'Đón đầu xu thế dạy học bằng tiếng Anh'."
Điều tra vụ nam sinh Hải Phòng bị nhóm bạn đánh gãy mũi,2025-10-02 14:12:00,Giáo dục,"Nam sinh lớp 11 Trường THPT Phan Bội Châu (Hải Phòng) bị nhóm 4 học sinh khối 10 hành hung, gãy sống mũi và xương bàn tay. Vụ việc đang được công an điều tra."
500 sinh viên quốc tế thiết kế cung đường di sản cho sông Cái - Nha Trang,2025-10-02 11:50:00,Giáo dục,"Từ 160 đội thuộc 25 quốc gia, vùng lãnh thổ, 15 phương án xuất sắc nhất đã được vinh danh về đề xuất biến trục sông Cái - Nha Trang thành cung đường di sản kết nối Tháp bà Ponagar và Xóm Bóng (P.Bắc Nha Trang, Khánh Hòa) nhằm bảo tồn bản sắc văn hóa trong bối cảnh đô thị hóa."
Vụ nghi 'ngăn đưa học sinh bị ngộ độc đi bệnh viện': Tạm đình chỉ phó hiệu trưởng,2025-10-02 10:27:00,Giáo dục,"Chính quyền xã Kim Ngân (Quảng Trị) đã có quyết định tạm đình chỉ công việc 15 ngày đối với bà Đỗ Thị Hồng Huế, Phó hiệu trưởng Trường PTDT bán trú tiểu học Kim Thủy, sau rất nhiều ồn ào ở ngôi trường này gần đây."
Hy hữu: Phụ huynh đề nghị đình chỉ phó hiệu trưởng mới cho con đến lớp,2025-10-02 09:17:00,Phụ huynh,Vụ 75 học sinh ở Quảng Trị đồng loạt nghỉ học vì mất niềm tin vào bếp ăn bán trú sau vụ nghi ngộ độc tập thể đã khiến phụ huynh đưa ra điều kiện hy hữu: tạm đình chỉ phó hiệu trưởng thì mới cho con trở lại lớp.
Đề xuất bỏ xét tuyển ĐH bằng học bạ: Học sinh THPT nói gì?,2025-10-02 06:18:00,Giáo dục,"Bộ GD-ĐT đang lấy ý kiến về đề xuất bỏ phương thức xét tuyển ĐH bằng học bạ từ năm 2026. Thông tin này thu hút sự quan tâm của nhiều học sinh THPT, bởi hiện nay đây là phương thức chiếm tỷ lệ cao nhất trong tuyển sinh ĐH."
Liêm chính khoa học chính thức vào luật: Coi trọng công trình có ảnh hưởng thực sự,2025-10-02 06:06:00,Giáo dục,"Nhiều quy định hiện hành dẫn đến tình huống không ít cán bộ, giảng viên tìm cách để có nhiều công bố khoa học, kể cả vi phạm liêm chính khoa học."
Thế hệ Alpha 'nhìn trước khi đọc': Cách nào dạy học hiệu quả?,2025-10-02 05:45:00,Giáo dục,"'Tắm mình' trong công nghệ kể từ khi sinh ra là đặc trưng của thế hệ Alpha và điều này đã đặt ra nhiều thách thức cũng như cơ hội, yêu cầu việc dạy học phải cân nhắc thay đổi để thích ứng và đạt hiệu quả."
"Những trường đại học, cao đẳng nào đạt chuẩn chất lượng giáo dục?",2025-10-02 05:38:00,Giáo dục,"Bộ GD-ĐT vừa công bố danh sách hơn 200 cơ sở giáo dục đại học (ĐH), cao đẳng (CĐ) được đánh giá và công nhận đạt chuẩn chất lượng giáo dục."
"Cả ngàn bộ đồng phục học sinh cũ được thu gom, kéo dài vòng đời",2025-10-01 20:26:00,Giáo dục,"Học sinh tiểu học khệ nệ bưng những bịch đồ gồm đồng phục học sinh cũ, thời trang cũ... bỏ vào thùng tái chế trong ngày hội thu gom đồng phục, quần áo không còn sử dụng và rác thải thời trang."
Trường ĐH Yersin Đà Lạt nhận Huân chương Lao động hạng ba,2025-10-01 18:19:00,Nhà trường,"Trường ĐH Yersin Đà Lạt được Chủ tịch nước trao tặng Huân chương Lao động hạng ba, ghi nhận chặng đường 21 năm xây dựng và phát triển, đóng góp nguồn nhân lực chất lượng cao cho tỉnh Lâm Đồng và khu vực."
Học phí các ‘đại học nghìn tỉ’ ở mức bao nhiêu?,2025-10-01 16:27:00,Giáo dục,"Không kể trường quốc tế, nguồn thu các 'đại học nghìn tỉ' của Việt Nam hiện có đóng góp lớn từ người học. Vậy, học phí các trường này đang ở mức nào?"
Khánh Hòa không tổ chức thi học sinh giỏi THCS cấp tỉnh năm học 2025 - 2026,2025-10-01 16:17:00,Giáo dục,"Sở GD-ĐT tỉnh Khánh Hòa thông báo không tổ chức kỳ thi học sinh giỏi THCS cấp tỉnh năm học 2025 - 2026 để ưu tiên ổn định tổ chức, sắp xếp bộ máy sau sáp nhập tỉnh."
"Gần 8,8 tỷ đồng học bổng Đinh Thiện Lý sẽ được trao tặng trong năm 2025",2025-10-01 15:30:00,Giáo dục,"Ngày 11.10.2025 tới đây, Công ty TNHH Phát triển Phú Mỹ Hưng và Quỹ Hỗ trợ cộng đồng Đinh Thiện Lý sẽ tổ chức ‘Lễ trao học bổng Đinh Thiện Lý lần 23 và trao tài trợ năm 2025’ tại Trung tâm Hội chợ và Triển lãm Sài Gòn (SECC), phường Tân Mỹ, TP.HCM."
Lan tỏa hương vị món ngon Việt Nam ở trời Âu từ một khóa học,2025-10-01 09:21:00,Giáo dục,"Sau hơn một tuần học tập tại Trung tâm đào tạo nghề Békéscsaba (Hungary), các học viên không chỉ tích lũy thêm kiến thức mà còn có nhiều trải nghiệm quý báu ở châu Âu, đặc biệt là có dịp giới thiệu những món ngon Việt Nam."
"Thu tiền trang bị lắp đặt hệ thống mạng cho lớp, đề nghị kiểm điểm hiệu trưởng",2025-10-01 08:41:00,Giáo dục,Sở GD-ĐT TP.HCM có văn bản gửi đến UBND P.Bến Thành liên quan đến ý kiến của phụ huynh học sinh một trường tiểu học về các khoản thu của ban đại diện cha mẹ học sinh và đề nghị chấn chỉnh các sai phạm.
"Đầu năm học, phụ huynh lại bức xúc với các khoản thu… 'tự nguyện'",2025-10-01 08:04:00,Giáo dục,"Đến hẹn lại, cứ vào đầu năm học là các phụ huynh lại 'tăng xông' trước hàng loạt khoản thu ngoài quy định được ban phụ huynh đưa ra dưới danh nghĩa 'tự nguyện'."
Thế hệ Alpha bước vào cấp THPT: Lứa học sinh điển hình thời công nghệ,2025-10-01 06:05:00,Giáo dục,Năm học 2025 - 2026 đánh dấu cột mốc lứa học sinh đầu tiên ở thế hệ Alpha bước vào môi trường THPT - một thế hệ với nhiều đặc trưng nổi bật khi sinh ra và lớn lên trong thời đại công nghệ phủ sóng toàn cầu.
Liêm chính khoa học chính thức vào luật: Khoa học VN chuyển từ 'lượng' sang 'chất'?,2025-10-01 05:45:00,Giáo dục,"Lần đầu tiên, vấn đề liêm chính khoa học và đạo đức nghề nghiệp trong nghiên cứu khoa học, phát triển khoa học đã chính thức được đưa vào luật và đang được cụ thể hóa tại dự thảo nghị định hướng dẫn."
"Quảng Trị: Sau vụ ngộ độc, hàng chục học sinh không đến lớp",2025-09-30 21:34:00,Giáo dục,"Liên quan đến vụ 40 em học sinh Trường phổ thông dân tộc bán trú tiểu học Kim Thủy (xã Kim Ngân, Quảng Trị) bị ngộ độc phải nhập viện, hàng chục em học sinh không đến lớp."
Nhiều trường lo ăn ngủ cho học sinh không thể về nhà vì Hà Nội mưa ngập,2025-09-30 20:18:00,Giáo dục,"Trước tình trạng mưa ngập không dứt, một số trường ở Hà Nội chủ động lên kế hoạch chăm sóc chu đáo về bữa ăn, giấc ngủ đêm nay cho học trò ở lại trường."
Học sinh Hà Nội nghỉ ngày mai 1.10,2025-09-30 19:15:00,Giáo dục,"Trước diễn biến mưa lũ, ngập lụt nghiêm trọng, Giám đốc sở GD-ĐT Hà Nội quyết định cho học sinh toàn thành phố nghỉ học ngày mai 1.10."
Công bố quyết định Hiệu trưởng Trường ĐH Đồng Tháp,2025-09-30 17:24:00,Giáo dục,PGS-TS Hồ Văn Thống được Bộ trưởng Bộ GĐ-ĐT giao giữ chức vụ Hiệu trưởng Trường ĐH Đồng Tháp nhiệm kỳ 2025-2030.
"Từ tháng 10, Việt Nam thực hiện 3 chính sách giáo dục mới",2025-09-30 17:17:00,Giáo dục,"Những chính sách giáo dục này liên quan đến việc thi và cấp chứng chỉ ngoại ngữ của nước ngoài; khen thưởng, kỷ luật học sinh và đẩy mạnh công tác tư vấn học đường với nhiều điểm hoàn toàn mới."
"Phụ huynh hỏi về CLB có thu phí bậc mầm non, Sở GD-ĐT TP.HCM giải thích",2025-09-30 16:18:00,Giáo dục,"Phụ huynh có con học mầm non tại TP.HCM thắc mắc: trẻ mầm non đã được học múa, hát, vẽ, song cô giáo có gửi phiếu đăng ký tham gia các CLB có thu phí như vẽ, nhịp điệu, toán tư duy… ai học thì đóng tiền thêm."
"Ứng phó với mưa bão, các trường chủ động hình thức học phù hợp",2025-09-30 14:23:00,Giáo dục,"Sở GD-ĐT Hà Nội yêu cầu cơ sở giáo dục bị ảnh hưởng bởi mưa bão số 10, ngập lụt mà học sinh không thể đến trường học tập và sinh hoạt, chủ động xây dựng phương án, hình thức học tập phù hợp."
Bộ GD-ĐT công bố quyết định công nhận Hiệu trưởng Trường ĐH Quy Nhơn,2025-09-30 12:08:00,Giáo dục,"PGS-TS Đoàn Đức Tùng vừa được Bộ GD-ĐT công nhận tiếp tục giữ chức Hiệu trưởng Trường ĐH Quy Nhơn nhiệm kỳ 2025 - 2030, với mục tiêu đưa nhà trường vào top 100 đại học hàng đầu Đông Nam Á."
"40 học sinh ngộ độc ở Quảng Trị đã ra viện, chưa có kết quả xét nghiệm",2025-09-30 11:03:00,Giáo dục,"40 học sinh ở Quảng Trị nghi ngộ độc sau bữa ăn sáng đã ra viện, sức khỏe ổn định, hiện mẫu thức ăn vẫn chờ kết quả xét nghiệm."
"Ngành nào ‘hút’ sinh viên du học nghề, lương trăm triệu, tăng cơ hội định cư?",2025-09-30 10:41:00,Giáo dục,"Du học nghề đang trở thành lựa chọn phổ biến của học sinh, sinh viên. Để tận dụng được cơ hội như hưởng chính sách miễn học phí, có trợ cấp, nhu cầu lao động cao và định cư rõ ràng ở một số nước, sinh viên cần chuẩn bị hành trang thật vững vàng."
Đâu là ranh giới giữa tự nguyện đúng quy định và lạm thu?,2025-09-30 10:30:00,Giáo dục,Vấn đề thu các khoản ngoài ngân sách đầu năm học đang đặt ra những dấu hỏi lớn về tính pháp lý và sự minh bạch. Vậy đâu là ranh giới giữa tự nguyện đúng quy định và lạm thu?
Lào Cai cho học sinh toàn tỉnh nghỉ học,2025-09-30 08:27:00,Giáo dục,"Trước diễn biến phức tạp của hoàn lưu bão số 10 (bão Bualoi) và nguy cơ mưa lớn kéo dài, Sở GD-ĐT tỉnh Lào Cai đã cho toàn bộ học sinh các cấp trên địa bàn nghỉ học trong ngày 30.9 để đảm bảo an toàn."
Giữ chân giảng viên nghề giỏi: Thách thức lớn,2025-09-30 06:05:00,Giáo dục,"Nghị quyết 71 của Bộ Chính trị về đột phá giáo dục, đào tạo nhấn mạnh nhiệm vụ: ""Có chính sách thu hút chuyên gia, người lao động tay nghề cao tham gia giảng dạy, hướng dẫn kỹ năng nghề"". Đây được xem là một trong những giải pháp nhằm tạo đột phá phát triển nguồn nhân lực có kỹ năng nghề cao."
"Sửa luật Giáo dục: Quy định về SGK, bằng cấp sẽ thay đổi ra sao?",2025-09-30 05:45:00,Giáo dục,"Luật hóa chủ trương một bộ sách giáo khoa thống nhất toàn quốc, bỏ bằng tốt nghiệp THCS, giữ kỳ thi tốt nghiệp THPT, bổ sung văn bằng điện tử… là những nội dung được đại biểu Quốc hội quan tâm tại dự thảo sửa luật Giáo dục."
"Xin visa du học Mỹ, viên chức lãnh sự dặn gì khi điền mạng xã hội?",2025-09-30 05:30:00,Giáo dục,"Viên chức công tác ở Tổng lãnh sự quán Mỹ tại TP.HCM trả lời nhiều vấn đề 'nóng' của phụ huynh và người học liên quan tới quy trình xin visa du học Mỹ, nhất là ở mục khai báo mạng xã hội."
"Cà Mau yêu cầu một hiệu trưởng chấn chỉnh việc rà soát, sắp xếp giáo viên",2025-09-29 18:56:00,Giáo dục,"Sở GD-ĐT Cà Mau vừa có công văn hỏa tốc yêu cầu Trường THPT Nguyễn Việt Khái (Cà Mau) chấn chỉnh việc rà soát, sắp xếp giáo viên để tránh gây hoang mang và tạo dư luận không tốt trong nội bộ."
Đại biểu Quốc hội đề nghị làm rõ vì sao phải giữ kỳ thi tốt nghiệp THPT?,2025-09-29 17:25:00,Giáo dục,"Đại biểu Quốc hội cho rằng việc giữ hay bỏ kỳ thi tốt nghiệp THPT hiện vẫn nhận về các ý kiến trái chiều, đề nghị Bộ GD-ĐT cần làm rõ vì sao phải giữ hoặc bỏ kỳ thi này để tăng tính thuyết phục khi sửa luật Giáo dục."
Trường tiểu học bác tin suất ăn trưa 37.000 đồng nhưng khẩu phần quá ít,2025-09-29 16:37:00,Giáo dục,"Trước thông tin trên mạng xã hội cho rằng suất ăn trưa của học sinh Trường tiểu học Phan Chu Trinh (Đắk Lắk) có giá 37.000 đồng nhưng ít ỏi, nhà trường khẳng định đây là thông tin sai sự thật và sẽ đề nghị công an xác minh."
"TP.HCM chuẩn bị phương án học trực tuyến ứng phó bão, lũ",2025-09-29 16:24:00,Giáo dục,"Trưa 29.9, Sở GD-ĐT TP.HCM gửi công văn khẩn đến tất cả các trường học trên địa bàn 168 phường, xã, đặc khu về việc chủ động ứng phó, bão, lũ lụt."
Loạt lý do cần giao cho giám đốc sở GD-ĐT tuyển dụng giáo viên,2025-09-29 14:35:00,Giáo dục,"Bộ GD-ĐT tiếp tục đề xuất giao giám đốc sở GD-ĐT tuyển dụng, điều động giáo viên đồng thời nêu một loạt lý do cần thiết phải thực hiện chủ trương này."
Trường 'tổ chức dạy lúc cả tỉnh nghỉ tránh bão' đã cho học sinh nghỉ học,2025-09-29 12:13:00,Giáo dục,"Sau 1 buổi học và sau phản ánh của Thanh Niên, Trường liên cấp Trưng Vương (P.Nam Đông Hà, Quảng Trị) cho học sinh nghỉ học trong chiều nay 29.9."
"Gỡ khó tổ chức dạy học tích hợp, 2 buổi/ngày bằng AI",2025-09-29 09:32:00,Giáo dục,"PGS Nguyễn Xuân Thành, Hiệu trưởng Trường Bồi dưỡng cán bộ giáo dục Hà Nội, chỉ ra hàng loạt vấn đề mà AI có thể gỡ khó cho thầy cô và các nhà trường trong những nội dung còn lúng túng hiện nay như: tổ chức dạy học tích hợp, lựa chọn, 2 buổi/ngày..."
"Quảng Trị: Tỉnh cho học sinh nghỉ tránh bão, một trường vẫn tổ chức dạy học",2025-09-29 09:29:00,Giáo dục,"Mặc dù đã có văn bản của UBND tỉnh Quảng Trị, Sở GD-ĐT về việc cho học sinh nghỉ học tránh bão số 10 (bão Bualoi), một trường tư thục tại địa phương này vẫn tổ chức dạy học vào sáng nay 29.9."
"Lớp dự kiến chi hơn 54 triệu đồng, chia đều học sinh, hiệu trưởng yêu cầu trả lại",2025-09-29 09:24:00,Giáo dục,"Theo phản ánh của phụ huynh học sinh tại P.Tân Hưng (TP.HCM), ban đại diện cha mẹ học sinh của lớp thông báo các nội dung chi của năm học là hơn 54 triệu đồng, chia đều số tiền mỗi học sinh cần đóng. Hiệu trưởng nói gì về khoản thu và các nội dung chi này?"
"Tuyển giáo viên: Cạnh tranh cao, cơ hội chọn được người giỏi",2025-09-29 05:45:00,Giáo dục,"Năm học 2025 - 2026, lần đầu tiên sau sáp nhập, Sở GD-ĐT TP.HCM tổ chức tuyển giáo viên ở tất cả các cấp học từ mầm non đến THPT. Trong đó, nhiều môn có số ứng viên tham gia dự tuyển rất cao so với nhu cầu tuyển dụng."
Vì sao lạm thu vẫn dai dẳng?,2025-09-29 04:01:00,Chào ngày mới,Năm học 2025 - 2026 bắt đầu trong niềm vui của học sinh và phụ huynh khi chính sách miễn học phí từ mầm non đến hết THPT lần đầu được thực hiện trên cả nước; lương giáo viên sẽ được điều chỉnh tăng theo luật Nhà giáo; một số địa phương như Hà Nội hỗ trợ thêm tiền ăn trưa cho học sinh tiểu học.
"Phó hiệu trưởng mang tiền thăm học sinh bị ngộ độc, phụ huynh kiên quyết không nhận",2025-09-28 19:33:00,Giáo dục,"Liên quan đến vụ nghi ngộ độc thực phẩm tại Trường phổ thông dân tộc bán trú tiểu học Kim Thủy (Quảng Trị), có một tình huống gây chú ý là phụ huynh thẳng thắn từ chối nhận khoản tiền hỗ trợ mà phó hiệu trưởng mang đến bệnh viện thăm học sinh."
Doanh thu một đại học công lập tiến gần mốc 2.000 tỉ đồng,2025-09-28 15:31:00,Giáo dục,"Việt Nam hiện có 12 cơ sở đào tạo đại học (ĐH) có doanh thu nghìn tỉ, gồm 8 trường công lập và 4 trường tư thục. Trong đó, doanh thu một ĐH công lập đang tiến gần tới mốc 2.000 tỉ đồng/năm."
Vụ 'ngăn đưa học sinh bị ngộ độc đi bệnh viện': Phó hiệu trưởng giải thích gì?,2025-09-28 12:07:00,Giáo dục,"Bà Đỗ Thị Hồng Huế, Phó hiệu trưởng Trường phổ thông dân tộc bán trú tiểu học Kim Thủy (xã Kim Ngân, Quảng Trị)  nơi có học sinh bị nghi ngộ độc, cho rằng việc bà ngăn học sinh đi viện là để chờ ô tô chở thay vì xe máy."
Giữ tôn nghiêm trong giáo dục: Cần cơ chế hỗ trợ tâm lý hiệu quả,2025-09-28 11:12:00,Giáo dục,"Một số học sinh, thậm chí phụ huynh, nhầm lẫn giữa 'bình đẳng' với 'ngang hàng', giữa 'thân thiện' với 'suồng sã'. Hệ quả là các em dễ xem thầy cô như bạn bè, quên mất rằng mỗi bên có vai trò, trách nhiệm khác nhau trong môi trường giáo dục. Chính sự nhầm lẫn ấy đã vô tình làm mờ đi ranh giới cần thiết sự tôn nghiêm trong giáo dục."
"Đóng tiền mua tivi, máy chiếu, rèm cửa trong lớp, không biên lai, có đúng quy định?",2025-09-28 09:54:00,Giáo dục,"Nhiều phụ huynh bức xúc cho biết năm nào đi họp phụ huynh cũng thấy lớp kêu gọi các khoản đóng tiền 'tự nguyện' để mua tivi, máy chiếu, rèm cửa... nhưng không thấy biên lai, phiếu thu gì... Vậy thì có đúng quy định không?"
Xác minh việc phó hiệu trưởng ngăn đưa học sinh bị ngộ độc đi bệnh viện,2025-09-28 07:51:00,Giáo dục,"Một đoạn ghi âm kèm clip dài khoảng 44 giây xuất hiện trên mạng xã hội được cho là đã ghi lại lời nói của bà Đ.T.H.H, Phó hiệu trưởng Trường phổ thông dân tộc bán trú tiểu học Kim Thủy (Quảng Trị), ngăn cản việc đưa học sinh bị ngộ độc đi bệnh viện, đang gây xôn xao dư luận. Hiện cơ quan chức năng, chính quyền đang tiến hành xác minh."
Tỉnh Quảng Trị thông báo khẩn cho học sinh nghỉ học tránh bão số 10,2025-09-28 07:35:00,Giáo dục,"Quảng Trị cho toàn bộ học sinh, học viên nghỉ học ngày 29.9 để đảm bảo an toàn trước bão số 10; Sở GD-ĐT yêu cầu rà soát cơ sở vật chất, sẵn sàng sơ tán và khắc phục sau bão."
"Nhiều trường một nước châu Âu tuyển thẳng học sinh Việt Nam, học bổng hàng trăm triệu",2025-09-28 07:07:00,Giáo dục,"Nhiều ĐH Ireland đang tuyển thẳng học sinh Việt Nam đồng thời cung cấp đa dạng chương trình học bổng cho người Việt, trong bối cảnh một số điểm đến nói tiếng Anh khác thắt chặt chính sách visa (thị thực)."
Trường miền núi Đà Nẵng ứng phó bão số 10: Giữ an toàn tuyệt đối cho học trò,2025-09-28 06:26:00,Giáo dục,"Trước bão số 10, các trường miền núi TP.Đà Nẵng giữ học sinh ở lại nội trú, dự trữ lương thực và bố trí giáo viên túc trực để bảo đảm an toàn tuyệt đối."
Lễ kỷ niệm ở ngôi trường phổ thông có truyền thống 70 năm,2025-09-27 21:24:00,Giáo dục,"Tối nay 27.9, hàng ngàn học trò các thế hệ từ khắp mọi miền đất nước đã có mặt tại Trường THPT Trương Định (P.Long Thuận, tỉnh Đồng Tháp) để tham dự lễ kỷ niệm 70 năm thành lập trường."
Đề xuất xóa bỏ cấp trung gian trong quản lý giáo dục đại học,2025-09-27 18:54:00,Giáo dục,"Trong dự thảo nghị quyết của Quốc hội về một số cơ chế, chính sách đặc thù để thực hiện đột phá phát triển GD-ĐT, Bộ GD-ĐT đề xuất xóa bỏ cấp trung gian trong quản lý nhà nước về giáo dục đại học."
"Hiệu trưởng chia sẻ với sinh viên về lối sống xanh, bền vững trong lễ tốt nghiệp",2025-09-27 18:51:00,Giáo dục,"Trường ĐH Tài nguyên và Môi trường TP.HCM tổ chức lễ tốt nghiệp và trao bằng cho hơn 900 cử nhân, kỹ sư và thạc sĩ."
Khoản thu nào được phép trong trường học TP.HCM năm học 2025-2026?,2025-09-27 18:16:00,Giáo dục,"Học sinh các cấp học tại TP.HCM sắp kết thúc tháng đầu tiên của năm học 2025-2026. Ở nhiều nơi vẫn xảy ra tình trạng phụ huynh bức xúc về các khoản thu vô lý, không có trong quy định của Sở GD-ĐT."
ArtTech Fusion 2025: dấu ấn toàn cầu từ sự giao thoa nghệ thuật và công nghệ,2025-09-27 17:45:00,Giáo dục,"Sự kiện quốc tế ArtTech Fusion 2025 (ATF25) trong ba ngày (24-26.9) tại Đại học Kinh tế TP.HCM (UEH) đã để lại dấu ấn mạnh mẽ về sự kết nối giữa nghệ thuật, công nghệ và văn hóa toàn cầu."
"Hiệu trưởng 'đổ' vận động tài trợ cho ban đại diện CMHS, Sở GD-ĐT TP.HCM chỉ đạo khẩn",2025-09-27 15:07:00,Giáo dục,"Ngày 27.9, cán bộ của Sở GD-ĐT TP.HCM cho hay, qua ghi nhận cũng như báo cáo của một số trường học cho thấy có tình trạng hiệu trưởng 'đổ' việc vận động tài trợ do ban đại diện cha mẹ học sinh (CMHS) thực hiện. Do vậy Sở GD-ĐT TP.HCM đã có chỉ đạo khẩn về việc tổ chức vận động tài trợ trong nhà trường để đảm bảo việc thực hiện đúng quy định."
Tuyển giáo viên tại TP.HCM: Môn nào có tỷ lệ cạnh tranh cao?,2025-09-27 13:40:00,Giáo dục,"Trong 2 ngày 27 và 28.9, hơn 10.000 ứng viên tham gia kỳ tuyển dụng giáo viên do Sở GD-ĐT TP.HCM tổ chức."
"ĐH Mỹ 'rộng cửa' tuyển người Việt, nhiều trường mở học bổng riêng, thêm hỗ trợ",2025-09-27 10:50:00,Giáo dục,"Để thu hút sinh viên quốc tế trong bối cảnh hiện nay, nhiều ĐH Mỹ áp dụng chính sách tự động trao học bổng cho du học sinh Việt và hỗ trợ thêm cho các bạn khi nộp hồ sơ xin visa (thị thực)."
Sinh viên thiếu nhiều nền tảng về sở hữu trí tuệ,2025-09-27 07:09:00,Giáo dục,"Công tác tuyên truyền và giáo dục sở hữu trí tuệ trong các trường TC, CĐ vẫn còn thiếu đồng bộ, chưa có khung chương trình thống nhất, học liệu chuẩn và đội ngũ chuyên trách. Điều đó đặt ra yêu cầu phải có những giải pháp căn cơ, toàn diện và khả thi hơn."
Nam sinh Trường Phổ thông Năng khiếu giúp mọi người tự tin nói tiếng Anh,2025-09-27 06:20:00,Giáo dục,"Từng muốn thực hành nói tiếng Pháp thật nhiều nhưng không biết nói chuyện với ai, Duy nghĩ vậy thì có cách nào để kết nối cộng đồng, để những ai cùng sở thích sẽ cùng tham gia để nói tiếng Pháp, tiếng Anh hay tiếng Trung được không?"
Lưu ý mọi tình huống khi thi tốt nghiệp THPT trên máy tính,2025-09-27 06:06:00,Giáo dục,"Trong hội nghị tổng kết công tác tổ chức kỳ thi tốt nghiệp THPT năm 2025 và chuẩn bị kỳ thi tốt nghiệp THPT năm 2026 do Bộ GD-ĐT tổ chức chiều 26.9, đại diện các trường ĐH đề xuất các giải pháp thí điểm thi tốt nghiệp THPT trên máy tính."
Chuẩn bị lộ trình thi tốt nghiệp THPT trên máy tính,2025-09-27 05:45:00,Giáo dục,Kỳ thi tốt nghiệp THPT năm 2026 giữ ổn định như năm 2025 với một vài điều chỉnh để bảo đảm phù hợp với mô hình quản lý chính quyền địa phương 2 cấp và sắp xếp đơn vị hành chính cấp tỉnh.
Phát động cuộc thi Đấu trường toán học châu Á AIMO,2025-09-26 21:20:00,Giáo dục,Đấu trường toán học châu Á - AIMO năm 2026 dành cho học sinh từ lớp 2 đến lớp 12 trên toàn quốc đã chính thức được phát động.
Trường đại học 'liên minh' giúp sinh viên nhận thức giá trị của sản phẩm trí tuệ,2025-09-26 21:18:00,Giáo dục,"Liên minh Hợp tác sở hữu trí tuệ và Đổi mới sáng tạo do 5 cơ sở giáo dục đại học sáng lập, giúp sinh viên nhận thức sâu sắc về giá trị học thuật, về tác động xã hội của sản phẩm trí tuệ."
"Phổ cập THPT năm 2035, bổ nhiệm giám đốc sở GD-ĐT phải 'qua' Bộ GD-ĐT",2025-09-26 21:15:00,Giáo dục,"Bộ GD-ĐT đặt mục tiêu phổ cập THPT vào năm 2035 và dự kiến ban hành tiêu chuẩn giám đốc sở GD-ĐT, khi địa phương bổ nhiệm phải có ý kiến của Bộ GD-ĐT."
Nữ phi hành gia 'tú tài + 19',2025-09-26 21:00:00,Giáo dục,"Nữ phi hành gia Claudie Haigneré không chỉ nổi tiếng vì là phụ nữ Pháp đầu tiên bay vào vũ trụ, mà còn với 'cuộc phiêu lưu' chinh phục kiến thức, từ y khoa, sinh học đến kỹ thuật hàng không - không gian."
Từ ý định gác lại giấc mơ ĐH đến tấm bằng cử nhân Học viện Hàng không,2025-09-26 17:40:00,Giáo dục,"Đã có lúc từng nghĩ sẽ nhường cơ hội học ĐH cho em trai, thế nhưng hôm nay, sinh viên Tuấn Anh sắp cầm tấm bằng cử nhân trên tay, tự tin bước vào con đường lập nghiệp. Đằng sau sự kiên cường và quyết tâm ấy là hành trình đồng hành đầy nhân văn của Chương trình học bổng SAL."
Đưa AI vào dạy cho học sinh tiểu học: tránh đối đầu với rủi ro,2025-09-26 17:16:00,Giáo dục,"Viện trưởng Viện Công nghệ số và Chuyển đổi số quốc gia cho rằng đặt vấn đề đưa AI vào dạy cho học sinh tiểu học vào lúc này là đúng thời điểm, nhưng cần được làm đúng cách."
Bộ Nội vụ đề nghị các địa phương tuyển ngay giáo viên theo biên chế được giao,2025-09-26 16:28:00,Giáo dục,"Bộ Nội vụ đề nghị các tỉnh, thành thực hiện tuyển dụng ngay giáo viên tại các trường phổ thông, mầm non trong tổng số chỉ tiêu biên chế được giao theo quy định."
Giao diện bài thi tốt nghiệp THPT trên máy tính,2025-09-26 16:12:00,Giáo dục,"Bộ GD-ĐT công bố giao diện của bài thi tốt nghiệp THPT trên máy tính, dự kiến sẽ chính thức áp dụng cho kỳ thi tốt nghiệp THPT năm 2027."
"Tuyển sinh ĐH 2025: Có 6,7% thí sinh đăng ký trên 20 nguyện vọng",2025-09-26 15:59:00,Giáo dục,"Số liệu thống kê của Bộ GD-ĐT cho thấy, năm 2025 có 849.544 thí sinh tham gia xét tuyển với 7.615.560 nguyện vọng. Đáng chú ý, gần 30% thí sinh đăng ký trên 10 nguyện vọng (trong đó có tới 6,7% thí sinh đăng ký trên 20 nguyện vọng)."
Giữ tôn nghiêm trong giáo dục: Những 'bóng đen' công nghệ số,2025-09-26 15:52:00,Giáo dục,"Vụ việc một học sinh lớp 7 tại Hà Nội giật tóc cô giáo vì bị tịch thu đồ chơi tưởng chừng là hành động bột phát cá nhân, nhưng khi nhìn sâu hơn, đây lại là hồi chuông báo động về cách công nghệ số đang âm thầm định hình hành vi và nhận thức của trẻ."
"Thi tốt nghiệp THPT 2026: Bộ GD-ĐT dự kiến nhiều điểm mới, không còn thẻ dự thi",2025-09-26 15:18:00,Giáo dục,"Ngày 26.9, tại Trường ĐH Tôn Đức Thắng (TP.HCM), Bộ GD-ĐT tổ chức tổng kết công tác tổ chức kỳ thi tốt nghiệp THPT năm 2025 và công bố những thông tin mới chuẩn bị cho kỳ thi năm 2026."
Trường Đại học Công nghệ Sài Gòn tổ chức lễ khai giảng năm học 2025 – 2026,2025-09-26 14:00:00,Giáo dục,"Sáng 25.9.2025, Trường Đại học Công nghệ Sài Gòn (STU) đã long trọng tổ chức lễ khai giảng năm học 2025 – 2026."
"Bất ngờ với vườn rau sạch tự cung, thầy cô và sinh viên cùng chăm sóc",2025-09-26 13:52:00,Giáo dục,"Thầy cô và sinh viên Trường ĐH Y dược Cần Thơ đã biến khu đất cằn khô thành vườn rau sạch, vừa cung cấp thực phẩm an toàn vừa lan tỏa thông điệp sống xanh."
UOB Investment Challenge 2025 trở lại: Sân chơi chuyên nghiệp cho sinh viên đam mê đầu tư,2025-09-26 13:30:00,Giáo dục,"Tiếp nối thành công từ mùa đầu, UOB Investment Challenge 2025 trở lại với quy mô mở rộng, giải thưởng hấp dẫn và nội dung thực tiễn, hứa hẹn là sân chơi uy tín cho sinh viên đam mê tài chính – đầu tư."
"TP.HCM kiểm tra khoản thu, vận động tài trợ, xử lý nghiêm hiệu trưởng nếu sai phạm",2025-09-26 12:24:00,Giáo dục,"Sở GD-ĐT TP.HCM sẽ kiểm tra các  trường học về việc tổ chức các khoản thu, vận động tài trợ; đề xuất xử lý nghiêm trách nhiệm người đứng đầu và tổ chức, các cá nhân có liên quan để xảy ra sai phạm."
"Vận động phụ huynh tài trợ máy tính, tivi, Sở GD-ĐT chưa duyệt, hiệu trưởng nói gì?",2025-09-26 09:50:00,Giáo dục,"Phụ huynh học sinh một trường THPT tại TP.HCM phản ánh, mỗi học sinh phải 'đóng gấp' 700.000 đồng để trang thiết bị máy vi tính, tivi, loa kịp phục vụ việc học và 300.000 đồng tiền quỹ cha mẹ học sinh. Hiệu trưởng trường này giải thích gì trước những bức xúc nói trên?"
Nơm nớp học trong phòng 'chờ sập',2025-09-26 07:12:00,Giáo dục,"Nhiều phòng học tại cơ sở 2 Trung tâm Giáo dục nghề nghiệp - Giáo dục thường xuyên Mộ Đức (Quảng Ngãi) xuống cấp nghiêm trọng sau gần 30 năm sử dụng, khiến phụ huynh, học sinh nơm nớp lo sợ mỗi khi đến lớp."
"Xây dựng môi trường đầu tư giáo dục minh bạch, an toàn",2025-09-26 06:06:00,Giáo dục,"Những 'cú sốc tiền tỉ' diễn ra trong thời gian qua khiến nhiều người đặt câu hỏi làm sao để có một môi trường đầu tư minh bạch và an toàn, hỗ trợ tốt nhất cho phụ huynh, học sinh cũng như những nhà đầu tư giáo dục."
"Giữ tôn nghiêm trong giáo dục: Xây nền giáo dục nhân văn, khai phóng",2025-09-26 05:45:00,Giáo dục,"Trường học luôn là nơi thiêng liêng, nơi gieo mầm tri thức và rèn giũa nhân cách. Thế nhưng những năm gần đây, hình ảnh 'mái trường nhân văn' đang bị thử thách. Điều này đặt ra câu hỏi làm sao giữ vững được tôn nghiêm trong giáo dục?"
Thầy giáo Tây Ninh đạt IELTS 9.0: 'Luyện đề chỉ nên là giai đoạn cuối',2025-09-24 19:22:00,Giáo dục,"Bắt đầu tiếp xúc với tiếng Anh muộn hơn bạn bè đồng trang lứa, anh Nhật Đông đặt nguyện vọng trở thành giáo viên từ sớm, trải qua nhiều vị trí giảng dạy trước khi đạt kết quả IELTS 9.0 ở lần thi thứ năm."
"Bộ GD-ĐT đề xuất sáp nhập các trường mầm non, tiểu học có quy mô nhỏ",2025-09-24 18:41:00,Giáo dục,"Bộ GD-ĐT nêu nguyên tắc không sáp nhập trường mầm non với trường phổ thông; không sáp nhập cơ sở giáo dục thường xuyên với trường phổ thông khi sắp xếp lại các cơ sở giáo dục; đề xuất sáp nhập các trường mầm non, trường tiểu học có quy mô nhỏ trong cùng một xã."
Hiệu trưởng trả lời nhiều vấn đề thắc mắc của phụ huynh,2025-09-24 18:16:00,Giáo dục,Một phụ huynh ở TP.HCM gửi một số câu hỏi tới tòa soạn Báo Thanh Niên thắc mắc về nhiều vấn đề của một trường tiểu học. Hiệu trưởng nhà trường giải đáp các thông tin.
"TP.HCM: Đề xuất chính sách đồng bộ cho giáo dục, y tế xã đảo Thạnh An",2025-09-24 18:07:00,Thời sự,"Khảo sát của Ban VH-XH HĐND TP.HCM tại xã Cần Giờ và xã Thạnh An cho thấy học sinh, giáo viên xã đảo Thạnh An còn nhiều vất vả. Lãnh đạo HĐND TP.HCM ghi nhận và yêu cầu nghiên cứu mở rộng chính sách hỗ trợ giáo dục, y tế cho khu vực này."
"Nữ sinh khuyết tật nhận học bổng toàn phần, viết tiếp ước mơ đại học",2025-09-24 17:56:00,Giáo dục,"Nữ sinh viên mang di chứng liệt nửa người do viêm não, đã nhận học bổng toàn phần từ Đại học Duy Tân để tiếp tục ước mơ vào giảng đường."
Trao 30 tỉ đồng học bổng cho sinh viên thành tích cao,2025-09-24 17:05:00,Giáo dục,Một trường ĐH đã trao các mức học bổng trị giá từ 22-88 triệu đồng/suất cho hàng trăm sinh viên với tổng giá trị là 30 tỉ đồng.
Công thức tính lương tiết dạy của giảng viên đại học như thế nào?,2025-09-24 11:15:00,Giáo dục,Công thức tính lương tiết dạy của giảng viên đại học trong thông tư Bộ GD-ĐT mới ban hành là căn cứ để trường đại học tính lương những tiết dạy vượt quy định cho giảng viên.
Bỏ kỷ luật đình chỉ học tập: Có phải mềm tay với vi phạm?,2025-09-24 11:07:00,Giáo dục,"Trong nhiều năm qua, đình chỉ học tập từng là 'lá bùa trấn an' mỗi khi nhà trường đối diện một hành vi vượt chuẩn của học sinh. Thông tư 19/2025/TT-BGDĐT có hiệu lực từ 31.10.2025 thay thế quy định từ năm 1988, chính thức bỏ đình chỉ học tập khỏi khung kỷ luật học sinh đang gây ra nhiều ý kiến tranh luận."
Chủ tịch tỉnh Lâm Đồng chỉ đạo làm rõ vụ thực phẩm bẩn vào bếp bán trú,2025-09-24 10:38:00,Giáo dục,"Chủ tịch UBND tỉnh Lâm Đồng yêu cầu xử lý nhanh, làm rõ trách nhiệm cá nhân, tập thể trong vụ thực phẩm bẩn vào bữa ăn bán trú Trường tiểu học Trưng Vương (P.Xuân Hương - Đà Lạt), nhằm bảo đảm an toàn tuyệt đối cho học sinh."
Bộ GD-ĐT lý giải không trả lương dạy thêm quá 200 tiết/năm học,2025-09-24 09:08:00,Giáo dục,Bộ GD-ĐT quy định tổng số tiết dạy thêm trong một năm học của mỗi nhà giáo không quá 200 tiết.
Ước mơ thay đổi giáo dục vùng biên từ những ngôi trường nội trú,2025-09-24 06:25:00,Giáo dục,"Với tổng mức đầu tư hơn 1.200 tỉ đồng, 7 trường nội trú liên cấp sắp được xây dựng tại các xã biên giới tỉnh Gia Lai hứa hẹn sẽ giúp thay đổi bộ mặt giáo dục vùng biên, mang lại cơ hội vươn lên cho hàng ngàn học sinh đồng bào dân tộc thiểu số."
Lâu rồi chúng ta không nuôi dưỡng sự tôn nghiêm trong giáo dục,2025-09-24 06:05:00,Giáo dục,"Sự tôn nghiêm trong giáo dục đã mai một chưa? Nó còn không? Tôi vẫn tin rằng nó còn, nó vẫn ở đó thôi. Chỉ là lâu rồi chúng ta không ai nuôi dưỡng chúng, không chăm sóc nó."
"Giữ sự tôn nghiêm trong giáo dục: Kỷ luật không trừng phạt, nâng vị thế người thầy?",2025-09-24 05:45:00,Giáo dục,"Sau quá nhiều ồn ào về những vụ việc học sinh ứng xử thiếu chuẩn mực với giáo viên, Bộ GD-ĐT lý giải về việc kỷ luật nhẹ nhàng với học sinh, đồng thời hy vọng về vị thế, quyền lợi của người thầy sẽ được nâng lên khi luật Nhà giáo đi vào cuộc sống."
Nhà giáo không được trả tiền lương dạy thêm quá 200 tiết/năm học,2025-09-23 19:12:00,Giáo dục,Bộ GD-ĐT quy định tổng số tiết dạy thêm trong một năm học của mỗi nhà giáo được tính để trả tiền lương dạy thêm giờ là không quá 200 tiết.
Trường ĐH Nam Cần Thơ tăng đầu tư cơ sở vật chất,2025-09-23 17:45:00,Giáo dục,"Trường ĐH Nam Cần Thơ có cơ sở vật chất khang trang, hiện đại, quy tụ đông sinh viên trong ngoài nước học tập, nghiên cứu khoa học."
Cần tuyển 22.000 giáo viên để tiếng Anh thành ngôn ngữ thứ hai,2025-09-23 16:42:00,Giáo dục,"Bộ GD-ĐT cho biết, để tiếng Anh trở thành ngôn ngữ thứ hai trong trường học, cần bổ sung khoảng 22.000 giáo viên, đồng thời bồi dưỡng ít nhất 200.000 giáo viên có khả năng giảng dạy bằng tiếng Anh đến năm 2030."
"Acecook Happy Scholarship 2025: Lan tỏa hạnh phúc, chắp cánh ước mơ cho học sinh, sinh viên",2025-09-23 16:30:00,Giáo dục,"Với mong muốn đồng hành cùng sinh viên Việt Nam trên hành trình học tập và phát triển, Công ty Cổ phần Acecook Việt Nam đã tổ chức chương trình học bổng 'Acecook Happy Scholarship 2025', hướng đến trao tặng những phần quà ý nghĩa cho các bạn học sinh, sinh viên có tinh thần vượt khó, nỗ lực vươn lên trong học tập."
Hơn 10.000 ứng viên thi tuyển giáo viên dạy tại TP.HCM,2025-09-23 16:19:00,Giáo dục,"Ngày 23.9, theo thông tin từ Sở GD-ĐT TP.HCM, có 10.175 ứng viên đủ điều kiện trong số 10.562 hồ sơ xét tuyển tham dự vòng 2 quy trình tuyển giáo viên năm 2025-2026."
ĐH Kinh tế TP.HCM muốn nhận trụ sở ngàn tỉ đồng ở BR-VT làm cơ sở giáo dục,2025-09-23 14:37:00,Giáo dục,ĐH Kinh tế TP.HCM kiến nghị UBND TP.HCM giao Trung tâm Hành chính - Chính trị tỉnh Bà Rịa - Vũng Tàu để làm cơ sở giáo dục.
"Tôn nghiêm trong giáo dục: Không thể tách rời văn hóa gia đình, xã hội",2025-09-23 09:48:00,Giáo dục,"Văn hóa học đường không thể tách rời văn hóa gia đình trong việc giáo dục học sinh, gìn giữ sự tôn nghiêm trong giáo dục bởi mối quan hệ mật thiết giữa nhà trường, gia đình và xã hội;  trong đó gia đình là chiếc cầu nối tạo nên những điều tốt đẹp nhất dành cho các em."
"Nữ bếp trưởng U.60 trở lại giảng đường học nghề, nhận cơ hội sang Hungary học tập",2025-09-23 07:06:00,Giáo dục,"Ở tuổi 53, khi nhiều người đã chọn ổn định với công việc quen thuộc, bà Nguyễn Thị Quế, hiện là bếp trưởng tại một nhà hàng ở TP.HCM, quyết định trở lại giảng đường để tiếp tục theo học nghề."
Giữ sự tôn nghiêm trong giáo dục: 'Sóng ngầm' đe dọa cái uy của người thầy,2025-09-23 06:06:00,Giáo dục,"Khi một giáo viên bị tấn công, đặc biệt là ngay trong lớp học, bởi chính học sinh của mình, nơi lẽ ra phải là một không gian an toàn, cho thấy trường học không phải là một 'ốc đảo'. Trái lại nó chịu ảnh hưởng ngày càng rõ rệt bởi những yếu tố ngoài nhà trường."
"Học 2 buổi/ngày: Sở GD-ĐT TP.HCM yêu cầu rà soát, sắp xếp thời khóa biểu hợp lý",2025-09-23 05:50:00,Giáo dục,"Ngày 22.9, Sở GD-ĐT TP.HCM thông báo kết luận của Phó giám đốc Sở GD-ĐT Nguyễn Bảo Quốc sau 2 buổi họp góp ý kế hoạch giáo dục nhà trường năm học 2025 - 2026. Trong đó, với những nội dung về tổ chức dạy 2 buổi/ngày, các chương trình nhà trường…, Sở GD-ĐT yêu cầu các trường phải thực hiện đúng quy định."
Các khoản thu đầu năm học: Trường phải giải trình nếu tăng mức thu,2025-09-23 05:45:00,Giáo dục,"Năm học 2025 - 2026 là năm học đầu tiên của TP.HCM sau sáp nhập và gần 3.500 trường thực hiện theo danh mục các khoản thu, các dịch vụ hỗ trợ hoạt động giáo dục."
Các trường nghề tự chủ tài chính không thuộc diện bị sắp xếp,2025-09-22 20:22:00,Giáo dục,"Chính phủ yêu cầu các địa phương sắp xếp cơ sở GD-ĐT để mỗi tỉnh thành có không quá 3 trường dạy nghề, nhưng trường tự đảm bảo chi thường xuyên thì không thuộc diện bị sắp xếp."
TP.HCM: Trường tiểu học Vĩnh Tân đã có 100 bộ bàn ghế mới,2025-09-22 19:00:00,Giáo dục,"Trường tiểu học Vĩnh Tân (TP.HCM) sử dụng bàn ghế cũ, xuống cấp do số lượng học sinh tăng đột biến, Chủ tịch UBND TP.HCM Nguyễn Văn Được đã có chỉ đạo khẩn và ngay trong ngày 22.9, trường đã tiếp nhận 100 bộ bàn ghế mới."
"Giáo viên nói gì trước thông tư mới về kỷ luật, khen thưởng học sinh?",2025-09-22 18:46:00,Giáo dục,"Các giáo viên chia sẻ góc nhìn của họ về Thông tư 19/2025/TT-BGDĐT của Bộ GD-ĐT quy định về khen thưởng và kỷ luật học sinh, thay cho Thông tư số 08/TT từ năm 1988."
TP.HCM: Cứu nam thanh niên bị đột quỵ khi đang chơi đá bóng,2025-10-16 14:12:00,Sức khỏe,"Trong lúc đang chơi đá bóng với bạn trên sân được khoảng 45 phút thì nam thanh niên L.Đ.B (30 tuổi, ở Củ Chi, TP.HCM) đột ngột cảm thấy chóng mặt, mất thăng bằng, rồi ngã gục trên sân trước sự ngỡ ngàng của đồng đội."
Bệnh viện Đại học Y Dược TP.HCM đạt cột mốc 100 ca TAVI thành công,2025-10-16 13:02:00,Sức khỏe,"Sáng 16.10, Bệnh viện Đại học Y Dược TP.HCM tổ chức lễ kỷ niệm 100 ca thay van động mạch chủ qua ống thông (TAVI - Transcatheter Aortic Valve Implantation) thành công, đánh dấu bước tiến quan trọng trong điều trị bệnh lý van tim tại Việt Nam."
Người huyết áp cao cần chú ý gì để tránh suy thận?,2025-10-16 08:04:00,Sức khỏe,"Khi huyết áp tăng, áp lực trong mạch máu thận cũng tăng theo. Hệ quả làm tổn thương các mạch máu cầu thận. Qua thời gian, các tổn thương này khiến thận mất dần chức năng lọc máu, dẫn đến suy thận."
Điều trị bệnh trĩ không phẫu thuật,2025-10-16 07:06:00,Sức khỏe,"Bệnh trĩ là bệnh lý phổ biến nhưng việc điều trị sai cách, theo những thông tin lan truyền trên mạng xã hội có thể dẫn đến những biến chứng nghiêm trọng. Đặc biệt, không phải cứ mắc bệnh trĩ là cần phẫu thuật cắt trĩ."
Hậu quả trước mắt và lâu dài khi uống trực tiếp nước máy mỗi ngày,2025-10-16 04:10:00,Sức khỏe,"Tưởng chừng sạch vì trong veo và không mùi, nước máy vẫn có thể là nguồn gây hại âm thầm cho sức khỏe nếu được dùng để uống trực tiếp mỗi ngày."
Ngày mới với tin tức sức khỏe: Làm gì để tránh suy thận?,2025-10-16 00:10:00,Sức khỏe,"'Khi huyết áp tăng, áp lực trong mạch máu thận cũng tăng theo. Hệ quả làm tổn thương các mạch máu cầu thận'. Hãy bắt đầu ngày mới với tin tức sức khỏe để xem thêm nội dung bài viết này!"
Uống dầu cá omega-3 mỗi ngày: Lưu ý quan trọng từ bác sĩ,2025-10-16 00:09:00,Sức khỏe,"Bác sĩ Erica Park, chuyên về tiêu hóa, gan và dinh dưỡng tại Bệnh viện Wexner và Trường Y Đại học Bang Ohio (Mỹ), cho biết: Dầu cá omega-3 là chất béo thiết yếu, hỗ trợ mọi thứ từ tuần hoàn máu đến chức năng não bộ."
3 hành động thực hiện lúc đói bụng vô tình gây hại sức khỏe,2025-10-16 00:08:00,Sức khỏe,"Bụng đói là trạng thái mà dạ dày không có thực phẩm bên trong, a xít dạ dày tăng cao và dễ bị căng thẳng. Trong trạng thái này, một số hành động có thể vô tình gây phản ứng tiêu cực với cơ thể."
Loại tiếng ồn có thể giúp ngủ ngon hơn,2025-10-16 00:07:00,Sức khỏe,"Có nhiều lựa chọn tiếng ồn hỗ trợ ngủ ngon, nhưng loại tiếng ồn nào mới thật sự giúp bạn ngủ một mạch đến sáng?"
Đà Nẵng có dự án bệnh viện đa khoa quốc tế hơn 670 tỉ đồng,2025-10-15 17:35:00,Sức khỏe,"Ban Quản lý các khu kinh tế và khu công nghiệp Quảng Nam (thuộc UBND TP.Đà Nẵng) đã chấp thuận chủ trương đầu tư dự án bệnh viện đa khoa quốc tế hơn 670 tỉ, quy mô 300 giường bệnh."
"Tốn 65 triệu đồng, mũi hoại tử vì tin thầy phong thủy đổi vận",2025-10-15 16:09:00,Sức khỏe,"Bệnh nhân K. (43 tuổi, ở Lạng Sơn) đến bệnh viện cấp cứu trong tình trạng mũi hoại tử, sưng tấy, đỏ tím, vùng sống mũi đã bắt đầu có dấu hiệu hoại tử, vùng da đen sần sùi ăn thủng mũi."
Nghiên cứu: Tìm ra cách điều trị ung thư giai đoạn cuối,2025-10-15 15:45:00,Sức khỏe,"Ung thư giai đoạn cuối thường kháng thuốc và trở nên cực kỳ hung hãn, rất khó điều trị."
Cứu cụ ông 72 tuổi bất ngờ ngừng tim tại sảnh bệnh viện,2025-10-15 14:26:00,Sức khỏe,"Một cụ ông 72 tuổi ở Quảng Trị đưa người nhà đi khám mắt, bất ngờ ngừng tim tại sảnh bệnh viện đã may mắn được cứu sống."
Cứu sống bệnh nhân nguy kịch do xuất huyết não kèm thuyên tắc phổi,2025-10-15 11:57:00,Sức khỏe,"Nam bệnh nhân (58 tuổi, quốc tịch Campuchia) nhập viện trong tình huống 'ngàn cân treo sợi tóc', xuất huyết não kèm thuyên tắc phổi cấp - hai tình trạng cấp cứu nguy kịch có thể gây tử vong chỉ trong vài phút nếu không được xử trí kịp thời."
Khi nước máy đội lốt nước uống tinh khiết: Mối nguy tiềm ẩn cho sức khỏe,2025-10-15 11:32:00,Sức khỏe,"Trên thị trường hiện nay, không ít người tiêu dùng tin tưởng rằng các loại nước uống đóng chai, đóng bình được dán nhãn tinh khiết hoặc khoáng thiên nhiên là an toàn tuyệt đối."
"NAPAS, Mastercard, Payoo tặng gói tầm soát ung thư, xét nghiệm HPV cho phụ nữ yếu thế",2025-10-15 11:23:00,Khỏe đẹp mỗi ngày,"Ngày 13.10.2025, Công ty Cổ phần Thanh toán Quốc gia Việt Nam (NAPAS), Mastercard và Công ty Cổ phần Dịch vụ Trực tuyến Cộng Đồng Việt (Payoo) tiếp tục phối hợp thực hiện chương trình an sinh xã hội ‘Chạm sẻ chia, Trao hy vọng’ năm thứ ba liên tiếp."
"Thói quen uống đồ nóng có liên quan đến một loại ung thư, bạn có mắc phải?",2025-10-15 08:13:00,Sức khỏe,"Năm 2016, Cơ quan Nghiên cứu Ung thư Quốc tế (IARC) phân loại: Việc uống đồ uống rất nóng (trên 65 độ C) có thể gây ung thư cho con người, cụ thể là ung thư thực quản."
"Ung thư đại tràng có di truyền không, phòng ngừa thế nào?",2025-10-15 04:07:00,Sức khỏe,"Ung thư đại tràng hiện là một trong những bệnh ung thư phổ biến nhất trên toàn cầu. Nhiều bạn đọc thắc mắc trong gia đình có nhiều người cùng mắc bệnh, liệu ung thư đại tràng có di truyền hay không?"
"Ngoài đi bộ, đâu là bài tập giúp giảm huyết áp tốt nhất?",2025-10-15 00:09:00,Sức khỏe,"Đi bộ đều đặn là cách rất tốt để giảm huyết áp. Bên cạnh đó, cũng có những bài tập khác có tác động mạnh hơn giúp kiểm soát huyết áp hiệu quả."
"Món cay lạ miệng không ngờ có thể hạ huyết áp, cholesterol và đường huyết",2025-10-15 00:08:00,Sức khỏe,"Kim chi không ngờ lại mang nhiều lợi ích cho sức khỏe. Đặc biệt, nghiên cứu mới vừa được công bố trên tạp chí khoa học Nutrition Reviews, đã phát hiện kim chi có thể cải thiện đường huyết, hạ huyết áp."
4 bài tập đơn giản giúp nam giới trung niên giữ cơ bắp săn chắc,2025-10-15 00:07:00,Sức khỏe,"Sau tuổi 40, khối lượng cơ của nam giới có thể giảm trung bình 3-8% mỗi 10 năm. Nguyên nhân chủ yếu do sự suy giảm hoóc môn nam testosterone, giảm hoạt động thể chất và quá trình lão hóa tự nhiên."
TP.HCM: Gãy xương mũi sau cú vung vợt pickleball của đồng đội,2025-10-14 14:49:00,Sức khỏe,"Nam bệnh nhân P. (35 tuổi, ở TP.HCM) trong lúc chơi pickleball thì bất ngờ bị vợt của đồng đội đánh trúng giữa mũi, gây chảy máu, sưng nề; nhập viện, bác sĩ chẩn đoán gãy xương mũi."
4 loại trái cây quen thuộc giúp ngăn ngừa ung thư,2025-10-14 14:27:00,Sức khỏe,"Chế độ ăn giàu trái cây là yếu tố rất quan trọng giúp cơ thể chống lại ung thư. Trái cây chứa nhiều chất chống ô xy hóa, vitamin và hợp chất sinh học giúp giảm tổn thương ADN, ngăn sự phát triển của tế bào ung thư."
Chuyên gia gợi ý thời điểm tốt nhất để uống dầu cá omega-3,2025-10-14 09:24:00,Sức khỏe,"Dầu cá omega-3 đóng vai trò quan trọng trong sức khỏe, từ giảm viêm, hạ huyết áp, giảm mức triglyceride, bảo vệ sức khỏe tim mạch, đến giảm viêm khớp, hỗ trợ điều trị ung thư đại trực tràng, cải thiện tâm trạng..."
"Bụng to như có song thai, đi khám phát hiện khối u tử cung 8 kg",2025-10-14 08:54:00,Sức khỏe,"Một phụ nữ ở Cần Thơ nhập viện vì bụng to bất thường, như mang song thai tháng cuối. Kết quả khám cho thấy bà có khối u tử cung khổng lồ."
Ứng dụng AI chẩn đoán ung thư phổi,2025-10-14 08:39:00,Sức khỏe,"Tại Việt Nam, ung thư phổi hiện đứng thứ 3 về tỷ lệ mắc và thứ 2 về tử vong do ung thư."
Thiếu bác sĩ chuyên khoa tâm thần trên cả nước,2025-10-14 07:29:00,Sức khỏe,"Tại Việt Nam, hiện tỷ lệ khoảng 0,62 bác sĩ tâm thần/100.000 dân, trong khi con số trung bình toàn cầu là 1,7 bác sĩ. Thực trạng thiếu hụt nhân lực chuyên khoa tâm thần đang trở thành rào cản lớn trong công tác điều trị, nhất là khi tỷ lệ rối loạn tâm thần ngày càng tăng cao."
Cảnh báo rủi ro sức khỏe khi tự ý bỏ thuốc vì… tin AI!,2025-10-14 04:02:00,Sức khỏe,"Bệnh nhân nữ V.K.P.A (38 tuổi, ở TP.HCM) bị rối loạn lipid máu, tự ý bỏ thuốc theo thông tin không kiểm chứng từ AI, thay bằng thảo dược được quảng cáo là 'giảm mỡ máu tự nhiên' trên mạng xã hội."
Ngày mới với tin tức sức khỏe: Dùng dầu cá omega-3 sao cho tốt nhất?,2025-10-14 00:10:00,Sức khỏe,"'Nguyên tắc hàng đầu là luôn uống dầu cá cùng với thức ăn, tốt nhất là thức ăn có chứa chất béo'. Hãy bắt đầu ngày mới với tin tức sức khỏe để xem thêm nội dung bài viết này!"
"Chuyên gia: Chỉ 1 - 2 tép tỏi mỗi ngày làm điều bất ngờ cho tim, gan của bạn!",2025-10-14 00:09:00,Sức khỏe,"Tỏi chứa nhiều hợp chất hoạt tính sinh học có thể mang lại lợi ích cho sức khỏe tim mạch và miễn dịch. Đặc biệt, tiêu thụ tỏi thường xuyên có thể tác động mạnh mẽ đến hệ tim mạch và quá trình chuyển hóa của cơ thể."
3 chất bổ sung hàng đầu cho người muốn tăng cơ ngoài protein,2025-10-14 00:08:00,Sức khỏe,"Khi muốn tăng cơ, 2 yếu tố nền tảng vẫn là dinh dưỡng và cường độ tập. Để tối ưu hiệu quả tăng cơ, bên cạnh chế độ ăn cân bằng, nhiều người đã tìm đến thực phẩm bổ sung."
Cô gái 17 tuổi ngất xỉu sau thời gian dài chỉ ăn vài thìa cơm mỗi bữa,2025-10-13 19:05:00,Sức khỏe,"Cô gái 17 tuổi đã phải nhập viện tại Viện Sức khỏe tâm thần (Bệnh viện Bạch Mai) do ngất xỉu vì kiệt sức sau thời gian dài chỉ ăn vài thìa cơm mỗi bữa, ăn rất ít thịt và sụt đến 20 kg."
"Giải pháp tiên tiến hỗ trợ điều trị tiểu đường, thừa cân đã có tại Long Châu",2025-10-13 17:30:00,Sức khỏe,"Long Châu và tập đoàn dược phẩm Đan Mạch, tiên phong mang giải pháp điều trị tiên tiến trên thế giới đến Việt Nam. Liệu pháp dành cho người bệnh tiểu đường type 2, giúp kiểm soát đường huyết, giảm cân và bảo vệ tim mạch, thận."
Vì sao huyết áp tăng cao lại gây chảy máu mũi ồ ạt?,2025-10-13 16:55:00,Sức khỏe,"Uống thuốc không thường xuyên, không tái khám mà dùng lại toa cũ, chị V. (48 tuổi, ở TP.HCM), đột ngột chảy máu mũi không ngừng do huyết áp tăng cao."
Phát hiện tác dụng bất ngờ của cà phê chỉ xảy ra ở nam giới,2025-10-13 15:50:00,Sức khỏe,"Cà phê từ lâu đã trở thành đồ uống không thể thiếu của rất nhiều người, không chỉ giúp tỉnh táo mà còn mang lại nhiều lợi ích cho sức khỏe."
Không nên uống nước sau khi ăn trái cây vì những lý do sau,2025-10-13 15:01:00,Sức khỏe,"Thói quen uống nước ngay sau khi ăn trái cây có thể làm nặng bụng, giảm khả năng tiêu hóa và hấp thụ dinh dưỡng."
Phát hiện mới: Điều đáng lo gì xảy ra khi cơ thể thiếu nước?,2025-10-13 12:05:00,Sức khỏe,"Cơ thể mất nước từ lâu được biết là nguyên nhân gây đau đầu, mệt mỏi, giảm tập trung."
Muốn giảm cân nhanh cần đi bộ với tốc độ bao nhiêu?,2025-10-13 04:01:00,Sức khỏe,"Đi bộ là hình thức vận động dễ thực hiện nhưng tác động mạnh đến giảm cân. Tuy nhiên, nhiều người đi bộ hằng ngày lại không thấy cân nặng thay đổi. Nguyên nhân có thể do tốc độ chưa đạt đến ngưỡng đốt mỡ tối ưu."
Thực phẩm nào có thể làm lây nhiễm giun sán?,2025-10-13 03:43:00,Sức khỏe,"Đường lây nhiễm ký sinh trùng thường gặp là: ăn uống không đảm bảo vệ sinh, lây qua da và vệ sinh cá nhân kém."
Ngày mới với tin tức sức khỏe: Điều gì xảy ra khi cơ thể thiếu nước?,2025-10-13 00:11:00,Sức khỏe,Phát hiện mới: Điều gì xảy ra khi cơ thể thiếu nước? là một trong những thông tin chính trên Thanh Niên Online đến với bạn trong Ngày mới với tin tức sức khỏe hôm nay 13.10.
"Mỗi ngày 1 viên dầu cá omega-3: Có lợi gì cho huyết áp, mỡ máu?",2025-10-13 00:09:00,Sức khỏe,"Dầu cá omega-3 từ lâu nổi tiếng với hàng loạt lợi ích cho sức khỏe, đặc biệt là đối với sức khỏe tim. Vậy đối với những căn bệnh tim hàng đầu như huyết áp cao, mỡ máu cao, đau tim và đột quỵ, liệu uống dầu cá mỗi ngày có giúp ích gì không?"
4 điều cần ngừng làm ở tuổi 40 để bảo vệ sức khỏe,2025-10-13 00:08:00,Sức khỏe,"Khi vào độ tuổi 30, nhiều thói quen tưởng như 'vô hại' khi còn trẻ bắt đầu để lại dấu vết lâu dài lên sức khỏe. Nếu tiếp tục duy trì những thói quen này đến tuổi 40, nguy cơ mắc bệnh sẽ tăng rất cao."
Mỗi năm Bảo hiểm y tế chi trả hơn 7.500 tỉ đồng thuốc điều trị ung thư,2025-10-12 16:33:00,Sức khỏe,Giải chạy 'Hành trình tiếp sức' lần 2 gây quỹ hỗ trợ người bệnh ung thư có hoàn cảnh khó khăn trên cả nước được Bệnh viện K tổ chức sáng 12.10.
Uống thuốc bao nhiêu nước là đủ để hấp thu hiệu quả?,2025-10-12 16:27:00,Sức khỏe,"Gần đây, các bác sĩ đã nhấn mạnh tầm quan trọng của việc uống đủ nước khi dùng thuốc đường uống để giúp thuốc được hấp thu tốt hơn, giảm kích ứng và bảo vệ sức khỏe đường tiêu hóa."
Báo động đỏ toàn viện cứu 7 người bị tai nạn giao thông nghiêm trọng,2025-10-12 11:35:00,Sức khỏe,7 người trong 2 gia đình ở Quảng Ngãi thuê xe chở ra Đà Nẵng khám bệnh thì không may bị tai nạn nghiêm trọng. Bệnh viện đa khoa Quảng Nam đã kích hoạt báo động đỏ toàn viện để cấp cứu các nạn nhân sau khi tiếp nhận.
"Bản lĩnh doanh nhân trẻ Nguyễn Thị Như Lan, Giám đốc Bệnh viện Nam An",2025-10-12 11:27:00,Sức khỏe,"Trong những năm gần đây, ngành y tế thẩm mỹ Việt Nam trỗi dậy mạnh mẽ nhưng vẫn chịu nhiều định kiến từ xã hội. Trong đó nổi bật phải nhắc đến chị Nguyễn Thị Như Lan, Giám đốc điều hành Bệnh viện Nam An."
"Uống nước ép nào giúp hạ huyết áp, ngừa ung thư?",2025-10-12 10:39:00,Sức khỏe,"Với huyết áp cao và ung thư thì thuốc điều trị đóng vai trò chính. Bên cạnh đó, nhiều nghiên cứu cho thấy chế độ ăn uống giàu chất chống ô xy hóa, enzyme tự nhiên có thể giúp cải thiện tình trạng bệnh và ngừa tái phát."
4 dấu hiệu thận yếu dễ bị bỏ qua ở người dưới 30 tuổi,2025-10-12 07:06:00,Sức khỏe,"Ở tuổi 30, nhiều người không để ý rằng thận có thể đang chịu tổn thương. Phớt lờ các dấu hiệu ban đầu có thể dẫn đến bệnh thận mạn tính, suy thận hoặc các biến chứng nghiêm trọng."
Thức khuya ảnh hưởng gan ra sao?,2025-10-12 07:02:00,Sức khỏe,"Thông thường, chúng ta nghĩ rằng thức khuya ảnh hưởng chủ yếu đến hệ thần kinh, tim mạch hoặc tâm trạng. Nhưng chưa dừng lại ở đó, thức khuya cũng có thể gây tổn thương gan."
Tại sao hội chứng ADHD ở nữ giới thường bị chẩn đoán sai?,2025-10-12 04:05:00,Sức khỏe,"Không chỉ bé trai, nhiều bé gái và phụ nữ trưởng thành cũng mắc hội chứng rối loạn tăng động giảm chú ý (ADHD), nhưng thường bị bỏ sót hoặc chẩn đoán muộn."
"Top 10 kem chống nắng đi biển ngừa sạm đen, lâu trôi dù nắng gắt cỡ nào",2025-10-11 21:20:00,Làm đẹp,"Bạn đang tìm kem chống nắng đi biển vừa bảo vệ da tối ưu ngăn ngừa cháy nắng, sạm đen vừa kháng nước tốt, lâu trôi mà bảo vệ môi trường, không gây hại cho rạn san hô. Vậy hãy tham khảo ngay top 10 kem chống nắng đi biển đang có lượt bán cao hàng đầu hiện nay. Giúp làn da của bạn vẫn trắng hồng, tươi trẻ dù nắng gắt cỡ nào đi nữa."
Phẫu thuật cấy thiết bị kích thích dây thần kinh phế vị đầu tiên tại Việt Nam,2025-10-11 20:40:00,Sức khỏe,Bệnh viện Đại học Y Dược TP.HCM thực hiện thành công ca phẫu thuật cấy thiết bị kích thích dây thần kinh phế vị (VNS) đầu tiên tại Việt Nam trên người bệnh động kinh kháng thuốc.
"Người trẻ mắc trĩ gia tăng, do thói quen lướt mạng khi đi vệ sinh",2025-10-11 18:10:00,Sức khỏe,"Xem iPad, điện thoại khi đi vệ sinh là thói quen xấu, làm gia tăng mắc bệnh trĩ."
Dược sĩ lâm sàng: Một trong những trụ cột chăm sóc sức khỏe toàn diện,2025-10-11 16:36:00,Sức khỏe,"Ngày 10.10, Bệnh viện Đại học Y Dược TP.HCM đã tổ chức hội nghị khoa học với chủ đề 'Dược sĩ lâm sàng trong kỷ nguyên y học cá thể hóa', thu hút sự quan tâm của hơn 750 chuyên gia, dược sĩ, bác sĩ."
Huyết áp cao có nên uống nước dừa?,2025-10-11 14:21:00,Sức khỏe,"Nước dừa chứa lượng kali tương đối cao. Một ly nước dừa khoảng 240 ml có thể cung cấp 500 mg kali. Đây là một chất điện giải quan trọng giúp cân bằng natri và góp phần giãn mạch, mang lại tác động tích cực với huyết áp."
Bác sĩ 24/7: Tiêm vắc xin sốt xuất huyết bao nhiêu mũi mới hiệu quả?,2025-10-11 13:11:00,Sức khỏe,"'Con tôi năm nay 14 tuổi, cho tôi hỏi lứa tuổi này có thể tiêm vắc xin phòng sốt xuất huyết không? Nếu tiêm thì tiêm bao nhiêu mũi, cảm ơn bác sĩ!'. (B.Quyên, ở TP.HCM)."
5 loại thuốc nên hạn chế uống chung với cà phê,2025-10-11 11:51:00,Sức khỏe,"Cà phê giàu caffeine, một chất kích thích hệ thần kinh trung ương. Tuy nhiên, khi gặp một số vấn đề sức khỏe thì sự kết hợp giữa cà phê và thuốc có thể dẫn đến tương tác không mong muốn."
"Chuyên gia: Uống dầu cá omega-3 kèm 5 món này, lợi ích tăng bất ngờ",2025-10-11 08:09:00,Sức khỏe,"Dầu cá omega-3 rất tốt cho sức khỏe, tuy nhiên, ít ai biết rằng để cơ thể hấp thụ tối đa dưỡng chất này, cách uống và kết hợp thực phẩm lại đóng vai trò quan trọng."
"Vì sao mùa thu nên ăn uống thanh đạm, bổ sung thực phẩm bổ phế?",2025-10-11 04:08:00,Sức khỏe,"Mùa thu mang đến tiết trời mát mẻ nhưng cũng ẩn chứa nhiều yếu tố bất lợi cho sức khỏe đối với người có hệ miễn dịch kém. Do đó chúng ta cần chú ý ăn uống thanh đạm, tập luyện nhẹ nhàng, ngủ nghỉ hợp lý..."
"Muốn giảm huyết áp một cách tự nhiên, bác sĩ dặn hãy ăn sáng món này",2025-10-11 00:09:00,Sức khỏe,"Tăng huyết áp thường không gây ra triệu chứng rõ ràng, nhưng lại làm tăng nguy cơ mắc các biến chứng sức khỏe nghiêm trọng. Tin vui là một số món ăn sáng có thể giúp giảm huyết áp một cách tự nhiên và hiệu quả."
4 dấu hiệu cảnh báo cơ thể đang bị mất cơ nhanh chóng,2025-10-11 00:08:00,Sức khỏe,"Mất cơ không chỉ ảnh hưởng đến ngoại hình mà còn làm chậm quá trình trao đổi chất, tăng mệt mỏi và khiến nhiều hoạt động hằng ngày trở nên khó khăn hơn. Tình trạng này có thể dẫn đến dễ té ngã, gãy xương, chuyển hóa kém."
Chuyên gia: 4 dấu hiệu trong nước tiểu tiết lộ thận đang kêu cứu,2025-10-11 00:07:00,Sức khỏe,"Bệnh thận thường tiến triển âm thầm, thường được phát hiện khi đã ở giai đoạn nặng, gây suy thận hoặc đe dọa tính mạng."
Lần đầu phẫu thuật ca chấn thương hàm mặt tại Côn Đảo,2025-10-10 16:55:00,Sức khỏe,Bệnh nhân bị chấn thương hàm mặt lần đầu được khám và phẫu thuật ngay tại Trung tâm y tế Quân dân y Côn Đảo. Ca phẫu thuật vừa được thực hiện hôm nay 10.10.
"Đồng hành Báo Công Thương, Long Châu chia sẻ giải pháp 'kiểm tra kép' bảo vệ sức khỏe cộng đồng",2025-10-10 11:00:00,Sức khỏe,"Ngày 9.10.2025, tại Trung tâm Hội nghị Quốc tế (11 Lê Hồng Phong, Hà Nội), Báo Công Thương phối hợp với các bộ, ngành, hiệp hội và cộng đồng doanh nghiệp tổ chức Diễn đàn 'Công nghệ định danh và truy xuất nguồn gốc – nâng tầm hàng Việt'."
Bác sĩ Việt công bố nghiên cứu mới trên tạp chí nhãn khoa hàng đầu thế giới,2025-10-10 10:05:00,Sức khỏe,"Nghiên cứu về kỹ thuật vi phẫu, giải pháp tối ưu hóa an toàn trong phẫu thuật đục thủy tinh thể của bác sĩ chuyên khoa 2 Hoàng Trung Kiên và các cộng sự vừa được công bố trên tạp chí nhãn khoa hàng đầu thế giới."
Ngủ cùng thú cưng: Tiềm ẩn nhiều nguy cơ về sức khỏe,2025-10-10 09:06:00,Sức khỏe,"Ngủ cùng thú cưng có thể mang lại những lợi ích tinh thần, nhưng người nuôi cần phải cẩn thận với các nguy cơ bệnh tật tiềm ẩn."
"Đà Nẵng: Lấy khối u hiếm gặp từng khiến bệnh nhân ‘nhắm mắt, đi cúi người’",2025-10-10 09:05:00,Sức khỏe,"Các bác sĩ tại Bệnh viện đa khoa Quảng Nam (TP.Đà Nẵng) vừa phẫu thuật lấy khối u chứa vi khuẩn nấm hiếm gặp, giúp bệnh nhân thoát khỏi tình trạng đau vùng trán, đầu và phải nhắm mắt, đi cúi người..."
FV thực hiện ca can thiệp sử dụng khí CO₂ chụp mạch đầu tiên tại Việt Nam,2025-10-10 08:39:00,Sức khỏe,"Trước đây, nhiều bệnh nhân đã phải chấp nhận nguy cơ độc thận, biến chứng do thuốc cản quang trong quá trình can thiệp điều trị bệnh mạch máu, làm kéo dài thời gian nằm viện và tăng chi phí điều trị."
Chuyên gia: Thời điểm 'vàng' ăn trứng giúp giảm cân nhanh,2025-10-10 08:08:00,Sức khỏe,"Trứng là thực phẩm bổ dưỡng, giàu protein và vitamin cần thiết cho cơ thể. Tuy nhiên, ít ai biết rằng ngoài lợi ích tăng cường sức khỏe, trứng còn có thể hỗ trợ giảm cân hiệu quả, nếu ăn vào đúng thời điểm 'vàng' trong ngày."
"Bác sĩ: Lợi ích tuyệt vời của hạt ý dĩ, tốt cho tiêu hóa, chống ung thư",2025-10-10 04:09:00,Sức khỏe,"Bên cạnh việc điều trị ung thư theo y học hiện đại, việc kết hợp y học cổ truyền đúng cách, trong đó có sử dụng hạt ý dĩ, có thể mang lại lợi ích thiết thực trong phòng ngừa và hỗ trợ điều trị ung thư."
Ngày mới với tin tức sức khỏe: Cách ăn trứng giúp giảm cân,2025-10-10 00:10:00,Sức khỏe,"'Ít ai biết rằng ngoài lợi ích tăng cường sức khỏe, trứng còn có thể hỗ trợ giảm cân hiệu quả, nếu ăn vào đúng thời điểm 'vàng' trong ngày'. Hãy bắt đầu ngày mới với tin tức sức khỏe để xem thêm nội dung bài viết này!"
Dấu hiệu liên quan đến nước tiểu cảnh báo ung thư thận,2025-10-10 00:09:00,Sức khỏe,"Bệnh thận đang gia tăng nhanh chóng trên toàn cầu, trở thành mối lo ngại lớn về sức khỏe. Điều đáng nói, một chứng bệnh phổ biến lại có thể là dấu hiệu cảnh báo ung thư thận."
Cần tập thể dục với cường độ thế nào để an toàn cho sức khỏe?,2025-10-10 00:08:00,Sức khỏe,"Tập thể dục thường xuyên mang lại rất nhiều lợi ích, từ giảm nguy cơ bệnh tim, tiểu đường cho đến tăng tuổi thọ. Tuy nhiên, không phải cứ tập nhiều là tốt. Vận động quá mức sẽ gây tác động tiêu cực đến cơ thể."
Những thói quen âm thầm làm tăng nguy cơ mắc tiểu đường,2025-10-10 00:07:00,Sức khỏe,"Tình trạng tiền tiểu đường là lượng đường trong máu cao hơn mức bình thường, có thể dẫn đến bệnh tiểu đường loại 2 nếu không được kiểm soát."
Chuyên gia chỉ mẹo uống nước chanh để tối đa hóa lợi ích,2025-10-09 20:08:00,Sức khỏe,"Uống nước chanh tưởng chừng đơn giản, nhưng nếu làm không đúng cách có thể làm giảm hiệu quả hoặc gây hại cho răng và dạ dày."
"Uống nước dừa đúng thời điểm, lợi ích tăng bất ngờ",2025-10-09 16:13:00,Sức khỏe,Nước dừa là loại thức uống tự nhiên chứa nhiều dưỡng chất có lợi cho sức khỏe.
Ra mắt cơ sở cấp cứu ngoại viện chuẩn quốc tế tại Phú Quốc,2025-10-09 15:41:00,Sức khỏe,"Sự ra đời của Cơ sở cấp cứu ngoại viện đặc khu Phú Quốc giúp rút ngắn thời gian tiếp cận cấp cứu xuống mức tối thiểu, đảm bảo an toàn y tế tối đa cho người dân và du khách."
Các nhà khoa học tạo ra 'vũ khí tàng hình' tiêu diệt ung thư,2025-10-09 15:29:00,Sức khỏe,Một nghiên cứu mới vừa được công bố trên tạp chí Nature Communications đã hé lộ bước đột phá trong lĩnh vực miễn dịch học: Các nhà khoa học đã tạo ra loại tế bào miễn dịch 'vô hình' có thể tiêu diệt ung thư.
Thêm tác dụng bất ngờ của ca cao,2025-10-09 11:53:00,Sức khỏe,"Dù không thể thay thế chu trình chăm sóc da, nhưng ca cao vẫn mang lại lợi ích thật sự cho làn da của bạn."
Alo bác sĩ nghe: 7 dấu hiệu cảnh báo mạch máu đang bị tắc nghẽn,2025-10-09 08:17:00,Sức khỏe,"'Thưa bác sĩ, tôi đang điều trị tiểu đường loại 2. Xin hỏi, những dấu hiệu nào cảnh báo mạch máu của tôi đang bị tắc nghẽn? Nếu gặp tình trạng này, tôi cần làm gì để phòng ngừa?'. (Thủy Tâm, 47 tuổi, ở Cần Thơ)."
Thói quen nhỏ sau khi ăn không ngờ rất quan trọng để ngừa đột quỵ,2025-10-09 07:36:00,Sức khỏe,"Đột quỵ là nguyên nhân hàng đầu gây tử vong và tàn phế trên toàn cầu, có thể xảy ra bất ngờ ngay cả ở người trẻ."
Điều gì xảy ra với cơ thể khi ăn trứng mỗi ngày?,2025-10-09 05:49:00,Sức khỏe,"Trứng là nguồn protein phổ biến nhưng từng gây tranh cãi do chứa nhiều cholesterol. Tuy nhiên, các nghiên cứu gần đây cho thấy ăn trứng hằng ngày không chỉ an toàn mà còn mang lại nhiều lợi ích cho tim, não, mắt, cơ, xương."
4 thói quen trước bữa trưa giúp tăng tốc giảm cân,2025-10-09 05:37:00,Sức khỏe,"Giảm cân không chỉ phụ thuộc vào việc ăn gì mà còn vào cách chuẩn bị trước bữa ăn. Những hành động tưởng chừng nhỏ trước giờ ăn trưa có thể ảnh hưởng đáng kể đến cảm giác đói, trao đổi chất và lượng calo hấp thụ."
Cứu sống trẻ bị ong đốt 35 mũi nguy kịch,2025-10-09 04:26:00,Sức khỏe,"Trên đường về nhà, một bé trai (ở Gia Lai) lấy đá ném vào tổ ong trên cây, khiến đàn ong bay ra tấn công nhóm trẻ. Trong đó, có một trẻ tử vong, trẻ A.T (4 tuổi) bị đốt 35 mũi nguy kịch được chuyển lên Bệnh viện Nhi đồng Thành phố (TP.HCM), trẻ còn lại nhẹ hơn được điều trị tại địa phương."
Rối loạn tâm thần do thảm họa,2025-10-09 04:13:00,Sức khỏe,"Tại VN, theo Bộ Y tế, khoảng 15% dân số mắc các rối loạn tâm thần phổ biến. 'Tiếp cận dịch vụ - Sức khỏe tâm thần trong thảm họa và tình huống khẩn cấp' là chủ đề của ngày Sức khỏe tâm thần thế giới 10.10 năm nay."
Hà Nội sẽ có thêm 800 giường bệnh nhi khoa,2025-10-08 17:22:00,Sức khỏe,"Bệnh viện Nhi Hà Nội sẽ mở rộng quy mô lên 1.000 giường bệnh, đáp ứng nhu cầu điều trị cho các bệnh nhi Hà Nội và các tỉnh lân cận."
4 cách ăn đậu xanh tốt nhất cho người tiểu đường,2025-10-08 14:51:00,Sức khỏe,Với người mắc bệnh tiểu đường thì kiểm soát lượng đường huyết sau bữa ăn là vô cùng quan trọng. Đậu xanh với thành phần dinh dưỡng lành mạnh sẽ giúp cải thiện khả năng kiểm soát đường huyết sau bữa ăn.
Các loại thực phẩm giúp cơ thể săn chắc hơn sau tuổi 50,2025-10-08 09:16:00,Sức khỏe,"Cá béo, rau lá xanh, trứng... là những thực phẩm được chuyên gia khuyên dùng nhằm giúp xây dựng cơ bắp, hỗ trợ sức khỏe tim mạch và giữ cơ thể khỏe mạnh sau tuổi 50."
"Muốn ngừa đột quỵ, sống thọ hơn, hãy thêm chút dầu này vào tách cà phê!",2025-10-08 08:16:00,Sức khỏe,Cà phê pha cùng dầu ô liu đang trở thành xu hướng mới trong giới dinh dưỡng nhờ hương vị độc đáo và chứa nhiều hợp chất tốt cho sức khỏe.
Túi mật 'lên tiếng' - dấu hiệu sớm không nên bỏ qua,2025-10-08 07:34:00,Sức khỏe,"Túi mật là túi nhỏ hình quả lê, nằm dưới gan, chứa dịch mật giúp cơ thể phân giải chất béo. Nếu bộ phận này gặp vấn đề, người bệnh có thể gặp phải các triệu chứng cơ bản sau."
Nhiều ca bệnh ngộ độc thuốc do sử dụng sai liều,2025-10-08 04:04:00,Sức khỏe,"Khoa Điều trị bệnh da nam giới Bệnh viện Da liễu T.Ư (Hà Nội) vừa qua liên tục tiếp nhận các bệnh nhân (BN) ngộ độc methotrexate cấp tính, do uống thuốc sai liều, sai lịch."
Ngày mới với tin tức sức khỏe: Bác sĩ chỉ cách uống cà phê tốt hơn,2025-10-08 00:10:00,Sức khỏe,'Uống cà phê pha cùng dầu ô liu có thể giúp giảm viêm và ngăn ngừa nhiều bệnh mạn tính'. Hãy bắt đầu ngày mới với tin tức sức khỏe để xem thêm nội dung bài viết này!
Những loại rau củ bổ dưỡng hơn khi nấu chín,2025-10-08 00:09:00,Sức khỏe,"Rau củ là nguồn thực phẩm không thể thiếu trong chế độ ăn hàng ngày, mang đến nhiều dưỡng chất giúp cơ thể khỏe mạnh, giảm nguy cơ mắc bệnh."
"Rốt cuộc nên ngủ có gối hay không gối, câu trả lời từ chuyên gia",2025-10-08 00:08:00,Sức khỏe,"Ngủ với gối hay không tưởng là chuyện vặt nhưng lại có thể ảnh hưởng trực tiếp đến đau cổ, lưng, độ cứng khớp và hơn hết là sức khỏe cột sống lâu dài."
4 bài tập giúp giảm mỡ đùi cực kỳ hiệu quả,2025-10-08 00:07:00,Sức khỏe,"Mỡ đùi là một trong những vùng khó giảm nhất trên cơ thể, đặc biệt với phụ nữ. Nguyên nhân chủ yếu do ít vận động, chế độ ăn nhiều đường bột, yếu tố di truyền khiến mỡ tập trung nhiều ở phần dưới cơ thể."
Hội nghị ANSCI 2025: Cập nhật những tiến bộ trong khoa học thần kinh,2025-10-07 21:11:00,Sức khỏe,"Vừa qua, tại Bệnh viện Đại học Y Dược TP.HCM diễn ra Hội nghị Khoa học Thần kinh ANSCI 2025 với chủ đề 'Các tiến bộ trong khoa học thần kinh và ứng dụng lâm sàng'."
"Ngày nào cũng 1 ly nước chanh: Điều gì xảy ra cho tim, thận, não?",2025-10-07 20:49:00,Sức khỏe,"Chanh chứa hàm lượng cao vitamin C, flavonoid, kali và chất xơ - những hợp chất có hoạt tính chống oxy hóa, chống viêm và tăng cường miễn dịch."
Thu hồi toàn quốc 3 mỹ phẩm là hàng giả,2025-10-07 16:48:00,Sức khỏe,"3 mỹ phẩm thuộc nhãn hàng Vinamake đã bị đình chỉ, thu hồi toàn quốc, sau khi Phòng Cảnh sát kinh tế Công an tỉnh Phú Thọ kết luận là hàng giả."
Sản phụ đẻ rơi tại nhà được bác sĩ kịp thời hỗ trợ,2025-10-07 15:54:00,Sức khỏe,Một bác sĩ của Bệnh viện đa khoa Thanh Vũ Medic Bạc Liêu vừa kịp thời giúp đỡ một sản phụ đẻ rơi tại nhà.
Chung tay vì sức khỏe trẻ em Việt Nam,2025-10-07 15:45:00,Sức khỏe,"Hội Bảo vệ quyền trẻ em Việt Nam phối hợp với Đoàn Thanh niên Bộ Y tế, Đoàn Thanh niên Bệnh viện Nhi Trung ương, Nhà thuốc Pharmacity, Công ty cổ phần MHD Pharma đã tổ chức chương trình ""Trung thu vui khỏe cho em"" nhằm mang Tết Trung thu ấm áp đến 350 trẻ em và người cao tuổi tại Trung tâm Phục hồi chức năng người khuyết tật Thụy An và Trung tâm Bảo trợ Xã hội số 1, Hà Nội."
"Bác sĩ giảm 20 kg/năm, đảo ngược gan nhiễm mỡ gọi tên cà phê đen và trứng",2025-10-07 15:25:00,Sức khỏe,"Một bác sĩ nổi tiếng đã giảm 20 kg trong một năm, đảo ngược tình trạng gan nhiễm mỡ mức độ nặng sau khi kiểm soát dinh dưỡng và tập luyện đều đặn."
Hàu sữa có gì mà được mệnh danh là 'nhân sâm của biển'?,2025-10-07 12:31:00,Sức khỏe,"Hàu sữa là loại hải sản được đánh giá cao về hàm lượng dinh dưỡng, đặc biệt là hàm lượng kẽm và protein."
"Khát nước dữ dội, bệnh gì?",2025-10-07 11:01:00,Sức khỏe,"Suốt gần 1 năm luôn trong tình trạng khát nước dữ dội, mỗi ngày uống tới hơn 10 lít nước, đi tiểu gần 20 lần, người đàn ông 38 tuổi ở Hà Nội phải đến khám tại cơ sở y tế."
Đột phá: Xét nghiệm máu mới phát hiện sớm ung thư trước 10 năm,2025-10-07 08:08:00,Sức khỏe,"Ung thư là một trong những nguyên nhân gây tử vong hàng đầu trên toàn cầu. Phát hiện sớm ung thư đóng vai trò cực kỳ quan trọng, giúp tăng khả năng điều trị thành công, giảm biến chứng và kéo dài sự sống cho người bệnh."
Bác sĩ cảnh báo tư thế ngồi khiến dân văn phòng 'già xương' nhanh hơn,2025-10-07 04:03:00,Sức khỏe,"Không ít người trẻ, đặc biệt là dân văn phòng đã sớm phải đối mặt với tình trạng thoái hóa, tổn thương cột sống sớm do thói quen ngồi sai tư thế kéo dài."
Ly nước ép đẹp mắt ai cũng thích không ngờ là khắc tinh của ung thư,2025-10-07 00:09:00,Sức khỏe,"Ung thư đại trực tràng đang ngày càng gia tăng, đặc biệt là ở người trẻ dưới 55 tuổi. Tuy nhiên, nhiều yếu tố nguy cơ có thể điều chỉnh được, trong đó có chế độ ăn."
Đột quỵ ở người trẻ: Khoa học chỉ ra nhóm máu có nguy cơ cao hơn,2025-10-07 00:08:00,Sức khỏe,"Trong nghiên cứu được công bố trên tạp chí Neurology, các nhà khoa học đã phát hiện mối liên hệ đáng ngạc nhiên giữa nhóm máu và nguy cơ đột quỵ, đặc biệt là ở người trẻ."
"Làm sao để bổ sung chất xơ mà không đầy hơi, khó chịu?",2025-10-07 00:07:00,Sức khỏe,"Chất xơ là một dưỡng chất quan trọng có vai trò hỗ trợ hệ tiêu hóa, giúp quản lý cân nặng hiệu quả và giảm nguy cơ mắc các bệnh mạn tính như tiểu đường hay tim mạch."
Alo bác sĩ nghe: Không thay bàn chải đánh răng thường xuyên hại sức khỏe thế nào?,2025-10-06 15:53:00,Sức khỏe,"'Thưa bác sĩ, cho em hỏi bao lâu nên thay bàn chải đánh răng một lần? Nếu để lâu ngày quên không thay thì có gây hại gì không?'. (Trường Thắng, 25 tuổi, ở TP.HCM)."
"Trào lưu thải độc gan, thận: Đừng để mong muốn thải độc thành 'nạp độc'!",2025-10-06 13:38:00,Sức khỏe,"Gần đây nhiều loại nước uống, thảo dược hoặc sản phẩm được quảng cáo và lan truyền rộng rãi với tác dụng 'thải độc' để làm sạch gan và thận. Vậy, điều này liệu có đáng tin và chính xác về mặt y học?"
Người trung niên tập thể dục buổi sáng hay buổi tối tốt hơn?,2025-10-06 10:06:00,Sức khỏe,"Ở độ tuổi trung niên, cơ thể bắt đầu trải qua nhiều thay đổi, từ trao đổi chất chậm hơn đến biến động hoóc môn. Để tối ưu hóa lợi ích tập luyện, người trung niên cần chọn thời điểm tập phù hợp."
Sẽ thành lập Trường đại học Y dược Bạch Mai,2025-10-06 08:10:00,Sức khỏe,Lễ đón nhận Cờ thi đua của Chính phủ và khai giảng năm học 2025 - 2026 của Trường cao đẳng Y tế Bạch Mai được Bệnh viện (BV) Bạch Mai (Hà Nội) tổ chức chiều 4.10.
Chanh dây và chanh ta: loại nào tốt hơn cho sức khỏe?,2025-10-06 07:02:00,Sức khỏe,"Khi nói đến trái cây có lợi cho sức khỏe, chúng ta thường nghĩ ngay đến cam, táo hay chuối. Tuy nhiên, trong số các loại trái cây nhiệt đới, chanh dây và chanh ta cũng giàu dưỡng chất và có lợi nhiều mặt cho sức khỏe."
Bác sĩ: Uống nhiều nước 'ginger shot' có tốt không?,2025-10-06 04:03:00,Sức khỏe,"Vài năm gần đây, xu hướng uống 'ginger shot' - một loại nước ép gừng pha với nước cốt chanh, hoặc với các loại nước ép khác, đang được ưa chuộng và quảng bá rộng qua mạng xã hội. Vậy thức uống này có tốt cho sức khỏe không?"
"4 triệu chứng ban đêm tiết lộ thận yếu, chớ bỏ qua!",2025-10-06 00:10:00,Sức khỏe,"Ban đêm rất quan trọng để phát hiện những vấn đề về thận khi các chức năng cơ thể thay đổi, bộc lộ những vấn đề không dễ nhận thấy vào ban ngày. Bỏ qua các triệu chứng này có thể dẫn đến các biến chứng nghiêm trọng."
Ngày mới với tin tức sức khỏe: Tập thể dục buổi sáng hay buổi tối tốt hơn?,2025-10-06 00:10:00,Sức khỏe,Người trung niên tập thể dục buổi sáng hay buổi tối tốt hơn? là một trong những thông tin chính trên Thanh Niên Online đến với bạn trong Ngày mới với tin tức sức khỏe hôm nay 6.10.
'Vi khuẩn ác mộng' gia tăng ở Mỹ nguy hiểm cỡ nào?,2025-10-06 00:08:00,Sức khỏe,"Gần đây, số ca mắc 'vi khuẩn ác mộng' đang gia tăng trên khắp nước Mỹ. Vậy, chính xác 'vi khuẩn ác mộng' là gì?"
Bác sĩ: Những ai có nguy cơ đau tim tăng gấp đôi vào ban đêm?,2025-10-06 00:07:00,Sức khỏe,Bác sĩ tim mạch giải thích có một thời điểm nhạy cảm trong ngày mà nguy cơ đau tim tăng gấp đôi - vào lúc mà mạch máu co thắt và huyết áp tăng đột biến.
"Bác sĩ: Vì sao ung thư dạ dày, đại trực tràng ngày càng trẻ hóa?",2025-10-05 17:39:00,Sức khỏe,"Thức ăn nhanh, rượu bia, thuốc lá và lối sống ít vận động... đang khiến ung thư dạ dày, đại trực tràng ngày càng gia tăng và trẻ hóa."
"Thử uống nước ép dứa mỗi ngày, kết quả có thể khiến bạn ngạc nhiên!",2025-10-05 11:39:00,Sức khỏe,"Nước ép dứa là loại thức uống thơm ngon, đồng thời cũng là nguồn dinh dưỡng dồi dào mang lại nhiều lợi ích tuyệt vời cho sức khỏe."
"Nếu thấy một người đột quỵ, bạn cần làm gì?",2025-10-05 08:14:00,Sức khỏe,Kỹ năng sơ cứu không phải là thứ dành riêng cho bác sĩ. Nó là 'tấm khiên' an toàn cho chính bạn và những người xung quanh.
Hà Nội triển khai điều tra về bệnh không lây nhiễm trong dân cư,2025-10-05 06:08:00,Sức khỏe,"Theo Trung tâm kiểm soát bệnh tật (CDC) Hà Nội, từ tháng 9 - 11.2025, trung tâm triển khai điều tra trên địa bàn thành phố nhằm đánh giá kết quả hoạt động phòng chống bệnh không lây nhiễm giai đoạn 2022 - 2025, đồng thời xây dựng kế hoạch phòng và kiểm soát bệnh không lây nhiễm giai đoạn tiếp theo."
Uống chanh pha muối hạt mỗi ngày: Rủi ro tiềm ẩn với sức khỏe,2025-10-05 04:07:00,Sức khỏe,"Một lượng nhỏ nước chanh pha muối hạt có thể có lợi cho cơ thể, nhưng uống mỗi ngày ngược lại sẽ gây ra nhiều ảnh hưởng tiêu cực."
Đạp xe nhẹ nhàng: Bí quyết giữ tim mạch khỏe mạnh sau tuổi 50,2025-10-05 00:08:00,Sức khỏe,"Khi bước qua tuổi 50, tim mạch bắt đầu trải qua những thay đổi tự nhiên như giảm độ đàn hồi mạch máu, hiệu suất bơm máu, tăng nguy cơ mắc bệnh. Duy trì vận động đều đặn trở thành chìa khóa quan trọng cho tim khỏe mạnh."
5 sai lầm hít đất dễ gây chấn thương vai,2025-10-05 00:07:00,Sức khỏe,"Hít đất là bài tập thể lực cực kỳ phổ biến, không cần dụng cụ, giúp rèn cơ ngực, vai, tay sau và cơ cốt lõi. Tuy nhiên, vì tưởng đơn giản, nhiều người thực hiện hít đất với kỹ thuật sai, dẫn đến chấn thương."
Ai sẽ dễ bị ngừng tim khi chạy bộ?,2025-10-04 21:53:00,Sức khỏe,"Chạy bộ là hình thức tập luyện phổ biến, dễ thực hiện và mang lại rất nhiều lợi ích cho sức khỏe. Tuy nhiên, có một số trường hợp, cả chuyên nghiệp và phong trào, chạy bộ có thể gây ngừng tim."
"Rối loạn cảm xúc, dễ khóc dễ cười, trầm cảm sau đột quỵ",2025-10-04 18:33:00,Sức khỏe,"Nhiều người sau đột quỵ gặp biến chứng như rối loạn cảm xúc như dễ khóc, dễ cười, trầm cảm, hoặc rối loạn nhận thức, trí nhớ suy giảm, thậm chí có thể mắc hội chứng sa sút trí tuệ do mạch máu."
Tác dụng bất ngờ của đậu xanh với đường huyết,2025-10-04 16:30:00,Sức khỏe,"Đậu xanh là loại thực vật giàu dinh dưỡng, mang nhiều lợi ích sức khỏe đã được khoa học chứng minh. Loại đậu này không chỉ là nguồn protein thực vật chất lượng mà còn giàu hoạt chất sinh học giúp kiểm soát đường huyết và huyết áp."
Hệ thống nhà thuốc và Trung tâm tiêm chủng Long Châu vinh danh tại Better Choice Awards 2025,2025-10-04 13:30:00,Sức khỏe,Hệ thống nhà thuốc và Trung tâm tiêm chủng Long Châu được vinh danh tại Better Choice Awards năm 2025 với giải thưởng 'Giải pháp đột phá về y tế số và chăm sóc sức khỏe'. Sự kiện diễn ra tại Trung tâm Đổi mới sáng tạo Quốc gia cơ sở Hòa Lạc (NIC) vào tối ngày 3.10.2025.
"10 năm uống thuốc tránh thai, người phụ nữ cấp cứu do ruột non hoại tử",2025-10-04 13:15:00,Sức khỏe,"Đau bụng dữ dội, chị S. (44 tuổi) được đưa đi cấp cứu trong tình trạng nguy kịch, tại bệnh viện, các bác sĩ phát hiện đoạn ruột non hoại tử, gây nên biến chứng nghiêm trọng."
Bác sĩ: 'Uống chanh pha muối hạt trị nhiều bệnh' là không có cơ sở khoa học,2025-10-04 12:29:00,Sức khỏe,"Trào lưu 'chanh pha muối', 'đi chân trần', 'phơi nắng' được quảng bá như cách chữa nhiều bệnh là không có cơ sở khoa học và có thể gây hại nếu áp dụng."
Bệnh viện Đà Nẵng thực hiện thành công cặp ghép gan do vợ hiến tạng cho chồng,2025-10-04 11:54:00,Sức khỏe,Bệnh viện Đà Nẵng vừa thực hiện thành công ca ghép gan đầu tiên trên người hiến sống.
Long Châu được vinh danh tại Better Choice Awards 2025,2025-10-04 11:30:00,Sức khỏe,Hệ thống nhà thuốc và trung tâm tiêm chủng Long Châu vừa được vinh danh tại Better Choice Awards năm 2025 với giải thưởng 'Giải pháp đột phá về y tế số và chăm sóc sức khỏe'.
"Long Châu được vinh danh ""Top 10 Thương hiệu Tăng trưởng ấn tượng"" tại Thương hiệu Mạnh Việt Nam 2025",2025-10-04 11:30:00,Sức khỏe,"Ngày 2.10.2025, Hệ thống nhà thuốc và Trung tâm tiêm chủng Long Châu được vinh danh 'Top 10 Thương hiệu Tăng trưởng ấn tượng' tại chương trình Thương hiệu Mạnh Việt Nam lần thứ 22 do Tạp chí Kinh tế Việt Nam – VnEconomy tổ chức."
Lợi ích sức khỏe bất ngờ của khoai lang tím với đường huyết,2025-10-04 09:18:00,Sức khỏe,"Khoai lang tím có chỉ số đường huyết thấp, thậm chí còn thấp hơn cả khoai lang cam. Ngoài ra, khoai lang tím giàu anthocyanin và các chất chống ô xy hóa khác, có lợi cho kiểm soát đường huyết, kháng viêm, cải thiện sức khỏe chuyển hóa."
Viện Vệ sinh dịch tễ T.Ư nghiên cứu về bệnh truyền nhiễm mới nổi và tái nổi,2025-10-04 07:44:00,Sức khỏe,Lễ kỷ niệm 80 năm ngày truyền thống Viện Vệ sinh dịch tễ T.Ư (3.10.1945 - 3.10.2025) đã được tổ chức chiều 2.10 tại Hà Nội.
Không phát hiện thuốc giả tại các cơ sở khám chữa bệnh,2025-10-04 06:10:00,Sức khỏe,"Ông Tạ Mạnh Hùng, Phó cục trưởng Cục Quản lý dược (Bộ Y tế), vừa ký ban hành quyết định thu hồi trên toàn quốc lô thuốc Cốm pha hỗn dịch uống Pyfaclor Kid (Cefaclor 125 mg), số GĐKLH VD-26427-17, số lô 410923, NSX 13.9.2023, HD 13.9.2026, do Công ty CP dược phẩm Pymepharco sản xuất."
"Muốn hạ huyết áp và bảo vệ tim mạch, nên uống loại nước ép nào?",2025-10-04 05:35:00,Sức khỏe,"Cà chua được xếp vào nhóm các loại thực phẩm có lợi cho sức khỏe tim mạch. Điều này là nhờ cà chua chứa nhiều hợp chất sinh học tác động tích cực đến mạch máu, huyết áp và lipid máu."
4 bài tập tốt nhất giúp cải thiện gan nhiễm mỡ,2025-10-04 05:29:00,Sức khỏe,"Gan nhiễm mỡ đang trở thành một trong những rối loạn phổ biến nhất trên thế giới. Ngoài chế độ ăn uống lành mạnh và kiểm soát cân nặng, tập thể dục được xem là một liệu pháp không dùng thuốc hiệu quả để giảm mỡ gan."
4 yếu tố nguy hiểm nhất khiến người trẻ dễ bị suy thận,2025-10-04 05:18:00,Sức khỏe,"Trong vài thập kỷ gần đây, tỷ lệ các trường hợp mắc bệnh thận mạn tính và tổn thương thận cấp đang gia tăng trong nhóm trẻ tuổi. Do đó, một bộ phận người trẻ sẽ có nguy cơ không nhỏ với bệnh thận."
Người tiểu đường ăn chuối thế nào để có lợi cho sức khỏe?,2025-10-03 14:00:00,Sức khỏe,"Chuối thường bị xem là loại trái cây mà người tiểu đường cần tránh vì giàu đường tự nhiên. Tuy nhiên, nếu biết cách chọn loại chuối, ăn đúng thời điểm thì hoàn toàn có thể đưa vào chế độ ăn của người tiểu đường."
"Bác sĩ: Người bệnh cảm mạo nên ăn, uống gì để mau khỏe?",2025-10-03 11:20:00,Sức khỏe,"Trong quá trình chăm sóc người bệnh cảm mạo, các món ăn kết hợp giữa thực phẩm quen thuộc và dược liệu được xem là phương pháp đơn giản, an toàn, dễ áp dụng tại gia đình, giúp giảm nhẹ triệu chứng và hỗ trợ phục hồi sức khỏe."
"Tưởng đau đầu do thay đổi thời tiết, hóa ra là u não tái phát",2025-10-03 09:25:00,Sức khỏe,"Vài ngày trước nhập viện, N.S (23 tuổi, ở Củ Chi, TP.HCM) cảm thấy đau đầu âm ỉ, mệt mỏi. Tuy nhiên, gia đình cũng chỉ nghĩ đó là những cơn đau đầu bình thường do căng thẳng hoặc thay đổi thời tiết"
"Điều trị u tử cung không xâm lấn, bảo tồn chức năng sinh sản",2025-10-03 08:07:00,Sức khỏe,"Theo GS-TS Nguyễn Viết Tiến, nguyên Giám đốc Bệnh viện Phụ sản T.Ư, Phó chủ tịch Tổng hội Y học VN, các khối u phụ khoa gây ảnh hưởng lớn đến sức khỏe và chất lượng sống của phụ nữ."
Tác động bất ngờ của sữa đậu nành với mỡ máu,2025-10-03 06:32:00,Sức khỏe,"Sữa đậu nành được ưa chuộng nhờ ưu điểm ít chất béo bão hòa và chứa protein thực vật. Chưa dừng lại ở đó, loại sữa này còn ảnh hưởng đến các chỉ số cholesterol và chất béo trung tính trong máu."
Cảnh báo trào lưu 'ngâm mông dưỡng sinh',2025-10-03 04:06:00,Sức khỏe,"Ngâm mông bằng nước thảo dược được quảng cáo 'để dưỡng sinh, giúp lưu thông khí huyết, giảm đau bụng kinh, hỗ trợ sức khỏe phụ khoa'. Trào lưu này đang được các chị em thực hiện theo lan truyền trên mạng xã hội thực chất không có tác dụng điều trị mà còn làm tăng nguy cơ viêm nhiễm."
Loại dầu ăn 'mới mà cũ' có thể giúp giảm cân và thu nhỏ vòng eo,2025-10-03 00:09:00,Sức khỏe,"Béo bụng và thừa cân là gánh nặng sức khỏe toàn cầu, làm tăng nguy cơ mắc bệnh tim mạch, tiểu đường và ung thư. Tìm ra những biện pháp đơn giản nhưng hiệu quả để giảm cân luôn là ưu tiên trong nghiên cứu dinh dưỡng."
Cảnh báo: Đột quỵ không phải tự nhiên mà đến!,2025-10-03 00:08:00,Sức khỏe,"Nhiều người vẫn nghĩ rằng đau tim, đột quỵ hay suy tim thường xảy ra bất ngờ, không có dấu hiệu báo trước."
"TP.HCM: Vì sao mùa này nhiều trẻ ho sổ mũi, mệt mỏi, sốt cao dài ngày?",2025-10-02 17:52:00,Sức khỏe,"Những ngày này, nhiều trẻ em gặp biểu hiện điển hình như sốt cao kéo dài, mệt mỏi lừ đừ. Số liệu thống kê các bệnh viện nhi cũng cho thấy số ca bệnh đường hô hấp, nhiễm siêu vi tăng nhẹ so với tháng trước."
"Ra mắt 2 ấn phẩm chuyên khoa da liễu: Dấu ấn học thuật, thực hành lâm sàng",2025-10-02 17:07:00,Sức khỏe,"Chiều 2.10, tại Bệnh viện Đại học Y Dược TP.HCM, Khoa Da liễu - Thẩm mỹ da đã tổ chức lễ ra mắt hai công trình học thuật chuyên sâu 'Bệnh da bọng nước tự miễn'; 'Thủ thuật và Phẫu thuật trong chuyên ngành da liễu'."
"Thực hư trào lưu chữa bệnh bằng ‘phơi nắng, đi chân đất, uống chanh muối hạt’",2025-10-02 15:06:00,Sức khỏe,"Quan điểm ‘bỏ thuốc tây, thay vào đó hãy phơi nắng, đi chân trần, hít thở sâu kết hợp uống chanh muối hạt mỗi ngày giúp trị khỏi nhiều loại bệnh’ đang dấy lên nhiều tranh cãi thời gian gần đây."
Cách phát hiện sớm ung thư,2025-10-02 14:38:00,Sức khỏe,"Ung thư là một trong những thách thức sức khỏe lớn trên toàn cầu, với số ca mắc mới và tử vong ngày càng gia tăng."
"Long Châu đào tạo chuyên sâu, chuẩn hóa quy trình tiêm chủng vì sức khỏe cộng đồng",2025-10-02 09:55:00,Sức khỏe,"Vừa qua, tiêm chủng Long Châu tổ chức chương trình đào tạo chuyên sâu ‘Xử trí ngưng hô hấp tuần hoàn và cấp cứu phản vệ’ dành cho đội ngũ bác sĩ, điều dưỡng tại các trung tâm tiêm chủng."
Thay đổi lối sống và các quan niệm sai lầm để phòng đột quỵ,2025-10-02 08:07:00,Sức khỏe,"Tại một số đơn vị chuyên khoa, đột quỵ ở người dưới 50 tuổi hiện chiếm 20 - 30%. Rất nhiều sai lầm khiến người bị đột quỵ mất cơ hội vàng điều trị, và hệ lụy để lại là vô cùng nặng nề, thậm chí tử vong. Trong đó, sai lầm thường gặp là cạo gió khi bị đột quỵ."
"Đứng uống nước có gây hại tim, thận không?",2025-10-02 06:37:00,Sức khỏe,"Nước đóng vai trò sống còn cho mọi hoạt động, từ tiêu hóa, tuần hoàn, lọc thận cho đến điều hòa nhiệt độ. Tuy nhiên, có một quan niệm cho rằng đứng uống nước gây hại cho cơ thể. Vậy điều này đúng hay sai?"
"Mở rộng Bệnh viện Chợ Rẫy, thêm các giải pháp giảm tải tuyến T.Ư",2025-10-02 04:06:00,Sức khỏe,"Trước phản ánh của cử tri một số địa phương về tình trạng quá tải bệnh viện tuyến T.Ư và đề nghị mở rộng quy mô Bệnh viện Chợ Rẫy, TP.HCM, Bộ Y tế cho biết Bệnh viện Chợ Rẫy là bệnh viện đa khoa hạng đặc biệt, quy mô 1.200 giường bệnh, thuộc Bộ Y tế, đặt tại TP.HCM."
4 thói quen buổi sáng vô tình tiến gần hơn đến bệnh tim,2025-10-02 00:08:00,Sức khỏe,"Một vài thói quen buổi sáng dù là nhỏ nhưng nếu duy trì trong nhiều năm cũng sẽ thành gánh nặng lên hệ tim mạch. Chúng đặt tim vào tình trạng áp lực cao, gia tăng viêm, từ đó tăng nguy cơ phát triển sớm bệnh tim mạch."
"Nghiên cứu: Uống chừng này trà, cà phê và nước giúp sống thọ hơn",2025-10-02 00:07:00,Sức khỏe,"Nhiều bằng chứng khoa học đã chỉ ra mối liên hệ giữa việc tiêu thụ cà phê, trà và nước với giảm nguy cơ tử vong do mọi nguyên nhân, trong đó có bệnh tim mạch và một số ung thư."
Bác sĩ Bệnh viện T.Ư Huế bít rò động - tĩnh mạch phổi qua da thành công,2025-10-01 21:00:00,Sức khỏe,Các y bác sĩ của Bệnh viện T.Ư Huế đã can thiệp qua da bít rò động - tĩnh mạch phổi thành công cho bệnh nhi 6 tuổi bị dị dạng động - tĩnh mạch phổi.
Người đàn ông ho ra cả chén máu vì vỡ mạch máu phế quản,2025-10-01 17:26:00,Sức khỏe,"Anh V.V.H (49 tuổi, ở Tây Ninh) được đưa đến bệnh viện thăm khám sau khi ho ra máu. Các bác sĩ phát hiện anh bị biến chứng vỡ mạch máu phế quản sau thời gian lao phổi."
Vững vàng trước rủi ro với hệ sinh thái bảo vệ toàn diện từ Phú Hưng Life,2025-10-01 11:00:00,Sức khỏe,"Bệnh tật, tai nạn hay những biến cố bất ngờ có thể ập đến bất cứ lúc nào, để lại những tổn thất về sức khỏe, tài chính và tinh thần. Chủ động chuẩn bị kế hoạch dự phòng chính là chìa khóa giúp bạn vượt qua thử thách một cách vững vàng."
"Quảng Trị: Bị rắn độc cắn, người đàn ông được CSGT đưa đi viện cấp cứu",2025-10-01 10:16:00,Sức khỏe,"Một người đàn ông ở Quảng Trị khi ra vườn đã bị rắn độc cắn, lực lượng CSGT đang làm nhiệm vụ gần đó hay tin đã lập tức điều động phương tiện đưa người đàn ông đi cấp cứu kịp thời."
Phát hiện sức mạnh chống ung thư từ chất dinh dưỡng có trong trứng và rau quả,2025-10-01 09:06:00,Sức khỏe,"Nghiên cứu mới vừa được công bố trên tạp chí y khoa Cell Reports Medicine, cho thấy zeaxanthin có khả năng tăng cường hệ miễn dịch để chống lại ung thư."
Hoàn Mỹ Cửu Long: Cứu trái tim bé gái 14 tuổi bằng phương pháp ít xâm lấn,2025-10-01 09:00:00,Khỏe đẹp mỗi ngày,"Các bác sĩ Bệnh viện Hoàn Mỹ Cửu Long vừa thực hiện ca can thiệp bít dù qua da thành công cho bệnh nhi 14 tuổi mắc thông liên nhĩ. Đây là bước tiến quan trọng trong điều trị tim bẩm sinh, giúp giảm rủi ro, hạn chế biến chứng và rút ngắn thời gian hồi phục."
Số bậc cầu thang cần leo mỗi ngày để cải thiện sức khỏe,2025-10-01 08:03:00,Sức khỏe,Các chuyên gia y tế cho biết chỉ cần leo 5 tầng cầu thang mỗi ngày cũng mang lại lợi ích tương đương với việc đi bộ 10.000 bước.
"Thêm lợi ích của tập thể dục ngoài trời, nhất là buổi sáng",2025-10-01 05:38:00,Sức khỏe,Sự kết hợp giữa ánh sáng mặt trời tự nhiên và không khí trong lành khi tập thể dục ngoài trời có thể mang lại nhiều lợi ích cho cơ thể.
Động kinh thể bụng,2025-10-01 04:08:00,Sức khỏe,"Mới đây, Bệnh viện đa khoa tỉnh Phú Thọ tiếp nhận bệnh nhân nam 31 tuổi (ở Phú Thọ) nhập viện với các biểu hiện: đau bụng, buồn nôn, nôn, giảm ý thức, giao tiếp khó."
Ngày mới với tin tức sức khỏe: Chất có nhiều trong lòng đỏ trứng phòng ung thư,2025-10-01 00:10:00,Sức khỏe,"'Nghiên cứu mới phát hiện zeaxanthin (có nhiều trong trứng, rau quả) có khả năng tăng cường hệ miễn dịch để chống lại ung thư'. Hãy bắt đầu ngày mới với tin tức sức khỏe để xem thêm nội dung bài viết này!"
Tiểu đường: vì sao chỉ một ngụm nước trước bữa ăn cũng quan trọng?,2025-10-01 00:09:00,Sức khỏe,"Với bệnh tiểu đường, kiểm soát đường huyết sau bữa ăn luôn là vấn đề. Đây là thời điểm đường huyết dễ tăng vọt. Ít ai biết rằng, ngay cả uống một ngụm nước trước khi ăn cũng mang nhiều lợi ích cho người mắc tiểu đường."
Đi bộ khoa học: 3 bài tập được chuyên gia khuyến khích,2025-10-01 00:08:00,Sức khỏe,Đi bộ là hình thức vận động đơn giản nhưng mang lại nhiều lợi ích sức khỏe. Dưới đây là 3 bài đi bộ được gợi ý bởi các chuyên gia hàng đầu.
Ho dai dẳng 10 năm vì hạt sapôchê kẹt trong phế quản,2025-09-30 19:43:00,Sức khỏe,"Hơn 10 năm bị ho và khó thở dai dẳng, người đàn ông 43 tuổi ở Cà Mau không hề hay biết nguyên nhân sâu xa lại đến từ dị vật là hạt sapôchê kẹt sâu trong phế quản."
Giá đỗ với người tiểu đường: Thực phẩm 'vàng' hay cần kiêng kỵ?,2025-09-30 16:08:00,Sức khỏe,"Giá đỗ giàu vitamin, khoáng chất, chất xơ, chất chống oxy hóa và protein thực vật, mang lại nhiều lợi ích cho sức khỏe tổng thể."
"Alo bác sĩ nghe: Có nên nhịn ăn tối để giữ dáng thon, tránh tích mỡ bụng?",2025-09-30 11:14:00,Sức khỏe,"'Thưa bác sĩ, để giữ dáng và tránh tích mỡ bụng, có nên nhịn ăn tối không? Ngoài ra, sau bữa ăn nên duy trì thói quen nào để vừa hỗ trợ tiêu hóa vừa giúp ngủ ngon hơn?'. (Vân Anh, 25 tuổi, ở TP.HCM)."
Uống nước ép ổi mỗi sáng: Bí quyết tự nhiên giúp kiểm soát đường huyết,2025-09-30 09:07:00,Sức khỏe,"Ổi là loại trái cây dân dã nhưng rất giàu dưỡng chất. Không chỉ chứa vitamin C nhiều gấp 3-4 lần cam, ổi còn cung cấp chất xơ, polyphenol, carotenoid và flavonoid. Đây là những chất có vai trò quan trọng trong kiểm soát đường huyết."
Chi phí xét nghiệm tiêu tốn gần 30.000 tỉ đồng mỗi năm,2025-09-30 08:09:00,Sức khỏe,"Chi phí xét nghiệm tương đương 30.000 tỉ đồng/năm. Vì vậy, liên thông kết quả xét nghiệm qua bệnh án điện tử giúp tiết kiệm hàng trăm tỉ, giảm trùng lặp, nâng hiệu quả điều trị."
"Chỉ 2 bữa cá mỗi tuần: Điều tuyệt vời sẽ xảy ra cho tim, não và giấc ngủ",2025-09-30 04:01:00,Sức khỏe,"Nhiều người thường không thích ăn cá mà chuộng thịt hơn, nhưng thực tế, cá mang lại lợi ích vượt trội so với nhiều loại đạm khác."
Ngày mới với tin tức sức khỏe: Điều bất ngờ khi uống nước ép ổi mỗi sáng,2025-09-30 00:10:00,Sức khỏe,'Ổi là loại trái cây dân dã nhưng rất giàu dưỡng chất. Uống nước ép ổi mỗi sáng tác động tích cực đến đường huyết'. Hãy bắt đầu ngày mới với tin tức sức khỏe để xem thêm nội dung bài viết này!
"Tìm ra giờ ăn giảm cân vượt trội, không cần ăn kiêng hay tập thể dục!",2025-09-30 00:09:00,Sức khỏe,"Giảm cân luôn là hành trình đầy gian nan, khi nhiều người phải vật lộn với chế độ ăn kiêng nghiêm ngặt, những buổi tập luyện mệt mỏi nhưng kết quả lại không như mong đợi."
Uống cà phê sáng có ảnh hưởng đến hiệu quả kháng sinh không?,2025-09-30 00:08:00,Sức khỏe,"Cà phê sáng là thói quen quen thuộc với rất nhiều người. Khi cơ thể khỏe mạnh, uống cà phê sáng là vô hại. Nhưng nếu đang mắc bệnh và uống kháng sinh, thói quen này có thể cần được điều chỉnh."
Điều gì xảy ra cho tim nếu bạn tranh thủ đi bộ chỉ 20 phút mỗi ngày?,2025-09-30 00:07:00,Sức khỏe,Đi bộ là một trong những cách đơn giản nhất để tăng cường hoạt động thể chất và cải thiện sức khỏe.
Dấu hiệu nào để nhận biết suy buồng trứng sớm?,2025-09-29 20:23:00,Sức khỏe,"'Em thấy hiện nay ngày càng có nhiều phụ nữ trẻ gặp tình trạng suy buồng trứng. Thưa bác sĩ cho em hỏi có cách nào để nhận biết suy buồng trứng sớm, cách phòng ngừa và nếu không may gặp phải thì có phương pháp nào điều trị? (Thanh Mai, 29 tuổi, ở Đồng Nai)."
"Trong lúc chơi đùa, bé trai 6 tuổi nuốt nam châm hình trái tim",2025-09-29 15:40:00,Sức khỏe,"Sau bữa cơm trưa, trong lúc vui chơi, bé trai T.H.N (6 tuổi, ở Đồng Tháp) bất ngờ nuốt phải một cục nam châm hình trái tim."
Chuyên gia: 5 món uống buổi tối cực hay cho người huyết áp cao,2025-09-29 15:29:00,Sức khỏe,"Huyết áp cao là một tình trạng phổ biến, thường được gọi là 'kẻ giết người thầm lặng' vì tiến triển mà ít gây triệu chứng rõ rệt, nhưng lại làm tăng nguy cơ bệnh tim, đột quỵ và tổn thương thận."
5 món ăn sáng giúp làm sạch gan và hạ men gan,2025-09-29 10:07:00,Sức khỏe,"Men gan cao thường là dấu hiệu cảnh báo gan đang bị tổn thương hoặc phải hoạt động quá mức. Một trong những cách quan trọng giúp gan hồi phục là điều chỉnh chế độ dinh dưỡng, nhất là là bữa ăn sáng."
Nguy kịch do sốt mò,2025-09-29 09:09:00,Sức khỏe,"Một số bệnh viện tuyến cuối tại Hà Nội gần đây tiếp nhận các ca bệnh rất nặng, nguy kịch do sốt mò. Đáng lưu ý, đây là bệnh dễ chẩn đoán nhầm do triệu chứng tương tự như các bệnh có nguyên nhân khác (sốt cao, buồn nôn, nôn, khó thở, co giật)."
"Chuyên gia: Hành tây có dấu hiệu này mà vẫn ăn, coi chừng suy gan!",2025-09-29 09:05:00,Sức khỏe,"Hành tây vốn nổi tiếng tốt cho gan nhờ chứa nhiều chất chống oxy hóa và hợp chất lưu huỳnh. Tuy nhiên, lớp đen xuất hiện trên hành tây lại tiềm ẩn nguy cơ gây hại cho sức khỏe, đặc biệt là gan."
Sẽ liên thông dữ liệu xét nghiệm trên cả nước,2025-09-29 08:03:00,Sức khỏe,"Bệnh viện Bạch Mai là bệnh viện đầu tiên của cả nước đã thành lập viện xét nghiệm. Theo PGS-TS Đào Xuân Cơ, Giám đốc Bệnh viện Bạch Mai, Viện Xét nghiệm Bệnh viện Bạch Mai được sáp nhập các đơn vị xét nghiệm trong toàn bệnh viện, trở thành trung tâm hàng đầu về xét nghiệm cơ bản và chuyên sâu, là điều kiện cần để Bệnh viện Bạch Mai trở thành trung tâm y tế chuyên sâu."
"Bí quyết ăn sáng cho người làm việc nặng, dân văn phòng",2025-09-29 03:54:00,Sức khỏe,"Ăn sáng từ lâu được xem là 'chìa khóa khởi động ngày mới', nhưng không phải ai cũng biết lựa chọn phù hợp với thể trạng và đặc thù công việc."
"Ngày mới với tin tức sức khỏe: 5 món ăn giúp làm sạch gan, hạ men gan",2025-09-29 00:11:00,Sức khỏe,5 món ăn sáng giúp làm sạch gan và hạ men gan là một trong những thông tin chính trên Thanh Niên Online đến với bạn trong Ngày mới với tin tức sức khỏe hôm nay 29.9.
5 lợi ích thật sự của nước rau má ít người biết,2025-09-29 00:09:00,Sức khỏe,Rau má được sử dụng trong y học cổ truyền như một loại thảo dược giúp thanh nhiệt và giải độc. Nước rau má không chỉ là thức uống giải khát quen thuộc mà còn có nhiều lợi ích sức khỏe đã được khoa học hiện đại chứng minh.
Sáng dậy người mệt mỏi: 4 thói quen cần tránh trước khi ngủ,2025-09-29 00:08:00,Sức khỏe,"Giấc ngủ là nền tảng cho sức khỏe, giúp cơ thể tái tạo năng lượng, phục hồi mô và ổn định cảm xúc. Trên thực tế, không ít người dù ngủ đủ 7-8 tiếng mỗi đêm nhưng vẫn cảm thấy mệt mỏi, uể oải khi thức dậy."
Chuyên gia: 5 sai lầm nhỏ khiến việc đi bộ thể dục mất tác dụng,2025-09-29 00:07:00,Sức khỏe,"Đi bộ là một trong những hình thức tập luyện đơn giản, mang lại vô số lợi ích, từ cải thiện sức khỏe tim mạch đến nâng cao tinh thần. Tuy nhiên, các chuyên gia cảnh báo rằng những thói quen sai lầm tưởng nhỏ nhặt khi đi bộ có thể làm giảm hiệu quả, thậm chí gây hại cho cơ thể."
Người bị tiểu đường có nên ăn kem không?,2025-09-28 19:18:00,Sức khỏe,"Kem không phải nguyên nhân gây ra bệnh tiểu đường, nhưng cần chú ý đến sự điều độ và mức độ ảnh hưởng tới đường huyết."
Thêm nhiều lợi ích từ quả chanh,2025-09-28 17:10:00,Sức khỏe,"Chanh không chỉ góp phần làm món ăn thêm hấp dẫn, mà còn mang đến nhiều lợi ích sức khỏe thiết thực."
'Trung thu yêu thương' - món quà tinh thần cho những chiến binh K,2025-09-28 16:56:00,Sức khỏe,"Tại Trung tâm Ung Bướu Bệnh viện Chợ Rẫy (TP.HCM), chương trình đồng hành cùng chiến binh K lần thứ 14 với chủ đề 'Trung thu yêu thương' đã mang đến cho bệnh nhân ung thư một không gian ấm áp, bình yên."
'Nhà lãnh đạo xuất sắc châu Á 2025' vinh danh bà Trần Thị Lâm,2025-09-28 16:35:00,Sức khỏe,"Vừa qua, trong Lễ công bố Thương hiệu uy tín hàng đầu châu Á 2025, bà Trần Thị Lâm - cố vấn cấp cao Công ty Y tế Hoa Lâm Shangri-La đã được trao danh hiệu Nhà lãnh đạo xuất sắc châu Á 2025."
Bệnh viện Đại học Y Dược TP.HCM tổ chức Đêm hội trăng rằm,2025-09-28 13:17:00,Sức khỏe,"Tối 27.9, chương trình Đêm hội Trăng rằm UMC 2025 được tổ chức tại sảnh khu A, Bệnh viện Đại học Y Dược TP.HCM, với sự tham gia của hơn 1.000 em nhỏ là con em viên chức, người lao động của bệnh viện."
Bác sĩ dặn nên ăn chuối giờ này là tốt nhất!,2025-09-28 09:00:00,Sức khỏe,"Chuối là loại trái cây giàu dinh dưỡng, mang lại nhiều lợi ích cho hệ tiêu hóa, quản lý cân nặng và hỗ trợ giấc ngủ nếu được ăn đúng thời điểm."
Thời điểm cần nội soi tầm soát ung thư đường tiêu hóa,2025-09-28 08:08:00,Sức khỏe,"Nam bệnh nhân 65 tuổi đến khám tại Bệnh viện Bạch Mai (Hà Nội) sau 1 tháng đau tức vùng thượng vị, đau tăng khi đói, kèm theo ợ hơi, ợ chua nhưng không nôn, không buồn nôn và đại tiểu tiện bình thường."
"Bệnh viện Quân y 175 ra mắt Trung tâm Đào tạo châm cứu, xoa bóp, bấm huyệt",2025-09-28 04:20:00,Sức khỏe,"Sáng 27.9, tại Hội nghị khoa học 'Đẩy mạnh hợp tác Việt - Trung, nâng tầm y học cổ truyền', Bệnh viện Quân y 175 phối hợp với Đại học Trung Y Dược Nam Kinh (Trung Quốc) ra mắt Trung tâm Đào tạo châm cứu, xoa bóp, bấm huyệt."
"Nến thơm, tinh dầu: Bí quyết thư giãn hay ‘kẻ ngầm’ gây hại phổi?",2025-09-28 04:11:00,Sức khỏe,"Nến thơm, tinh dầu thường được sử dụng như một liệu pháp giúp thư giãn, cải thiện sức khỏe tinh thần, tuy nhiên việc lựa chọn và sử dụng không đúng cách có thể gây hại cho phổi cũng như các bệnh mạn tính về hô hấp."
"Loại quả quen thuộc không ngờ giúp hạ huyết áp, ngừa ung thư, tiểu đường",2025-09-28 00:09:00,Sức khỏe,"Quả bí đỏ chứa nhiều kali, canxi và magiê - 3 dưỡng chất quan trọng giúp điều hòa huyết áp và ngăn ngừa cao huyết áp."
5 tác hại khi nạp quá nhiều protein với người tập gym,2025-09-28 00:08:00,Sức khỏe,"Tăng lượng protein trong khẩu phần ăn hằng ngày được xem là cách hiệu quả để tăng cơ và cải thiện sức khỏe nói chung. Cũng như bất cứ dưỡng chất nào, protein nếu hấp thụ quá mức thì sẽ gây ra hậu quả không mong muốn."
Cần làm gì khi người thân bất ngờ ngã quỵ?,2025-09-28 00:07:00,Sức khỏe,"Khi một người đột ngột ngã quỵ, nhiều khả năng là tình huống y tế khẩn cấp, đòi hỏi phản ứng nhanh. Xử lý đúng cách vào thời điểm này quyết định khả năng sống sót và giảm thiểu di chứng cho nạn nhân."
Phát hiện tác dụng ít ai ngờ khi uống trà xanh mỗi ngày,2025-09-27 16:16:00,Sức khỏe,"Trong nhiều năm, các nhà khoa học đã quan tâm đến vai trò của trà xanh đối với sức khỏe chuyển hóa, đặc biệt đối với các bệnh như béo phì và tiểu đường loại 2."
"Cứu bệnh nhân bị khối u sọ hầu kích thước lớn, chèn ép tuyến yên",2025-09-27 15:33:00,Sức khỏe,U sọ hầu kích thước lớn luôn được xem là một thách thức lớn trong điều trị. Do ở vị trí 'nhạy cảm' nên việc phẫu thuật loại bỏ rất phức tạp và tiềm ẩn nhiều rủi ro.
Caffeine và đau đầu: Con dao 2 lưỡi,2025-09-27 13:04:00,Sức khỏe,"Caffeine là chất kích thích hệ thần kinh trung ương, thường được biết tới với công dụng ngăn sự mệt mỏi, đau đầu và giúp con người tỉnh táo. Tuy nhiên, với nhiều người, caffeine cũng là tác nhân gây ra cơn đau đầu."
Uống trà gì để cơ thể thon gọn hơn?,2025-09-27 11:01:00,Sức khỏe,"Các loại trà không phải 'thần dược' giảm cân. Tuy nhiên, nếu kết hợp với chế độ ăn uống và vận động khoa học, chúng hoàn toàn có thể hỗ trợ quá trình chuyển hóa, kiểm soát cảm giác thèm ăn và ngăn ngừa tích mỡ thừa."
Thỉnh thoảng một củ khoai lang: Lợi ích bất ngờ cho đường huyết và tim mạch,2025-09-27 08:05:00,Sức khỏe,"Nhiều người quan tâm đến sức khỏe thường thích ăn khoai lang. Loại thực phẩm quen thuộc này không chỉ dễ chế biến mà còn giàu dinh dưỡng, mang lại nhiều lợi ích cho sức khỏe."
Bữa sáng chỉ 1 ly cà phê đen: Chuyện thường hay rủi ro sức khỏe tiềm ẩn?,2025-09-27 04:05:00,Sức khỏe,"Một ly cà phê đen buổi sáng giúp tỉnh táo, tăng sự tập trung. Nhưng nếu chỉ uống cà phê mà không ăn sáng, cơ thể sẽ phải đối mặt với nhiều hệ lụy sức khỏe."
Ngày mới với tin tức sức khỏe: Lợi ích khi ăn một củ khoai lang mỗi ngày,2025-09-27 00:10:00,Sức khỏe,"'Ăn khoai lang thường xuyên có thể mang lại lợi ích cho hệ tiêu hóa, đường huyết và tim mạch'. Hãy bắt đầu ngày mới với tin tức sức khỏe để xem thêm nội dung bài viết này!"
"Vụ nghi ngộ độc sau khi ăn bánh mì que: 65 học sinh nôn ói, tiêu chảy",2025-09-27 00:09:00,Sức khỏe,"Theo thống kê sơ bộ, từ ngày 22.9 đến ngày 26.9 có 65 học sinh tại trường V.S (ở phường Long Bình, TP.HCM) gặp các triệu chứng nôn ói, tiêu chảy sau khi ăn bánh mỳ que."
Bí mật về tuổi thọ của bạn: Đứng một chân được chừng này giây!,2025-09-27 00:08:00,Sức khỏe,"Mong muốn sống thọ, khỏe mạnh luôn là khát khao chung của con người. Một bác sĩ tim mạch đã chia sẻ những dấu hiệu và hướng dẫn đơn giản giúp bạn có thể tự đánh giá tuổi thọ."
Quả hạch: ăn thời điểm nào trong ngày là tốt nhất cho tim?,2025-09-27 00:07:00,Sức khỏe,"Trong nhiều khuyến nghị dinh dưỡng, quả hạch được xem là 'siêu thực phẩm'. Các dưỡng chất trong quả hạch không chỉ giúp giảm viêm, duy trì huyết áp ổn định, hỗ trợ tuần hoàn, mà còn mang lại nhiều lợi ích khác."
Bơm tinh trùng vào buồng tử cung thì tỷ lệ thành công là bao nhiêu?,2025-09-26 20:35:00,Sức khỏe,"'Em thấy nhiều cặp đôi được tư vấn thực hiện bơm tinh trùng vào buồng tử cung (IUI) để tăng tỷ lệ đậu thai nhưng kết quả mỗi người khác nhau. Vậy xin hỏi bác sĩ tỷ lệ thành công của phương pháp này là bao nhiêu?', (Ngọc Mai, 37 tuổi, ở TP.HCM)."
"Cà Mau: Bệnh viện thiếu tiền trả lương, nợ tiền thuốc",2025-09-26 18:29:00,Sức khỏe,"Nhiều cơ sở y tế tại Cà Mau đang lâm vào tình trạng thiếu hụt kinh phí nghiêm trọng, không đủ trả lương cho nhân viên và nợ đọng hàng tỉ đồng tiền thuốc."
150 phút vận động/tuần giảm 30% nguy cơ mắc bệnh tim mạch,2025-09-26 17:19:00,Sức khỏe,Duy trì ít nhất 150 phút vận động cường độ vừa hoặc 75 phút cường độ mạnh/tuần giúp giảm nguy cơ mắc bệnh tim mạch ở người trưởng thành.
Hiếm gặp: Cắt khối u vỏ bao thần kinh bằng nội soi lồng ngực,2025-09-26 16:35:00,Sức khỏe,"Các bác sĩ Bệnh viện Đà Nẵng đã phẫu thuật nội soi cắt bỏ hoàn toàn khối u vỏ bao thần kinh hiếm gặp dạng đồng hồ cát, kích thước hơn 6 cm."
"Uống cà phê, trà và nước ảnh hưởng đến huyết áp thế nào?",2025-09-26 15:41:00,Sức khỏe,"Trong khi căng thẳng, ít vận động hay ăn mặn có thể làm tăng huyết áp, thì ngược lại, thói quen vận động đều đặn, ăn uống lành mạnh hay ngủ đủ giấc lại giúp hạ chỉ số này."
"TP.HCM: Hàng loạt trẻ, phụ huynh nôn ói, tiêu chảy sau khi ăn bánh mì que",2025-09-26 13:27:00,Sức khỏe,"Liên tiếp hàng loạt trường hợp các phụ huynh và học sinh tại phường Long Bình, TP.HCM xuất hiện các triệu chứng đau bụng, nôn ói, sốt... phải nhập viện cấp cứu sau khi ăn bánh mì que."
Bác sĩ chia sẻ cách xử trí khi có người nhà bị liệt mặt,2025-09-26 08:17:00,Sức khỏe,"Liệt mặt ngoại biên thường khởi phát đột ngột chỉ trong vài giờ với dấu hiệu méo miệng, không nhăn được trán, ăn uống dễ rơi vãi…  Việc nhận biết sớm và điều trị kịp thời giúp tăng khả năng hồi phục."
Xuất huyết tiêu hóa do lối sống thiếu lành mạnh,2025-09-26 07:07:00,Sức khỏe,"Sau thời gian thường xuyên thức khuya xem điện thoại, một nữ bệnh nhân (BN) 29 tuổi phải nhập viện cấp cứu tại Bệnh viện Hữu Nghị (Hà Nội) lúc sáng sớm, trong tình trạng choáng ngất do chảy máu tiêu hóa, gây mất máu nhiều."
Cơ sở y tế không khói thuốc là yêu cầu bắt buộc,2025-09-26 03:41:00,Sức khỏe,"GS-TS Trần Văn Thuấn, Thứ trưởng Bộ Y tế, cho biết các cơ sở y tế trên cả nước đã tích cực triển khai mô hình bệnh viện không khói thuốc, tuy nhiên trước sự xuất hiện của các sản phẩm thuốc lá điện tử, thuốc lá nung nóng với nhiều chiêu thức tiếp thị nhắm vào thanh thiếu niên, ngành y tế càng phải kiên định và quyết liệt hơn."
5 căn bệnh ngăn ngừa được nhờ cà rốt,2025-09-26 00:09:00,Sức khỏe,"Cà rốt là một trong những loại củ được dùng nhiều nhất thế giới. Với hàm lượng beta-carotene, vitamin C, kali và nhiều hợp chất sinh học khác, cà rốt không chỉ giàu dưỡng chất mà còn góp phần phòng ngừa nhiều bệnh."
Ăn khoai lang thay cơm có phải là giải pháp giảm cân an toàn?,2025-09-26 00:08:00,Sức khỏe,"Cơm trắng gần như là thành phần chính của bữa ăn. Nhưng khi muốn giảm cân, thay thế một phần hoặc toàn bộ cơm bằng các nguồn tinh bột phức tạp là lựa chọn an toàn và khoa học."
Huyết áp cao nên hạn chế ăn loại thịt nào?,2025-09-26 00:07:00,Sức khỏe,"Không phải mọi loại thịt đều giống nhau. Một số loại thịt chứa nhiều muối, chất béo bão hòa hoặc được cho thêm vào các chất phụ gia. Hệ quả là làm tăng huyết áp hoặc trầm trọng thêm tình trạng huyết áp cao hiện có."
134 triệu biến cố gây bất lợi cho người bệnh,2025-09-24 19:48:00,Sức khỏe,"134 triệu biến cố dẫn đến 2,6 triệu người bệnh tử vong, gây thiệt hại kinh tế khoảng 42 tỉ USD."
"TP.Đà Nẵng: Người dân hết lo hồ sơ giấy, đi khám bệnh chỉ cần mã số",2025-09-24 19:43:00,Sức khỏe,"Việc Bệnh viện đa khoa Trung ương Quảng Nam triển khai hồ sơ bệnh án điện tử đã giúp người dân không còn nỗi lo mang tên hồ sơ giấy mỗi lần đi khám, chữa bệnh."
Tác dụng bất ngờ của đạp xe với não bộ,2025-09-24 15:04:00,Sức khỏe,"Đạp xe không chỉ tốt cho môi trường, mà còn có thể giúp bạn ngăn ngừa sa sút trí tuệ."
Cách uống trà gừng mỗi ngày tốt cho sức khỏe,2025-09-24 14:42:00,Sức khỏe,"Trà gừng từ lâu đã được nhiều người tin dùng nhờ khả năng làm dịu dạ dày, giảm buồn nôn và hỗ trợ tiêu hóa."
Hy hữu: Búi tóc dài 12 cm trong ruột bé gái 4 tuổi,2025-09-24 13:22:00,Sức khỏe,Các bác sĩ Bệnh viện Sản - Nhi Sóc Trăng vừa phẫu thuật lấy búi tóc 12 cm ra khỏi ruột bé gái 4 tuổi.
Bác sĩ: Cách dùng điện thoại ban đêm để không ảnh hưởng giấc ngủ,2025-09-24 08:09:00,Sức khỏe,"Việc để điện thoại dưới gối hoặc cạnh đầu khi ngủ có thể dẫn đến chất lượng giấc ngủ kém, do đó cần chú ý khoảng cách để điện thoại với đầu, khoảng cách từ màn hình đến mắt, độ sáng của của màn hình điện thoại..."
"Một người tử vong, 1 người nguy kịch sau sự cố lặn biển ở Quảng Trị",2025-09-24 07:52:00,Sức khỏe,Hai thợ lặn đã gặp sự cố nghiêm trọng sau chuyến lặn biển ở độ sâu 15 - 20 m ở vùng biển Quảng Trị. Hiện 1 người đã tử vong.
Đêm nào bạn cũng ngủ bật máy lạnh: Điều gì xảy ra với cơ thể?,2025-09-24 07:05:00,Sức khỏe,"Ngủ bật máy lạnh đã trở thành thói quen quen thuộc của nhiều người, đặc biệt trong những ngày nóng bức. Không ít gia đình coi việc duy trì nhiệt độ mát mẻ suốt đêm là một phần không thể thiếu trong giấc ngủ hằng ngày."
"Sau khi thức dậy, làm sao để kích hoạt quá trình giảm cân tự nhiên?",2025-09-24 00:08:00,Sức khỏe,"Những gì làm ngay khi thức dậy sẽ ảnh hưởng đến chức năng chuyển hóa, cảm giác đói và đồng hồ sinh học bên trong cơ thể. Một số điều chỉnh vào thời điểm này sẽ giúp cải thiện hiệu quả giảm cân một cách tự nhiên."
Lợi ích của giấc ngủ trưa và cách thực hiện đúng,2025-09-24 00:07:00,Sức khỏe,"Một giấc ngủ ngắn vào ban ngày có thể giúp cơ thể cảm thấy nhiều năng lượng hơn, tinh thần tỉnh táo và tâm trạng thư giãn."
Khoảng 70% xe cứu thương không đáp ứng tiêu chuẩn quốc tế,2025-09-23 19:09:00,Sức khỏe,Khoảng 70% xe cứu thương không đáp ứng tiêu chuẩn quốc tế; thời gian phản ứng trung bình cấp cứu ngoại viện cao hơn nhiều so với tiêu chuẩn quốc tế là không chậm hơn 8 phút.
"Ngày càng nhiều phụ nữ trì hoãn sinh con, quy mô dân số suy giảm trong tương lai",2025-09-23 18:26:00,Sức khỏe,"Từ năm 2023, mức sinh chung trên cả nước chỉ còn 1,96 con/phụ nữ, thấp nhất trong 63 năm (kể từ năm 1960 khi tiến hành chính sách dân số). Nhiều phụ nữ trì hoãn sinh con là một trong các nguyên nhân giảm mức sinh."
"Long Châu khám, cấp phát thuốc miễn phí cho các hoàn cảnh khó khăn tỉnh Vĩnh Long",2025-09-23 18:00:00,Sức khỏe,"Sáng 20.9.2025, nhân dịp Lễ Sene Dolta của đồng bào Khmer, Sở Y tế tỉnh Vĩnh Long phối hợp cùng hệ thống nhà thuốc Long Châu và các đơn vị liên quan tổ chức chương trình khám, chữa bệnh miễn phí cho các gia đình chính sách, người có hoàn cảnh khó khăn và người cao tuổi neo đơn trên địa bàn tỉnh."
Bí quyết sống khỏe của bác sĩ 100 tuổi vẫn khám bệnh 3 ngày mỗi tuần,2025-09-23 17:20:00,Sức khỏe,"Ở tuổi 100, bà Teru Kasamatsu, bác sĩ tại tỉnh Wakayama, Nhật Bản vẫn tiếp tục hành nghề y để chăm sóc sức khỏe cho người dân địa phương."
3 tách cà phê mỗi ngày: Phát hiện tác dụng bất ngờ với gan,2025-09-23 15:46:00,Sức khỏe,"Gan, cơ quan thiết yếu cho quá trình trao đổi chất và giải độc, dễ bị tổn thương bởi nhiều yếu tố gây hại, bao gồm nhiễm virus, uống quá nhiều rượu bia và chế độ ăn nhiều chất béo và đường."
Bác sĩ: Thói quen để điện thoại gần đầu khi ngủ có gây hại não?,2025-09-23 14:53:00,Sức khỏe,"Hiện chưa có kết luận nhất quán về tác động của sóng điện từ điện thoại đến não bộ, tuy nhiên thói quen để điện thoại gần đầu khi ngủ tiềm ẩn nhiều rủi ro đến chất lượng giấc ngủ và sức khỏe về lâu dài."
Bệnh viện Đại học Y Dược TP.HCM trình diễn trực tiếp thay van động mạch chủ,2025-09-23 14:44:00,Sức khỏe,"Hội nghị Tim mạch Can thiệp Toàn quốc lần thứ 11 vừa diễn ra tại Gia Lai, thu hút hơn 1.000 chuyên gia lĩnh vực tim mạch trên cả nước."
Vận động ngoài trời giúp giảm nguy cơ cận thị,2025-09-23 10:54:00,Sức khỏe,"Cận thị đang chuyển thành bệnh, với những biến chứng nguy hiểm khi cận thị mức độ nặng. Tăng thời gian vận động ngoài trời giúp giảm khởi phát cận thị."
"Người đàn ông bất ngờ đau đầu dữ dội, ngã quỵ do xuất huyết não",2025-09-23 10:00:00,Sức khỏe,"Ông N. (53 tuổi) bất ngờ đau đầu dữ dội rồi ngã quỵ xuống sàn, yếu liệt nửa người trái, nói ngọng, được người nhà đưa vào một bệnh viện cấp cứu."
Tại sao tập thể dục sau bữa ăn lại quan trọng?,2025-09-23 09:11:00,Sức khỏe,"Đối với người mắc bệnh tiểu đường, việc duy trì đường huyết trong ngưỡng an toàn là một nhiệm vụ phải thực hiện hằng ngày."
Thoát chết hy hữu sau khi bị sợi dây cứa đứt khí quản giữa đường,2025-09-23 08:34:00,Sức khỏe,Một bệnh nhân 17 tuổi ở P.Ba Đồn (Quảng Trị) đã được cứu sống sau sự cố bị sợi dây sà xuống đường cứa đứt khí quản khi em đang di chuyển bằng xe máy điện.
Hustle culture - văn hóa hối hả: Làm sao để giữ sức khỏe?,2025-09-23 04:09:00,Sức khỏe,Không ít bạn trẻ chạy theo hustle culture - văn hóa hối hả - thường quên đi vai trò quan trọng của sự nghỉ ngơi.
"Ngày mới với tin tức sức khỏe: Sau bữa ăn, làm điều này tốt cho đường huyết",2025-09-23 00:10:00,Sức khỏe,'Việc tập luyện nhẹ nhàng ngay sau bữa ăn rất tốt cho người bị tiểu đường vì nó giúp đường huyết ổn định hơn'. Hãy bắt đầu ngày mới với tin tức sức khỏe để xem thêm nội dung bài viết này!
"Không phải đi bộ, đây mới là bài tập tốt nhất cho người lớn tuổi!",2025-09-23 00:09:00,Sức khỏe,"Khi nói đến tập thể dục, đi bộ là ưu tiên hàng đầu vì đây là bài tập nhẹ nhàng để tăng cường sức khỏe. Tuy nhiên, với người lớn tuổi, các chuyên gia khuyến khích nên rèn luyện các bài tập sức mạnh và thăng bằng."
Ngâm hạt é với sữa thực vật: Nhiều tác dụng bất ngờ,2025-09-23 00:08:00,Sức khỏe,"Hạt é có hàm lượng cao chất xơ, a xít béo omega-3 và chất chống ô xy hóa. Khi kết hợp với sữa thực vật, thức uống này tạo cảm giác no lâu và ít calo hơn so với nhiều đồ uống ngọt hay sữa bò."
Điều gì xảy ra với lượng đường trong máu khi uống matcha?,2025-09-23 00:07:00,Sức khỏe,"Những hợp chất sinh học có trong matcha mang đến nhiều lợi ích cho cơ thể, đặc biệt là đối với việc điều hòa lượng đường trong máu."
Bác sĩ: Tác dụng 'bí mật' chỉ cữ cà phê sáng mới có!,2025-09-22 19:40:00,Sức khỏe,"Cữ cà phê sáng không chỉ mang lại sự tỉnh táo mà còn vô số lợi ích cho sức khỏe. Đặc biệt, có một tác dụng ít được biết đến: Giúp nhu động ruột hoạt động trơn tru hơn và thúc đẩy nhuận trường."
Chuyên gia: 5 thời điểm 'vàng' để uống nước,2025-09-22 15:00:00,Sức khỏe,"Nước chiếm hơn 60% trọng lượng cơ thể và đóng vai trò thiết yếu cho mọi hoạt động sống. Tuy vậy, không chỉ uống đủ nước, mà uống đúng thời điểm mới mang lại lợi ích tối đa."
Ăn bơ tốt thế nào?,2025-09-22 14:33:00,Sức khỏe,"Bơ là loại quả giàu dưỡng chất, có thể dùng vào bất kỳ thời điểm nào trong ngày để hỗ trợ sức khỏe."
4 sai lầm khi tập thể dục buổi sáng khiến cơ thể nhanh kiệt sức,2025-09-22 11:10:00,Sức khỏe,"Tập thể dục buổi sáng đem lại nhiều lợi ích sức khỏe, giúp cơ thể tỉnh táo, thúc đẩy giảm cân và cải thiện tâm trạng. Tuy nhiên, không ít người tập vào sáng sớm lại cảm thấy mau mệt và nhanh mất sức."
"Nấm giúp hạ huyết áp, giảm cholesterol và nguy cơ ung thư",2025-09-22 10:06:00,Sức khỏe,"Trong ẩm thực, có nhiều loại thực phẩm không chỉ mang lại hương vị thơm ngon mà còn hoạt động như những vị thuốc tự nhiên, giúp phòng ngừa và hỗ trợ điều trị bệnh. Rau củ, trái cây, các loại hạt, thảo mộc… đều chứa hợp chất sinh học quý giá có lợi cho sức khỏe."
"Quảng Ngãi: Cắt bỏ khối u buồng trứng ‘khủng’ 5,5 kg cho nữ bệnh nhân 19 tuổi",2025-09-22 08:16:00,Sức khỏe,"Các bác sĩ vừa phẫu thuật thành công, cắt bỏ khối u buồng trứng 'khủng' lên đến 5,5 kg cho nữ bệnh nhân 19 tuổi."
Gia tăng vi khuẩn kháng kháng sinh,2025-09-22 08:08:00,Sức khỏe,"Việc tự dùng kháng sinh có liên quan đến nguy cơ sử dụng thuốc không phù hợp, khiến người bệnh dễ bị tương tác thuốc, che giấu các triệu chứng của bệnh tiềm ẩn và phát triển sự kháng thuốc của vi khuẩn."
"Hustle culture - văn hóa hối hả: Tiềm ẩn nguy cơ trầm cảm, đột quỵ",2025-09-22 04:12:00,Sức khỏe,"Nhiều người trẻ theo đuổi lối sống 'hustle culture' - với mong muốn tìm kiếm được con đường phát triển phù hợp với bản thân thường bỏ qua các dấu hiệu trầm cảm, kiệt sức."
"Ngày mới với tin tức sức khỏe: Món ăn giúp hạ huyết áp, giảm cholesterol",2025-09-22 00:11:00,Sức khỏe,"Nấm giúp hạ huyết áp, giảm cholesterol và nguy cơ ung thư là một trong những thông tin chính trên Thanh Niên Online đến với bạn trong Ngày mới với tin tức sức khỏe hôm nay 22.9."
Chuyên gia: 6 mẹo 'nhỏ mà có võ' cho người bệnh tiểu đường,2025-09-22 00:08:00,Sức khỏe,"Quản lý đường huyết không chỉ dựa vào chế độ ăn uống và tập luyện lớn, mà đôi khi những thay đổi rất nhỏ trong thói quen hằng ngày cũng mang lại hiệu quả đáng kể."
"Lo sợ đau tim, đột quỵ: Một loại vắc xin quen thuộc có thể cứu bạn!",2025-09-22 00:07:00,Sức khỏe,"Đau tim và đột quỵ là hai biến cố tim mạch nguy hiểm hàng đầu, thường xảy ra bất ngờ và để lại hậu quả nghiêm trọng, thậm chí đe dọa tính mạng."
Tập tạ nhẹ cho người trung niên: sống lâu hơn nhờ cơ bắp,2025-09-22 00:07:00,Sức khỏe,"Khi vào tuổi trung niên, nhiều người bắt đầu cảm nhận rõ sự suy yếu của cơ bắp, giảm sức mạnh, dễ mất thăng bằng, khả năng vận động cũng kém đi. Tập tạ dù là nhẹ nhưng vẫn có tác dụng giảm thiểu các tác hại này."
Bệnh viện Đại học Y Dược TP.HCM đạt giải 'Vệ sinh tay xuất sắc năm 2025',2025-09-21 18:59:00,Sức khỏe,"Ngày 21.9, tại Hội nghị Khoa học của Hội Kiểm soát Nhiễm khuẩn TP.HCM, Bệnh viện Đại học Y Dược TP.HCM được vinh danh giải thưởng 'Vệ sinh tay xuất sắc năm 2025'."
Đi bộ xa hay nhanh mới tốt cho sức khỏe?,2025-09-21 16:49:00,Sức khỏe,"Nên tập trung vào tốc độ để tối đa hóa lợi ích từ đi bộ, hay khoảng cách mới là điều quan trọng nhất của bài tập này?"
"Chỉ 1 nắm hạt này trước khi ngủ: Tim khỏe, ngủ ngon, ngừa ung thư",2025-09-21 15:30:00,Sức khỏe,"Không chỉ là món ăn vặt quen thuộc, hạt bí ngày càng được khoa học chứng minh là 'siêu thực phẩm' nhờ giá trị dinh dưỡng vượt trội và nhiều lợi ích tuyệt vời đối với sức khỏe."
Những lưu ý khi uống nước nghệ vào buổi sáng,2025-09-21 14:36:00,Sức khỏe,Uống nước nghệ vào buổi sáng đang là một xu hướng chăm sóc sức khỏe phổ biến nhờ vào đặc tính chống viêm và chống oxy hóa của nghệ.
Bệnh viện Mắt Cao Thắng lập kỷ lục về đạt chứng nhận JCI,2025-09-21 12:57:00,Sức khỏe,Bệnh viện chuyên khoa Mắt Cao Thắng là cơ sở y tế chuyên khoa mắt đầu tiên tại Việt Nam đạt chứng nhận chất lượng JCI và duy trì liên tục trong nhiều năm nhất.
Vai trò của kiểm soát thân nhiệt trong hồi phục sau phẫu thuật chấn thương chỉnh hình,2025-09-21 12:24:00,Sức khỏe,"Chương trình tập huấn với chủ đề ‘Cập nhật về ERAS và phục hồi sớm sau phẫu thuật cho bệnh nhân’ vừa được Viện Chấn thương Chỉnh hình, Bệnh viện Quân y 175 tổ chức."
Nhiều lợi ích từ trà lá tía tô,2025-09-21 09:03:00,Sức khỏe,"Nhiều nghiên cứu đã phát hiện chiết xuất từ lá tía tô và dầu hạt tía tô có khả năng giảm mức cholesterol toàn phần. Không những vậy, các dưỡng chất trong tía tô còn giúp phòng ngừa nhiều bệnh."
Ăn gì để loại trừ mỡ máu xấu?,2025-09-21 08:05:00,Sức khỏe,"Theo Viện Dinh dưỡng, cholesterol máu có vai trò quan trọng đối với sức khỏe con người. Nó giúp cho sự hoạt động của màng tế bào sợi thần kinh, cần cho sự sản xuất một số hormon như hormon tuyến thượng thận, sinh dục…"
Ăn khuya món gì ít calo để tránh tăng cân?,2025-09-21 04:13:00,Sức khỏe,"Trong trường hợp làm việc, học bài khuya nếu cần bổ sung thêm năng lượng thì nên lựa chọn các món ăn vặt ít calo, giàu chất xơ và protein để tránh gây tăng cân."
Sau 40 tuổi: ăn chay có thực sự tốt cho thận?,2025-09-21 00:09:00,Sức khỏe,"Sau tuổi 40, chức năng thận bắt đầu suy giảm do quá trình lão hóa tự nhiên, kèm đó là tăng nguy cơ huyết áp cao và tiểu đường loại 2. Với thận, dinh dưỡng tốt rất quan trọng để duy trì sức khỏe lâu dài."
Uống gì sau plank để tăng hiệu quả giảm mỡ?,2025-09-21 00:08:00,Sức khỏe,"Plank làm săn chắc cơ bụng và kích thích quá trình giảm mỡ toàn thân. Ngoài tập luyện, thức uống sau khi tập cũng có vai trò quan trọng, giúp tối ưu hóa hiệu quả đốt mỡ."
Người bị cholesterol cao nên hạn chế ăn loại hải sản nào?,2025-09-20 23:58:00,Sức khỏe,"Nhìn chung, hải sản được xem là nguồn protein tốt, giàu vi chất và a xít béo omega-3 có lợi cho tim mạch. Nhưng mặt khác, với người có cholesterol cao, không phải loại hải sản nào cũng nên ăn, nhất là khi ăn nhiều hoặc thường xuyên."
Vì sao nuôi con bằng sữa mẹ tốt cho cả mẹ và con?,2025-09-20 17:56:00,Sức khỏe,"'Tôi nghe nói nuôi con bằng sữa mẹ tốt cho cả mẹ và con, điều này có đúng không, nhờ bác sĩ giải đáp?', (Hoàng Yến, 30 tuổi, ở TP.HCM)."
Món rau xào đơn giản nhưng cực tốt cho huyết áp cao và tuổi thọ,2025-09-20 17:18:00,Sức khỏe,"Các loại rau xanh đều tốt cho sức khỏe, đặc biệt có một loại rau được xem là 'ngôi sao trường thọ' nhờ hàng loạt lợi ích đã được khoa học chứng minh."
Khoảng 200.000 ca tử vong mỗi năm do bệnh tim mạch,2025-09-20 16:49:00,Sức khỏe,"Tại Việt Nam, bệnh tim mạch là nguyên nhân gây tử vong hàng đầu với khoảng 200.000 ca mỗi năm, chiếm gần 40% tổng số ca tử vong."
Các bài tập kháng lực cho nữ tại nhà đơn giản nhưng hiệu quả,2025-09-20 15:16:00,Sức khỏe,"Có nhiều bài tập kháng lực dành cho nữ tại nhà giúp cơ thể săn chắc, giảm mỡ và tăng cường sức khỏe."
Góc Blouse: Bác sĩ nội trú chỉ mới là bước khởi đầu,2025-09-20 10:10:00,Sức khỏe,"Thời gian gần đây, từ khóa 'bác sĩ nội trú' lại trở thành tâm điểm của truyền thông. Những hình ảnh rộn ràng tại lễ chọn ngành được chia sẻ khắp nơi, gắn liền với niềm tự hào và sự kỳ vọng của cả xã hội."
Nhiều lợi ích từ vỏ chuối,2025-09-20 09:57:00,Sức khỏe,"Vỏ chuối mà mọi người thường bỏ đi là một 'kho báu dinh dưỡng' quý giá. Nó còn được sử dụng để chăm sóc da và tóc, tăng cường sức khỏe tổng thể."
Kiểm soát đường huyết: Ăn loại rau củ nào để giảm lượng cơm trắng?,2025-09-20 09:08:00,Sức khỏe,"Cơm trắng là nguồn tinh bột phổ biến. Với người bệnh tiểu đường, ăn cơm trắng sẽ khó kiểm soát đường huyết."
"Bác sĩ chỉ cách uống nước đúng để tránh đau đầu, mệt mỏi cả ngày",2025-09-20 08:23:00,Sức khỏe,"Uống nước đúng cách là yếu tố rất quan trọng để duy trì sức khỏe tối ưu, tránh tình trạng cơ thể mệt mỏi, đau đầu do mất nước."
"Tác dụng bất ngờ của cà phê với tim mạch, đường huyết và tuổi thọ",2025-09-20 08:03:00,Sức khỏe,"Nhờ chứa caffeine và nhiều hợp chất chống oxy hóa, cà phê mang lại vô số lợi ích cho sức khỏe mà nổi bật nhất là những tác động tích cực đến tim mạch, đường huyết và tuổi thọ."
Ăn gì vào buổi tối để tránh tích mỡ nội tạng?,2025-09-20 07:26:00,Sức khỏe,Một trong những yếu tố quan trọng ảnh hưởng đến tích tụ mỡ nội tạng là chế độ ăn vào buổi tối. Đây là thời điểm cơ thể dễ rơi vào trạng thái thừa năng lượng do ít hoạt động sau bữa ăn.
Bác sĩ: 5 thói quen tưởng tốt không ngờ lại âm thầm hại thận,2025-09-19 08:09:00,Sức khỏe,"Tỷ lệ mắc bệnh thận đang gia tăng đáng báo động, nhưng nhiều người bỗng dưng mắc bệnh mà không hề biết nguyên nhân từ đâu."
"Ăn gì buổi tối để ngủ ngon, sáng dậy không mệt?",2025-09-19 04:05:00,Sức khỏe,"Theo chuyên gia, để có giấc ngủ ngon buổi tối bạn nên ăn những món dễ tiêu hóa nhưng vẫn cung cấp đầy đủ chất dinh dưỡng."
Ngày mới với tin tức sức khỏe: Thận dễ gặp nguy với những thói quen này,2025-09-19 00:10:00,Sức khỏe,'Có những thói quen tưởng tốt nhưng không ngờ lại âm thầm hại thận'. Hãy bắt đầu ngày mới với tin tức sức khỏe để xem thêm nội dung bài viết này!
Từ nỗi trăn trở của CEO Pharmacity đến hành trình ‘Doctor Tour - Ngày hội sức khoẻ’,2025-10-16 16:50:00,Đời sống,"Đằng sau mỗi chuyến ‘Doctor Tour - Ngày hội sức khỏe' màu áo xanh của hệ thống nhà thuốc Pharmacity len lỏi đến khắp các vùng miền của đất nước là sự tâm huyết của một người lãnh đạo. ‘Doctor Tour’ được khởi xướng từ chính những trăn trở của ông Deepanshu Madan, CEO hệ thống nhà thuốc Pharmacity với nỗi niềm để không một trẻ em nào bị bỏ lại phía sau trên con đường đi tới tương lai."
Xổ số miền Nam ngày 16 tháng 10 - Kết quả xổ số hôm nay thứ năm,2025-10-16 16:00:00,Đời sống,"Xem kết quả xổ số miền Nam ngày 16 tháng 10; xổ số miền Bắc, xổ số miền Trung, xổ số điện toán trực tiếp nhanh hôm nay thứ năm ngày 16.10.2025."
Vợ chồng U.70 trở thành runner nhờ... mê xem livestream chạy bộ,2025-10-16 14:01:00,Cộng đồng,"Ở tuổi U.70, vợ chồng ông Lê Đình Huệ bắt đầu tập chạy bộ, rồi nắm tay nhau về đích tại nhiều giải chạy. Ít ai biết, duyên đến với môn thể thao này của hai runner này đến từ việc... mê xem livestream."
Ngắm chim quý trong Sách đỏ ở Phú Mỹ Hưng: Khoảnh khắc bình yên giữa TP.HCM,2025-10-16 11:45:00,Cộng đồng,"Những ngày giữa tháng 10, nhiều người dân TP.HCM vẫn tìm tới hồ Bán Nguyệt thuộc khu đô thị Phú Mỹ Hưng để ngắm và chụp ảnh chim cổ rắn, loài chim quý hiếm trong Sách đỏ."
"Tặng gì ngày 20.10? Cách phái nam chọn quà cho mẹ, 'nửa kia', đồng nghiệp",2025-10-16 11:25:00,Cộng đồng,"Ngày Phụ nữ Việt Nam sắp đến, cánh mày râu cho biết đang tất bật chuẩn bị quà tặng ngày 20.10 cho bà, cho mẹ, cho người yêu, đồng nghiệp cơ quan… Phái nam tặng gì cho 'một nửa thế giới'?"
Mua máy lạnh trái mùa tại Điện máy XANH- bí quyết của người tiêu dùng thông minh,2025-10-16 11:00:00,Đời sống,"Ít ai nghĩ đến việc sắm máy lạnh vào những ngày tiết trời se mát. Nhưng với những người tiêu dùng tinh ý, đây lại chính là ‘thời điểm vàng’ để chọn mua, khi mức giá hấp dẫn, dịch vụ nhanh gọn và loạt ưu đãi lớn đang cùng hội tụ."
"Taxi bốc cháy, tài xế kẹt bên trong: Pha giải cứu ngoạn mục trước khách sạn",2025-10-16 10:45:00,Đời sống,"Từ tối 15.10, mạng xã hội chia sẻ clip tài xế kẹt bên trong xe taxi đang cháy được giải cứu kịp thời nhờ sự nhanh trí của bảo vệ một khách sạn lớn ở Đà Lạt."
Chạy xe máy vào làn ô tô bị CSGT TP.HCM phạt: 'Công ty gọi đi làm gấp...',2025-10-16 09:36:00,Cộng đồng,Nhiều người chạy xe máy vào làn ô tô trên đường Đỗ Mười (phường Tam Bình) - đoạn qua chợ đầu mối Thủ Đức với lý do 'vội đi làm' đã bị CSGT TP.HCM phạt.
Khi văn hóa truyền thống góp phần định hình giá trị của tình yêu thời hiện đại,2025-10-16 09:00:00,Đời sống,"Khi ngắm những tấm ảnh cưới đẹp như trong mơ, không ít người tò mò về câu chuyện của đôi uyên ương Nguyễn Hoàng Khánh Linh và Phan Hoàng. Bởi rõ ràng, để kể được câu chuyện tình yêu đẹp, trong sáng và tinh tế như vậy, cần nhiều hơn là gu thẩm mỹ. Đó là lối sống, là nền tảng văn hóa và tình yêu được vun đắp, nuôi dưỡng từ truyền thống gia đình."
Chàng trai 20 tuổi 'lột xác' ngoạn mục trong 7 tháng,2025-10-16 05:55:00,Đời sống,"Võ Hữu Dũng (20 tuổi, ở TP.Huế) từng sống khép kín nhiều năm vì mặc cảm ngoại hình. Giờ đây, anh trở thành nguồn cảm hứng trên mạng xã hội khi chia sẻ hành trình ""lột xác"" giảm gần 50 kg trong 7 tháng: từ 140 kg xuống 92 kg."
Trúng độc đắc xổ số miền Nam đài Bạc Liêu: Người bán tạp hóa trúng 5 tờ,2025-10-16 05:30:00,Cộng đồng,"Nhiều khách bất ngờ trúng độc đắc xổ số miền Nam đài Bạc Liêu vừa được đại lý đổi thưởng. Trong đó, có người phụ nữ bán tạp hóa mua 5 vé, trúng lớn 10 tỉ."
"Kết quả xổ số Mega 6/45 Vietlott tối 15.10, quỹ độc đắc cán mốc 102 tỉ đồng",2025-10-16 05:14:00,Cộng đồng,"Tối 15.10, Vietlott thông báo kết quả quay số mở thưởng loại hình xổ số Mega 6/45, lần này chưa ghi nhận người trúng, giải độc đắc cộng dồn vượt mốc hơn 102 tỉ đồng."
Tin tức đặc biệt trên báo in Thanh Niên 16.10.2025,2025-10-16 03:52:00,Đời sống,"Tin tức Công bố dự thảo văn kiện Đại hội XIV của Đảng lấy ý kiến nhân dân; Tiền số: cơ hội và rủi ro; Giá điện 2 thành phần: Ai lợi, ai thiệt?... là các thông tin bạn đọc có thể đón xem trên Báo Thanh Niên số ra ngày 16.10.2025."
"4 ngày ra quân, CSGT TP.HCM phạt 1.800 người vi phạm nồng độ cồn",2025-10-15 19:19:00,Cộng đồng,"Trong 4 ngày ra quân cao điểm, CSGT TP.HCM đã phạt 1.800 người vi phạm nồng độ cồn, gửi thông báo phạt nguội 1.900 trường hợp."
Xổ số miền Nam ngày 15 tháng 10: Một người vừa trúng 28 tỉ đài Cần Thơ,2025-10-15 17:19:00,Cộng đồng,"Ngay khi có kết quả xổ số miền Nam ngày 15 tháng 10, 14 tờ trúng độc đắc 28 tỉ xổ số Cần Thơ xuất hiện. Đại lý bán trúng tiết lộ bất ngờ về vị khách may mắn."
"Quảng Ninh: Mưa lớn gây sạt lở, nhiều tuyến giao thông chia cắt",2025-10-15 16:27:00,Đời sống,"Mưa lớn kéo dài nhiều ngày qua khiến nhiều tuyến đường giao thông ở khu vực miền đông của tỉnh Quảng Ninh, trong đó có xã Tiên Yên bị sạt lở nghiêm trọng, tiềm ẩn nguy cơ mất an toàn cho người và phương tiện qua lại."
Xổ số miền Nam ngày 15 tháng 10 - Kết quả xổ số hôm nay thứ tư,2025-10-15 16:00:00,Đời sống,"Xem kết quả xổ số miền Nam ngày 15 tháng 10; xổ số miền Bắc, xổ số miền Trung, xổ số điện toán trực tiếp nhanh hôm nay thứ tư ngày 15.10.2025."
CSGT TP.HCM tổng rà soát giấy tờ xe: Hướng dẫn cho xe không chính chủ,2025-10-15 15:39:00,Cộng đồng,"Để tổng rà soát làm sạch dữ liệu đăng ký xe, bằng lái xe, CSGT TP.HCM phối hợp công an phường, xã rà soát thông tin xe, chủ xe, giấy tờ của xe trên địa bàn. Người đang chạy xe không chính chủ cần làm gì?"
VINACAS ủng hộ 100 triệu đồng hỗ trợ đồng bào bị thiệt hại do bão lụt,2025-10-15 15:32:00,Đời sống,"Với tinh thần lá lành, đùm lá rách, thông qua Báo Thanh Niên, Hiệp hội Điều Việt Nam (VINACAS) đã ủng hộ 100 triệu đồng hỗ trợ đồng bào bị thiệt hại sau cơn bão số 10 và số 11."
"Cụ bà U.90 nối nghiệp con gái, bán bún mọc: Câu chuyện 'ngược đời' gây xúc động",2025-10-15 13:29:00,Ẩm thực,"Dậy từ 3 giờ sáng nấu bún mọc phục vụ khách, cụ bà U.90 ở TP.HCM nối nghiệp con gái và lan tỏa tinh thần 'còn sức là còn làm' khiến nhiều người ngưỡng mộ."
"Độc lạ miền Tây: Nuôi bầy chồn hương như thú cưng, tắm 2 lần/ngày như spa",2025-10-15 12:12:00,Cộng đồng,"Ở cồn Sơn (Cần Thơ), người đàn ông miền Tây khiến ai ghé thăm cũng ngạc nhiên khi thấy bầy chồn hương được ông chăm sóc như thú cưng chẳng khác gì spa."
Khi tình yêu kể chuyện từ giá trị truyền thống giao hòa với văn hóa hiện đại,2025-10-15 11:00:00,Đời sống,"Nhẹ nhàng và đầy cảm xúc trong bộ ảnh cưới của Nguyễn Hoàng Khánh Linh và Phan Hoàng, một bản giao hòa của hai thế giới: nơi giá trị truyền thống được tôn vinh, và nét hiện đại được thể hiện tinh tế."
Vụ cha ôm 2 con nhảy cầu Bến Thủy: Nỗi đau người ở lại,2025-10-15 10:23:00,Đời sống,"Lực lượng cứu hộ đang nỗ lực tìm kiếm 3 cha con bị mất tích sau khi nhảy cầu xuống sông Lam, trong khi đó, 2 ngày qua, nhiều người thân túc trực bên đê sông Lam để chờ kết quả tìm kiếm."
Hành trình 3 năm gieo những hạt mầm…,2025-10-15 09:28:00,Đời sống,"Trải qua 3 mùa tranh tài sôi nổi, cuộc thi Tiết kiệm điện thành thói quen đã tạo ra tiếng vang lớn trong công chúng, với gần 2.000 tác phẩm dự thi của các tác giả khắp cả nước gởi về. Và hành trình 3 năm gieo những ‘hạt mầm’ đã cho đời thật nhiều quả ngọt."
"Bốc đầu xe máy rồi nhờ vợ quay clip, nam thanh niên bị CSGT tịch thu xe",2025-10-15 09:10:00,Cộng đồng,"Bốc đầu xe máy rồi nhờ vợ quay clip để đăng lên mạng xã hội, nam thanh niên ở TP.HCM đã bị CSGT tịch thu xe."
8 phường ở TP.HCM cúp nước từ trưa nay đến ngày 17.10,2025-10-15 06:00:00,Cộng đồng,"Từ trưa nay 15.10 - 17.10, nhiều phường ở TP.HCM cúp nước để thực hiện công tác bảo dưỡng, bảo trì hệ thống đường ống nước."
"Mua số 'quái' 110001, chủ quán cà phê trúng độc đắc xổ số miền Nam... lần hai",2025-10-15 05:30:00,Cộng đồng,"Mua vé đài Long An có dãy số 'quái' 110001, bà chủ quán cà phê ở miền Tây bất ngờ trúng độc đắc xổ số miền Nam. Đại lý tới tận nhà đổi thưởng trong đêm."
Lan tỏa trên mạng xã hội: Buổi sinh nhật ấm áp của cụ ông,2025-10-15 05:15:00,Đời sống,"Trong khu nhà trọ, nhóm sinh viên âm thầm chuẩn bị bánh kem và quà mừng sinh nhật cho người chủ nhà 85 tuổi. Khoảnh khắc bất ngờ ấy khiến cụ ông rưng rưng nước mắt, còn cộng đồng mạng thì ""tan chảy"" trước tình cảm ấm áp giữa chủ nhà và người thuê trọ."
"Kết quả xổ số Power 6/55 Vietlott tối 14.10, quỹ độc đắc tăng hơn 33,2 tỉ đồng",2025-10-15 05:00:00,Cộng đồng,"Tối 14.10, Vietlott thông báo kết quả quay số mở thưởng loại hình xổ số Power 6/55, tuy nhiên, không xuất hiện người trúng giải độc đắc, tiền cộng dồn lên hơn 33,2 tỉ đồng."
Tin tức đặc biệt trên báo in Thanh Niên 15.10.2025,2025-10-15 04:05:00,Đời sống,"Tin tức TP.HCM hướng tới vị thế dẫn đầu về đổi mới sáng tạo, Đội tuyển VN thắng vẫn chưa sướng, Hy vọng về 'kỷ nguyên hòa bình' ở Trung Đông… là các thông tin bạn đọc có thể đón xem trên Báo Thanh Niên số ra ngày 15.10.2025."
Tối nay sao chổi 'đẹp nhất 2025' bay ngang bầu trời: Người Việt ngắm được không?,2025-10-14 19:45:00,Cộng đồng,"Sao chổi Lemmon (C/2025 A6) được dự báo là sao chổi đẹp nhất năm 2025. Đâu là thời điểm vàng để người Việt nhìn lên trời, chiêm ngưỡng sao chổi đặc biệt này?"
Xổ số miền Nam ngày 14 tháng 10: Nhiều tờ vừa trúng lớn xổ số Bạc Liêu,2025-10-14 18:02:00,Cộng đồng,16 vé xổ số Bạc Liêu vừa trúng giải cao sau khi có kết quả xổ số miền Nam ngày 14 tháng 10. Phía đại lý tiết lộ chuyện đổi thưởng.
Hải Phòng ngập lụt diện rộng do mưa lớn và triều cường,2025-10-14 16:08:00,Đời sống,"Cơ quan chức năng TP.Hải Phòng cho biết, trên địa bàn có hàng chục điểm ngập lụt sau trận mưa lớn sáng 14.10 khiến giao thông hỗn loạn, cuộc sống người dân bị đảo lộn."
Xổ số miền Nam ngày 14 tháng 10 - Kết quả xổ số hôm nay thứ ba,2025-10-14 16:00:00,Đời sống,"Xem kết quả xổ số miền Nam ngày 14 tháng 10. Xổ số miền Bắc, xổ số miền Trung, xổ số điện toán trực tiếp nhanh hôm nay thứ ba ngày 14.10.2025."
Cận cảnh quảng trường Phan Ngọc Hiển với biểu tượng tôm Cà Mau trước giờ khánh thành,2025-10-14 15:18:00,Đời sống,Dự án quảng trường Phan Ngọc Hiển ở tỉnh Cà Mau có tổng vốn đầu tư hơn 278 tỉ đồng cơ bản hoàn thành các hạng mục với điểm nhấn là biểu tượng con tôm Cà Mau ôm quả địa cầu.
"Triều cường dâng cao, người dân hẻm ở TP.HCM thức trắng đêm bơm nước ngập",2025-10-14 13:08:00,Cộng đồng,"Đến sáng 14.10, hẻm 28 đường Tam Bình (phường Hiệp Bình, TP.HCM) vẫn lênh láng nước ngập do triều cường dâng cao. Người dân thức trắng đêm bơm nước, chờ nước rút."
Chuyển gần 2 tỉ tiền phúng điếu trưởng lão hòa thượng Thích Trí Tịnh cứu trợ đồng bào bị thiên tai,2025-10-14 12:30:00,Cộng đồng,Gần 2 tỉ đồng tiền phúng điếu trưởng lão hòa thượng Thích Trí Tịnh đã được ban tổ chức lễ tang chuyển đến Ban Từ thiện - Xã hội Giáo hội Phật giáo Việt Nam TP.HCM để cứu trợ đồng bào bị thiên tai.
Đường phố Hải Phòng biến thành 'sông' sau cơn mưa lớn,2025-10-14 12:22:00,Đời sống,"Sáng 14.10, mưa lớn kéo dài hơn 4 tiếng kết hợp triều cường dâng cao đã khiến hàng loạt tuyến đường ở trung tâm TP.Hải Phòng chìm trong 'biển nước', giao thông tê liệt cục bộ."
Phường Tân Mỹ ở TP.HCM triển khai 'Bình dân học vụ số',2025-10-14 12:16:00,Đời sống,"UBND và Ủy ban MTTQ Việt Nam phường Tân Mỹ (TP.HCM) ký kết phối hợp, triển khai phong trào 'Bình dân học vụ số' giai đoạn 2025 - 2026 trên địa bàn phường."
Ngắm đường phố TP.HCM sáng nay: Rực rỡ cờ hoa chào mừng Đại hội đại biểu Đảng bộ,2025-10-14 08:41:00,Đời sống,"Sáng nay 14.10, Đại hội đại biểu Đảng bộ TP.HCM lần thứ I chính thức diễn ra trọng thể. Trên nhiều đường lớn, hẻm nhỏ ở TP.HCM ngập tràn cờ hoa chào mừng sự kiện đặc biệt này."
Lịch nghỉ tết Bính Ngọ 9 ngày liên tiếp: Theo lịch âm có gì thú vị?,2025-10-14 07:21:00,Cộng đồng,"Theo lịch nghỉ tết Bính Ngọ 2026, người Việt được nghỉ 9 ngày liên tiếp. Dưới đây là chi tiết các ngày nghỉ theo lịch âm."
Chàng trai người Mông và những điệu nhảy triệu view,2025-10-14 05:55:00,Người sống quanh ta,"Các clip chàng trai người Mông Sùng Mạnh Hùng mặc trang phục truyền thống nhảy cùng du khách nước ngoài giữa quảng trường ở phố cổ Đồng Văn, tỉnh Tuyên Quang (Hà Giang cũ), luôn được cư dân mạng hào hứng chia sẻ."
"Người Đà Nẵng góp từng gói mì, chai nước gửi yêu thương ra vùng lũ miền Bắc",2025-10-14 05:30:00,Người sống quanh ta,"Những ngày này, người dân Đà Nẵng góp từng chai nước, gói mì, hộp sữa… để chuyển ra vùng lũ miền Bắc giúp đồng bào khắc phục hậu quả bão lũ."
"Hy hữu: 6 tờ trúng độc đắc xổ số miền Nam, lại trúng thêm một giải",2025-10-14 05:00:00,Cộng đồng,"Mới đây, đại lý ở miền Tây vừa chia sẻ chuyện hy hữu về 6 tờ vé số trúng hai giải xổ số miền Nam đài Bình Phước, trong đó có giải độc đắc trị giá 12 tỉ đồng."
Tin tức đặc biệt trên báo in Thanh Niên 14.10.2025,2025-10-14 03:42:00,Đời sống,Tin tức Đưa Việt Nam vào nhóm 30 nền kinh tế hàng đầu thế giới; Mua nhà ở xã hội chưa bao giờ dễ thế này; Lối thoát nào cho thương chiến Mỹ - Trung?... là các thông tin bạn đọc có thể đón xem trên Báo Thanh Niên số ra ngày 14.10.2025.
Hành tinh lớn nhất hệ mặt trời 'ở cạnh' mặt trăng: Cảnh đẹp nhất rạng sáng mai,2025-10-13 20:00:00,Cộng đồng,"Tối nay 13.10 và rạng sáng mai, hành tinh lớn nhất hệ mặt trời sẽ ở cạnh vầng trăng khuyết, tạo nên khung cảnh thú vị cho người ngắm sao."
"3 giờ sáng, người Huế mở bếp kho 300 kg cá nục gửi người dân vùng lũ",2025-10-13 19:23:00,Người sống quanh ta,"Từ 3 giờ sáng, bếp lửa ở Huế đỏ rực, hàng chục người cùng kho 300 kg cá nục chuẩn vị Huế gửi ra vùng lũ Thái Nguyên - món quà đượm nghĩa tình."
Xổ số miền Nam ngày 13 tháng 10: TP.HCM xuất hiện nhiều vé trúng giải lớn,2025-10-13 17:49:00,Cộng đồng,"42 tờ trúng xổ số miền Nam ngày 13 tháng 10 đã xuất hiện, đều do một đại lý ở TP.HCM bán ra."
Xổ số miền Nam ngày 13 tháng 10 - Kết quả xổ số hôm nay thứ hai,2025-10-13 16:00:00,Đời sống,"Xem kết quả xổ số miền Nam ngày 13 tháng 10. Xổ số miền Bắc, xổ số miền Trung, xổ số điện toán trực tiếp nhanh hôm nay thứ hai ngày 13.10.2025."
"Camera AI 'âm thầm' ghi hình lỗi quen thuộc, hàng loạt người bị phạt nguội bất ngờ",2025-10-13 14:07:00,Cộng đồng,"31 camera AI ở TP.HCM bắt lỗi phạt nguội chuẩn xác tuyệt đối đã ghi hình một lỗi vi phạm quen thuộc, hàng loạt người bị phạt nguội bất ngờ."
"Kết quả xổ số Lotto 5/35 Vietlott, 6,4 tỉ đồng được cộng dồn",2025-10-13 14:02:00,Cộng đồng,"Trưa 13.10, Vietlott vừa thông báo kết quả quay số mở thưởng loại hình xổ số Lotto 5/35, giải độc đắc cộng dồn lên hơn 6,4 tỉ đồng."
CSGT TP.HCM tiếp tục phạt 571 người vi phạm nồng độ cồn ngày thứ 2 ra quân,2025-10-13 12:29:00,Cộng đồng,"Ngày thứ 2 ra quân cao điểm, CSGT tiếp tục phạt 571 người vi phạm nồng độ cồn và gửi thông báo phạt nguội 250 trường hợp."
"'Già gân' thời hiện đại, khi tuổi tác chỉ là con số: Gymer, KOL, bà nội... gây bão mạng",2025-10-13 12:12:00,Đời sống,"Nhiều cụ bà U.80, U.90 ở Việt Nam bất ngờ trở thành hiện tượng mạng, xứng đáng là 'già gân' thời hiện đại khi lan tỏa tinh thần sống khỏe, sống vui giữa kỷ nguyên số."
VWS Hướng về người dân vùng bão lũ,2025-10-13 08:00:00,Đời sống,"Trong những ngày người dân vùng bão lũ đang gồng mình khắc phục hậu quả, những nghĩa cử ấm áp đã được gửi đến từ phương Nam. Trong đó, có một doanh nhân gắn bó sâu nặng với quê hương là ông David Dương, Chủ tịch HĐQT kiêm Tổng giám đốc Công ty California Waste Solutions (CWS) và Công ty TNHH Xử lý Chất thải Việt Nam (VWS)."
Tin tức đặc biệt trên báo in Thanh Niên 13.10.2025,2025-10-13 06:00:00,Đời sống,"Tin tức TP.HCM định hình siêu đô thị đáng sống, Chúc mừng ngày Doanh nhân Việt Nam 13.10: doanh nghiệp đã sẵn sàng cho kỷ nguyên vươn mình, Căng thẳng Mỹ - Trung liệu còn leo thang?… có thể đón xem trên Báo Thanh Niên số ra ngày 13.10.2025."
Nhóm phi công drone tiếp tế vùng lũ,2025-10-13 05:55:00,Người sống quanh ta,"Trước tình hình lũ lụt ở miền Bắc khiến nhiều khu vực bị cô lập, cộng đồng những người có thiết bị bay không người lái (drone) từ Nam ra Bắc đã kết nối qua mạng xã hội, kịp thời có mặt tại vùng lũ để giúp đỡ người dân."
"Hàng loạt tờ trúng xổ số miền Nam đài Bình Dương, có tứ quý 8888",2025-10-13 05:30:00,Cộng đồng,"Hàng loạt tờ vé số trúng độc đắc, an ủi và khuyến khích xổ số miền Nam đài Bình Dương đã xuất hiện. Một số tờ vé trúng có dãy tứ quý 8888 khiến nhiều người thích thú."
"Kết quả xổ số Mega 6/45 Vietlott tối 12.10, gần 92 tỉ đồng chờ người trúng",2025-10-12 21:35:00,Cộng đồng,"Tối 12.10, Vietlott thông báo kết quả quay số mở thưởng loại hình xổ số Mega 6/45, lần này chưa ghi nhận người trúng, giải độc đắc cộng dồn gần 92 tỉ đồng."
Tối nay người Việt ngắm mưa sao băng ít người biết: Khám phá bí ẩn vũ trụ,2025-10-12 19:33:00,Cộng đồng,Trận mưa sao băng Delta Aurigids ít người biết đến đang diễn ra. Vì sao nhiều người xem đây là một trong những trận mưa sao băng bí ẩn?
Nhiều vé trúng xổ số miền Nam ngày 12 tháng 10 lộ diện sớm ở TP.HCM,2025-10-12 17:21:00,Cộng đồng,"Vừa có kết quả xổ số miền Nam ngày 12 tháng 10 chiều nay, nhiều vé trúng đài Tiền Giang, Đà Lạt lộ diện sớm."
Xổ số miền Nam ngày 12 tháng 10 - Kết quả xổ số hôm nay chủ nhật,2025-10-12 16:00:00,Đời sống,"Xem kết quả xổ số miền Nam ngày 12 tháng 10; Xổ số miền Bắc, xổ số miền Trung, xổ số điện toán trực tiếp nhanh hôm nay chủ nhật ngày 12.10.2025."
CSGT TP.HCM phạt 570 người vi phạm nồng độ cồn ngày đầu ra quân,2025-10-12 15:38:00,Cộng đồng,"Ngày đầu ra quân cao điểm, CSGT TP.HCM đã phạt 570 người vi phạm nồng độ cồn, 500 trường hợp khác bị phạt nguội."
"Chó, thỏ, chuột hamster... lần đầu tiên được vào sảnh trung tâm thương mại vui chơi",2025-10-12 14:15:00,Cộng đồng,"Rất đông gia đình ở TP.HCM hào hứng dẫn thú cưng, đặc biệt là chó, thỏ, chuột hamster... đến sảnh trung tâm thương mại Estella Place sang trọng để vui chơi, đi dạo tại lễ hội thú cưng."
Kim quan trưởng lão hòa thượng Thích Trí Tịnh nhập tháp tại chùa Linh Phong Thiền Uyển,2025-10-12 12:08:00,Cộng đồng,"Từ sáng sớm 12.10, chính quyền địa phương phường Vũng Tàu (TP.HCM) tổ chức phân tuyến đường để cung đón kim quan trưởng lão hòa thượng Thích Trí Tịnh về chùa Linh Phong Thiền Uyển."
Lễ hội ẩm thực Việt Nam: Người Việt nấu phở đãi người Nhật tại Osaka,2025-10-12 10:00:00,Ẩm thực,"Trong sự kiện 'Ẩm thực Việt Nam – Sự khác biệt giữa miền Bắc và miền Nam' tại Osaka (Nhật Bản), người Việt nấu phở, bún và phở cuốn chiêu đãi người dân Nhật."
Danh sách các tuyến đường lắp camera AI phạt nguội tại TP.HCM,2025-10-12 09:19:00,Cộng đồng,31 camera AI phạt nguội được lắp trên các tuyến đường ở TP.HCM bắt lỗi được cùng lúc nhiều xe vi phạm. Đó là các tuyến nào?
Tiễn đưa kim quan trưởng lão hòa thượng Thích Trí Tịnh rời chùa Vĩnh Nghiêm,2025-10-12 08:05:00,Cộng đồng,"Giáo hội Phật giáo Việt Nam, chư tăng ni cùng đông đảo người dân, phật tử có mặt ở chùa Vĩnh Nghiêm từ sáng sớm 12.10 tiễn đưa kim quan trưởng lão hòa thượng Thích Trí Tịnh."
"Thảo Cầm Viên có cây xà cừ 160 tuổi, cao 62 m lớn nhất Việt Nam",2025-10-12 06:00:00,Cộng đồng,"Cây xà cừ hơn 160 tuổi, cao 62 m ở Thảo Cầm Viên Sài Gòn được xem là lớn nhất Việt Nam, cùng với nhiều cây cổ thụ khác là ""chứng nhân"" lịch sử của nơi này."
"Dò nhầm đài, suýt vứt vé trúng độc đắc xổ số miền Nam: Khách nhận tiền 'khủng'",2025-10-12 05:30:00,Cộng đồng,1 tờ trúng độc đắc và 29 tờ trúng an ủi xổ số miền Nam vừa được một đại lý ở Đồng Nai đổi thưởng cho khách. Đại lý tiết lộ chuyện bất ngờ về người may mắn trúng độc đắc.
"Sinh viên TP.HCM vào chùa học thiền, tìm hiểu đạo Phật",2025-10-12 05:00:00,Cộng đồng,"Sinh viên Trường đại học Văn Lang và Trường đại học Sư phạm TP.HCM đã đến tu viện Khánh An học thiền, tìm hiểu đạo Phật trong đời sống hiện đại."
Tin tức đặc biệt trên báo in Thanh Niên 12.10.2025,2025-10-12 04:30:00,Đời sống,"Tin tức Metro, ""phép màu"" cho giao thông công cộng TP.HCM; Hữu Lũng và những vách đá ""đẻ"" trứng vàng; Thương chiến Mỹ - Trung bất ngờ leo thang... là các thông tin bạn đọc có thể đón xem trên Báo Thanh Niên số ra ngày 12.10.2025."
Có ngôi sao nhấp nháy nhiều màu hướng đông bắc: Người Việt đừng bỏ lỡ tối nay!,2025-10-11 19:48:00,Cộng đồng,"Tối nay, người Việt có thể nhìn lên trời, chiêm ngưỡng một trong những ngôi sao lấp lánh nhất trên bầu trời đêm. Đó là ngôi sao nào?"
"Kết quả xổ số Power 6/55 Vietlott tối 11.10, có thêm người trúng hơn 3,5 tỉ đồng",2025-10-11 19:21:00,Cộng đồng,"Tối 11.10, Vietlott thông báo kết quả quay số mở thưởng loại hình xổ số Power 6/55, lần này lại xuất hiện một người trúng giải Jackpot 2 trị giá hơn 3,5 tỉ đồng."
"980 tờ trúng xổ số miền Nam ngày 11 tháng 10 đài TP.HCM, Bình Phước... xuất hiện",2025-10-11 17:16:00,Cộng đồng,"Có 980 tờ vé số đài TP.HCM, Bình Phước, Hậu Giang… vừa trúng xổ số miền Nam ngày 11 tháng 10 chiều nay. Có gì đặc biệt?"
Nỗi ám ảnh của hàng trăm hộ dân ở 'rốn ngập' Hà Nội,2025-10-11 17:06:00,Đời sống,"Trong vòng hơn 1 tháng, tổ dân phố 2, làng Miêu Nha, P.Xuân Phương (Hà Nội) hứng chịu tới 3 trận ngập lớn. Những trận ngập liên tiếp đã gây ra nhiều tổn thất nặng nề, khiến cuộc sống của người dân bị đảo lộn."
Xổ số miền Nam ngày 11 tháng 10: Kết quả xổ số hôm nay thứ bảy,2025-10-11 16:00:00,Đời sống,"Xem kết quả xổ số miền Nam ngày 11 tháng 10. Xổ số miền Bắc, xổ số miền Trung, xổ số điện toán trực tiếp nhanh hôm nay thứ bảy ngày 11.10.2025."
"Người dân, phật tử TP.HCM viếng trưởng lão hòa thượng Thích Trí Tịnh ở chùa Vĩnh Nghiêm",2025-10-11 14:30:00,Cộng đồng,"Trong 3 ngày diễn ra lễ tang trưởng lão hòa thượng Thích Trí Tịnh ở chùa Vĩnh Nghiêm, đông đảo người dân, phật tử TP.HCM đã đến viếng tang."
"Kết quả xổ số Lotto 5/35 Vietlott, có người trúng hơn 10 tỉ đồng trưa 11.10",2025-10-11 13:44:00,Cộng đồng,"Trưa 11.10, Vietlott vừa thông báo kết quả quay số mở thưởng loại hình xổ số Lotto 5/35, giải độc đắc hơn 10 tỉ đồng đã có người trúng."
"Xổ số miền Nam từ ngày 1.1.2026 có gì mới, tần suất quay thưởng tăng?",2025-10-11 13:12:00,Cộng đồng,"Từ ngày 1.1.2026, thị trường xổ số miền Nam sẽ có cuộc tái cấu trúc về số lượng công ty xổ số kiến thiết và tần suất quay thưởng."
Tai nạn do phụ nữ lái xe đi vào điểm mù ô tô: CSGT cảnh báo khẩn,2025-10-11 12:01:00,Cộng đồng,"Ở TP.HCM liên tục xảy ra tai nạn giao thông chết người do phụ nữ lái xe đi vào điểm mù ô tô, CSGT vừa ra cảnh báo khẩn."
Tiền phúng điếu trưởng lão hòa thượng Thích Trí Tịnh dùng cứu trợ đồng bào bị thiên tai,2025-10-11 08:44:00,Cộng đồng,Tất cả tiền phúng điếu trưởng lão hòa thượng Thích Trí Tịnh được dùng để cứu trợ đồng bào bị thiên tai theo tâm nguyện của ngài lúc sinh thời.
"Rái cá, rắn hổ mang chúa ở Thảo Cầm Viên mang 'lý lịch' đặc biệt, ít ai biết",2025-10-11 06:00:00,Cộng đồng,"Số lượng lớn rái cá và rắn hổ mang chúa đang được nuôi ở Thảo Cầm Viên Sài Gòn là tang vật trong các vụ án, được tiếp nhận cứu hộ từ cơ quan chức năng trong nhiều năm qua."
Ấm lòng những bữa ăn 0 đồng ở vùng lũ Thái Nguyên,2025-10-11 05:45:00,Người sống quanh ta,"Giữa những ngày nước lũ dâng cao ở Thái Nguyên, nhiều chủ quán ăn thông báo nấu cơm miễn phí cho người dân đang chịu ảnh hưởng của thiên tai cũng như các đoàn cứu trợ."
"Quyên góp đèn pin, sạc dự phòng gửi bà con vùng lũ giữ liên lạc",2025-10-11 05:30:00,Người sống quanh ta,"Ngoài thực phẩm và nước uống, người dân ở nhiều nơi quyên góp đèn pin, sạc dự phòng gửi bà con vùng lũ để giữ liên lạc."
"Hiếm gặp: 14 vé trúng tới… 2 giải xổ số miền Nam, đổi thưởng thế nào?",2025-10-11 05:00:00,Cộng đồng,"Mới đây, hình ảnh hàng loạt tờ vé trúng tới 2 giải xổ số miền Nam được dân mạng chia sẻ, dẫn tới tranh cãi: 'Đổi thưởng thế nào?'."
Tin tức đặc biệt trên báo in Thanh Niên 11.10.2025,2025-10-11 04:30:00,Đời sống,"Tin tức Giá xăng dầu ""neo"" lạm phát; Năm 2026 sẽ không còn hội đồng trường trong cơ sở ĐH công lập; Gaza giữa những lực cản hòa bình sau lệnh ngừng bắn... là các thông tin hấp dẫn bạn đọc có thể đón xem trên Báo Thanh Niên số ra ngày 11.10.2025."
"Anh chàng một chân mê thể thao, truyền năng lượng tích cực",2025-10-10 20:20:00,Cộng đồng,"Các clip anh chàng một chân chăm tập luyện thể thao, leo núi, truyền năng lượng sống tích cực nhận về ""mưa tim"" trên mạng xã hội. Ít ai biết để có được cuộc sống hạnh phúc như hiện tại, anh từng phải vượt qua biến cố lớn nhất cuộc đời."
"Tối 10.10, cơ hội cuối ngắm sao băng kỳ lạ rơi từ 'đuôi con rồng vũ trụ'",2025-10-10 19:49:00,Cộng đồng,Tối nay 10.10 là cơ hội cuối cùng để người Việt ngắm trận mưa sao băng kỳ lạ rơi từ 'đuôi con rồng vũ trụ'. Có gì thú vị?
"Kết quả xổ số Mega 6/45 Vietlott 10.10, quỹ độc đắc cán mốc gần 84 tỉ đồng",2025-10-10 19:18:00,Cộng đồng,"Tối 10.10, Vietlott thông báo kết quả quay số mở thưởng loại hình xổ số Mega 6/45, chưa ghi nhận người trúng, giải độc đắc cộng dồn gần 84 tỉ đồng."
"Lãnh đạo Đảng, Nhà nước, MTTQ Việt Nam viếng tang trưởng lão hòa thượng Thích Trí Tịnh",2025-10-10 17:54:00,Cộng đồng,"Đoàn lãnh đạo Đảng, Nhà nước, Ủy ban MTTQ Việt Nam đã đến dâng hoa, dâng hương viếng trưởng lão hòa thượng Thích Trí Tịnh tại chùa Vĩnh Nghiêm."
Xổ số miền Nam ngày 10 tháng 10: 140 vé trúng 420 triệu đài Trà Vinh,2025-10-10 17:17:00,Cộng đồng,"Vừa lộ diện 420 vé trúng xổ số Trà Vinh, ngay sau khi có kết quả xổ số miền Nam ngày 10 tháng 10. Đặc biệt, 140 vé trúng 420 triệu được dân mạng quan tâm, chia sẻ."
Xổ số miền Nam ngày 10 tháng 10 - Kết quả xổ số hôm nay thứ sáu,2025-10-10 16:00:00,Đời sống,"Xem kết quả xổ số miền Nam ngày 10 tháng 10; Xổ số miền Bắc, xổ số miền Trung, xổ số điện toán trực tiếp nhanh hôm nay thứ sáu ngày 10.10.2025."
Tân sinh viên ‘level up’: Công thức để không chỉ sống sót mà còn bứt phá,2025-10-10 14:23:00,Đời sống,"Bước chân vào đại học, nhiều tân sinh viên vừa háo hức vừa bỡ ngỡ. Không còn thời khóa biểu 'cầm tay chỉ việc' như cấp ba, cũng chẳng có thầy cô kèm cặp sát sao. Thay vào đó, một thế giới rộng lớn mở ra, nơi bạn phải tự viết nên hành trình của chính mình. Làm thế nào để không bị áp lực cản trở mà biến năm nhất thành bệ phóng rực rỡ để bứt phá và trưởng thành?"
"30 phút, gần 400 xe máy đi trên vỉa hè Võ Thị Sáu bị CSGT phạt nguội",2025-10-10 13:30:00,Cộng đồng,"Trong 30 phút ghi hình phạt nguội, CSGT ghi nhận có tới gần 400 xe máy đi trên vỉa hè đường Võ Thị Sáu, biển số rõ ràng, sắc nét."
6 phường ở TP.HCM cúp nước từ tối nay 10.10 đến cuối tuần,2025-10-10 11:00:00,Cộng đồng,"Từ tối nay 10.10 đến cuối tuần, nhiều phường ở TP.HCM cúp nước để thực hiện công tác bảo dưỡng, bảo trì hệ thống đường ống nước."
Các đoàn viếng tang trưởng lão hòa thượng Thích Trí Tịnh tại chùa Vĩnh Nghiêm,2025-10-10 10:46:00,Cộng đồng,"Các phái đoàn của Bộ Tư lệnh, Công an TP.HCM, Cục An ninh nội địa, Ban Trị sự Giáo hội Phật giáo Việt Nam các tỉnh, thành... đã viếng tang, đảnh lễ tưởng niệm trưởng lão hòa thượng Thích Trí Tịnh."
Gọt vỉa hè cho xe rẽ phải ở TP.HCM: Có người vẫn không nhường đường,2025-10-10 10:08:00,Cộng đồng,"TP.HCM vừa cho gọt vỉa hè tạo làn để xe rẽ phải liên tục ở đường Kha Vạn Cân đoạn giao đường số 2 để giảm kẹt xe. Tuy nhiên, có người vẫn dừng chắn lối rẽ phải, không nhường đường."
Kiến tạo không gian sống an toàn với máy lọc không khí cao cấp Acerpure,2025-10-10 08:00:00,Đời sống,Các dòng sản phẩm máy lọc không khí cao cấp Acerpure hỗ trợ giúp bảo vệ gia đình khỏi các tác nhân gây hại cho sức khỏe.
"Cận cảnh đường phố Thái Nguyên tan hoang, xe cộ bám đầy bùn sau lũ rút",2025-10-10 06:00:00,Cộng đồng,"Nước lũ rút, để lại cảnh đường phố Thái Nguyên tan hoang, xe cộ bám đầy bùn non và rác thải ngổn ngang. Người dân bắt đầu dọn dẹp khắc phục hậu quả."
Nửa đêm ở ngã sáu Buôn Ma Thuột: Hàng cứu trợ chất cao như núi chờ gửi vùng lũ,2025-10-10 05:45:00,Người sống quanh ta,"Hàng trăm tấn hàng cứu trợ được gom chỉ trong một tuần ở Đắk Lắk. Người dân thức trắng đêm, chất từng thùng mì, bao gạo gửi ra vùng lũ miền Bắc."
CSGT TP.HCM: Xe máy cũ có thể sang tên chính chủ sau 30 ngày,2025-10-10 05:30:00,Cộng đồng,"CSGT TP.HCM cho biết, người dân đang sở hữu các xe cũ mua bán qua nhiều đời chủ, không tìm được chủ cũ có thể sang tên chính chủ sau 30 ngày."
Vợ chồng công nhân nghèo bất ngờ trúng độc đắc 10 tỉ xổ số miền Nam,2025-10-10 05:00:00,Cộng đồng,Một đại lý vé số ở Tây Ninh vừa đổi thưởng 5 tờ trúng độc đắc xổ số miền Nam ngày 6 tháng 10. Chủ nhân là vợ chồng công nhân nghèo.
Chuyện thú vị: Mặt trăng xuất hiện sau khi mặt trời mọc tuần này,2025-10-10 04:45:00,Cộng đồng,Tuần này là 'thời điểm vàng' để người yêu thiên văn có thể quan sát mặt trăng vào ban ngày. Có gì thú vị?
Tin tức đặc biệt trên báo in Thanh Niên 10.10.2025,2025-10-10 03:54:00,Đời sống,"Tin tức Thúc đẩy quan hệ Việt Nam - CHDCND Triều Tiên bước vào giai đoạn phát triển mới; Sắp xếp trường học, không chỉ để giảm đầu mối; Ai sẽ là chủ nhân giải Nobel Hòa bình 2025?… là các thông tin bạn đọc có thể đón xem trên Báo Thanh Niên số ra ngày 10.10.2025."
"Thác Bản Giốc nước cuồn cuộn đục ngầu, cảnh tượng hiếm thấy giữa mùa thu",2025-10-09 20:27:00,Cộng đồng,"Sau mưa lũ kéo dài, thác Bản Giốc mang diện mạo hiếm thấy: dòng nước cuồn cuộn, đục ngầu giữa khung cảnh mùa thu của nước non Cao Bằng."
"Drone xuyên lũ mang thuốc cứu bé 4 tháng tuổi sốt cao, co giật tại Thái Nguyên",2025-10-09 20:09:00,Đời sống,"Nhận được tin cháu bé 4 tháng tuổi tại vùng ngập sâu ở Thái Nguyên đang sốt cao, bị co giật, Viettel đã khẩn trương cho drone (thiết bị bay không người lái) băng qua vùng ngập lụt, kịp thời mang thuốc và nhu yếu phẩm thiết yếu đến cho gia đình."
"Kết quả xổ số Power 6/55 Vietlott tối 9.10, xuất hiện người trúng gần 37 tỉ đồng",2025-10-09 19:55:00,Cộng đồng,"Tối 9.10, Vietlott thông báo kết quả quay số mở thưởng loại hình xổ số Power 6/55, lần này xuất hiện một người trúng giải Jackpot 1 trị giá gần 37 tỉ đồng."
Lãnh đạo CSGT TP.HCM nói về những khó khăn khi phạt nguội xe máy,2025-10-09 18:50:00,Cộng đồng,"Phạt nguội xe máy gặp một số khó khăn khi người dân mua bán xe không sang tên, nhận thông báo không đến phối hợp CSGT giải quyết, nộp phạt."
Lũ rút ở Thái Nguyên: Từ trên cao xót xa thấy bùn non đặc quánh phủ khắp,2025-10-09 17:44:00,Cộng đồng,"Ngày 9.10, người dân ở vùng lũ Thái Nguyên cho biết nước đang rút dần, trên nhiều tuyến đường xe cộ đã có thể di chuyển nhưng cùng với đó là lớp bùn non đặc quánh lộ diện, mọi người vất vả dọn dẹp."
Nhiều người miền Tây vừa trúng hàng loạt vé xổ số miền Nam ngày 9 tháng 10,2025-10-09 17:19:00,Cộng đồng,"Vừa có kết quả xổ số miền Nam ngày 9 tháng 10, hàng loạt vé may mắn trúng thưởng liền lộ diện. Phía đại lý chuyển khoản ngay cho khách trúng các giải."
TP.HCM sẽ giảm CSGT ra đường xử phạt nhờ camera AI phạt nguội,2025-10-09 16:26:00,Cộng đồng,"Lãnh đạo Phòng CSGT Công an TP.HCM cho biết, TP đang nâng cấp camera AI phát hiện phạt nguội để giảm lực lượng CSGT ra đường xử phạt."
Xổ số miền Nam ngày 9 tháng 10 - Kết quả xổ số hôm nay thứ năm,2025-10-09 16:00:00,Đời sống,"Xem kết quả xổ số miền Nam ngày 9 tháng 10; xổ số miền Bắc, xổ số miền Trung, xổ số điện toán trực tiếp nhanh hôm nay thứ năm ngày 9.10.2025."
Đức Pháp chủ Giáo hội Phật giáo Việt Nam tưởng niệm trưởng lão hòa thượng Thích Trí Tịnh,2025-10-09 12:13:00,Cộng đồng,"Đại lão hòa thượng Thích Trí Quảng, Đức Pháp chủ Giáo hội Phật giáo Việt Nam đã đến dâng hương tưởng niệm trưởng lão hòa thượng Thích Trí Tịnh tại chùa Vĩnh Nghiêm."
Top 5 lỗi vi phạm giao thông camera AI phát hiện phạt nguội nhiều nhất TP.HCM,2025-10-09 11:42:00,Cộng đồng,"TP.HCM có 31 camera AI bắt lỗi vi phạm giao thông ở các giao lộ. 1 tháng, camera AI phát hiện phạt nguội hơn 3.100 trường hợp. Lỗi nào nhiều nhất?"
"Acerpure AQUA - Máy lọc nước tiện nghi tức thì, sẵn sàng mọi khoảnh khắc",2025-10-09 11:00:00,Đời sống,"Acerpure AQUA mang đến nguồn nước nóng, lạnh và tinh khiết ngay tức thì. Chỉ cần một chạm, người dùng có ngay nước sạch theo nhu cầu, không còn mất thời gian chờ đợi."
"Hà Nội vẫn còn điểm ngập tới bụng, người dân 'bơi' trên phố",2025-10-09 10:00:00,Đời sống,"Hà Nội đã có nắng nhưng khu vực 'rốn ngập' QL70 và làng Miêu Nha (P.Xuân Phương) vẫn chìm trong biển nước do nước sông Nhuệ dâng cao, người dân vật lộn với biển nước để di chuyển."
'Thái Nguyên ngập lụt khủng khiếp hơn bão Yagi',2025-10-09 08:57:00,Đời sống,"Nước sông Cầu dâng cao khiến lũ cuồn cuộn tràn vào nhấn chìm nhiều tuyến phố trung tâm ở TP.Thái Nguyên cũ (tỉnh Thái Nguyên). Nhiều hộ gia đình chỉ kịp chạy lên tầng cao, không kịp sơ tán tài sản."
Đưa xuồng về Thái Nguyên cứu dân vùng lũ,2025-10-09 07:07:00,Người sống quanh ta,"Nghe tin lũ tràn về, anh Bùi Tùng (38 tuổi) vận chuyển chiếc xuồng máy từ Hà Nội đi Thái Nguyên để tham gia hỗ trợ đưa người dân bị mắc kẹt đến nơi an toàn. Hành động kịp thời của anh khiến cư dân mạng xúc động."
"Chùa Linh Phong Thiền Uyển, nơi trưởng lão hòa thượng Thích Trí Tịnh khai sơn",2025-10-09 06:00:00,Cộng đồng,"Chùa Linh Phong Thiền Uyển, nơi trưởng lão hòa thượng Thích Trí Tịnh khai sơn, nằm dựa vào núi Nhỏ, phường Vũng Tàu (TP.HCM) cổ kính, mang đậm dấu ấn Phật giáo miền Bắc."
Cách đặt tên bão và lý do có những cái tên bị xóa sổ,2025-10-09 05:30:00,Cộng đồng,"Khoảng 1 tháng gần đây, liên tiếp nhiều cơn bão xuất hiện trên Biển Đông. Ít ai biết, đằng sau mỗi tên bão là một quy trình lựa chọn, đồng thời cũng có những cái tên bị ""khai tử"" vì gây ra hậu quả tang thương."
"Lũ lịch sử ở Thái Nguyên: Ảnh từ trên cao, nước ngập bủa vây khắp nơi",2025-10-09 05:15:00,Cộng đồng,"Ảnh chụp ngày 8.10 từ flycam cho thấy nhiều nơi ở Thái Nguyên vẫn chìm trong 'biển nước', nhiều khu dân cư ngập sâu, nước dâng cao tới mái nhà trong trận lũ lịch sử."
"Khách trúng độc đắc 8 tỉ xổ số miền Nam đài Cà Mau, nhận hết tiền mặt",2025-10-09 05:00:00,Cộng đồng,Người đàn ông ở An Giang vừa đổi thưởng 4 tờ trúng độc đắc xổ số miền Nam ngày 6 tháng 10 và quyết định nhận toàn bộ tiền mặt.
Tin tức đặc biệt trên báo in Thanh Niên 9.10.2025,2025-10-09 03:56:00,Đời sống,Tin tức Hỗ trợ khẩn cấp các tỉnh khắc phục hậu quả mưa lũ; TP.HCM kiến tạo đô thị đáng sống toàn cầu; 'Bóc phốt' nghịch lý ở Đại học Harvard... là các thông tin bạn đọc có thể đón xem trên Báo Thanh Niên số ra ngày 9.10.2025.
Lãnh đạo TP.HCM viếng trưởng lão hòa thượng Thích Trí Tịnh,2025-10-08 21:31:00,Cộng đồng,"Trong không khí trang nghiêm tại chùa Vĩnh Nghiêm, các lãnh đạo TP.HCM và các sở, ngành đến viếng trưởng lão hòa thượng Thích Trí Tịnh."
Trang nghiêm lễ nhập kim quan trưởng lão hòa thượng Thích Trí Tịnh tại chùa Vĩnh Nghiêm,2025-10-08 19:55:00,Cộng đồng,Giáo hội Phật giáo Việt Nam đã trang nghiêm cử hành lễ nhập kim quan trưởng lão hòa thượng Thích Trí Tịnh tại chùa Vĩnh Nghiêm.
Tự chế đèn dầu từ dầu ăn để thắp sáng ngày bão lũ có được không?,2025-10-08 19:45:00,Cộng đồng,"Khi mất điện vì bão lũ, nhiều người ở vùng lũ sáng tạo cách tự chế đèn dầu từ dầu ăn, gạo và tăm bông để thắp sáng trong đêm tối. Chuyên gia nói gì về tính an toàn của sáng kiến này?"
"Kết quả xổ số Mega 6/45 Vietlott tối 8.10, quỹ độc đắc hơn 76 tỉ đồng",2025-10-08 19:27:00,Cộng đồng,"Tối 8.10, Vietlott thông báo kết quả quay số mở thưởng loại hình xổ số Mega 6/45, tuy nhiên chưa ghi nhận người trúng, giải độc đắc cộng dồn hơn 76 tỉ đồng."
"TP.HCM mưa lớn, nước ngập gần 3 tiếng trên đường Quốc Hương",2025-10-08 19:23:00,Cộng đồng,"Chiều tối 8.10, cơn mưa lớn bất ngờ đổ xuống nhiều khu vực ở TP.HCM khiến đường Quốc Hương (phường An Khánh) nước ngập sâu, kéo dài đến hơn 3 tiếng."
140 tờ trúng xổ số miền Nam ngày 8 tháng 10: Đại lý đổi thưởng ngay,2025-10-08 17:55:00,Cộng đồng,"Vừa có kết quả xổ số miền Nam ngày 8 tháng 10 chiều nay, một đại lý vé số ở Vĩnh Long cho biết đã bán trúng 140 tờ và đổi thưởng ngay cho khách."
"Lạng Sơn chờ cứu trợ 'nhà ngập tận nóc, đồ đạc trôi hết rồi'",2025-10-08 16:56:00,Đời sống,"Hôm nay 8.10, người dân tại nhiều xã ở Lạng Sơn vẫn đang bị cô lập, mất điện, thiếu nhu yếu phẩm, phải trèo lên mái nhà để nhận tiếp tế."
Thuyền du lịch chùa Hương cứu người mắc kẹt ở vùng lũ Thái Nguyên,2025-10-08 16:38:00,Đời sống,"Xã Hương Sơn (Hà Nội) đã huy động hàng chục thuyền máy, cano và những lái thuyền dày dạn kinh nghiệm lên đường cứu hộ người dân vùng lũ các tỉnh Thái Nguyên, Bắc Ninh, Lạng Sơn từ sáng sớm nay."
Xổ số miền Nam ngày 8 tháng 10 - Kết quả xổ số hôm nay thứ tư,2025-10-08 16:00:00,Đời sống,"Xem kết quả xổ số miền Nam ngày 8 tháng 10; xổ số miền Bắc, xổ số miền Trung, xổ số điện toán trực tiếp nhanh hôm nay thứ tư ngày 8.10.2025."
Quạt đối lưu không khí Acerpure- Xu thế quạt tiết kiệm điện và thân thiện môi trường,2025-10-08 16:00:00,Đời sống,Quạt đối lưu không khí Acerpure COZY hiện đại với công nghệ DC-Inverter giúp gia giảm lượng điện năng tiêu thụ và hướng đến trải nghiệm quạt thông minh tiện nghi và thân thiện môi trường.
Tối nay mưa sao băng đạt cực đại: Người Việt có thấy được 'quả cầu lửa'?,2025-10-08 15:31:00,Cộng đồng,Mưa sao băng Draconids 'rơi từ đuôi của con rồng vũ trụ' sẽ đạt cực đại vào tối nay 8.10. Liệu người Việt có thể thấy những 'quả cầu lửa' thắp sáng bầu trời đêm?
Tra cứu danh sách 95 xe máy đi trên vỉa hè bị CSGT Bến Thành phạt nguội,2025-10-08 14:00:00,Cộng đồng,"Hàng loạt xe máy đi trên vỉa hè đường Cách Mạng Tháng 8 (đoạn giao đường Nguyễn Du) bị CSGT Bến Thành ghi hình, gửi thông báo phạt nguội."
Xúc động clip công an Thái Nguyên cứu người mắc kẹt vì lũ: 'Thương lắm bà con!',2025-10-08 13:38:00,Cộng đồng,"Đoạn clip các chiến sĩ công an cứu trợ người dân bị mắc kẹt trong nhà vì lũ dâng cao và đưa đến nơi an toàn đang được dân mạng chia sẻ ào ạt, thả tim không ngớt."
"Chung cư, nhà nghỉ ở Thái Nguyên mở cửa đón dân chạy lũ: 'Ở cả tháng cũng được'",2025-10-08 11:29:00,Người sống quanh ta,"Khi lũ dâng cao, chủ chung cư và nhà nghỉ ở Thái Nguyên mở cửa đón người dân vùng ngập vào ở miễn phí, còn hỗ trợ đồ ăn nhẹ, mì gói, nước uống..."
Giáo hội Phật giáo Việt Nam thông tin lễ tang trưởng lão hòa thượng Thích Trí Tịnh,2025-10-08 10:23:00,Cộng đồng,Giáo hội Phật giáo Việt Nam vừa thông tin chương trình lễ tang của trưởng lão hòa thượng Thích Trí Tịnh tại chùa Vĩnh Nghiêm và Linh Phong Thiền Uyển (TP.HCM).
Thái Nguyên trắng đêm trong cơn lũ lịch sử: Người dân mắc kẹt liên tục cầu cứu,2025-10-08 09:51:00,Cộng đồng,"Mưa lớn suốt đêm khiến nhiều khu vực ở Thái Nguyên ngập sâu trong cơn lũ lịch sử. Rất nhiều hộ dân mắc kẹt, ngâm mình trong nước lạnh, liên tục cầu cứu lực lượng cứu hộ."
Trưởng lão hòa thượng Thích Trí Tịnh - Phó pháp chủ GHPGVN viên tịch tại chùa Vĩnh Nghiêm,2025-10-08 08:18:00,Cộng đồng,"Trưởng lão hòa thượng Thích Trí Tịnh, Phó pháp chủ Hội đồng Chứng minh Giáo hội Phật giáo Việt Nam vừa viên tịch vào rạng sáng nay tại chùa Vĩnh Nghiêm (phường Xuân Hòa, TP.HCM)."
"Sợ trễ giờ, tài xế xe buýt đi kiểu 'nửa vời' bị CSGT phạt 7 triệu",2025-10-08 07:30:00,Cộng đồng,"Sợ trễ giờ, tài xế xe buýt đi kiểu 'nửa vời' - nửa xe dưới lòng đường, nửa còn lại leo lên vỉa hè đã bị CSGT lập biên bản phạt 7 triệu."
"Lịch âm hôm nay 8.10: Qua rằm tháng 8, người Việt bắt đầu đón tiết Hàn lộ",2025-10-08 07:24:00,Cộng đồng,"Hôm nay là ngày 8.10, người Việt chính thức trải qua tiết Thu phân, bắt đầu đón tiết Hàn lộ. Lịch âm hôm nay có gì đặc biệt?"
Camera AI của CSGT TP.HCM bắt lỗi hàng loạt xe máy vượt đèn đỏ ở trung tâm,2025-10-08 05:45:00,Cộng đồng,"Trong 1 tháng, camera AI của CSGT TP.HCM đã bắt lỗi hơn 3.100 trường hợp vi phạm. Ở trung tâm, hàng loạt người bị camera AI phát hiện vượt đèn đỏ."
"Hiếm gặp: Dãy độc đắc có số '5555', nhiều người bất ngờ trúng xổ số miền Nam",2025-10-08 05:28:00,Cộng đồng,"Dãy độc đắc có số '5555' hiếm gặp, một đại lý đổi thưởng 19 tờ trúng 950 triệu đồng cho khách trúng xổ số miền Nam mới đây. Có gì đặc biệt?"
"Mang thổ cẩm lên mạng xã hội, hồi sinh nghề dệt",2025-10-08 05:00:00,Đời sống,"Tiếng thoi đưa dần vắng bóng, nghề dệt truyền thống của người Dao Tiền đứng trước nguy cơ mai một. Nhưng ở thôn Tân Cường (Tuyên Quang), bà Bàn Thị Giàng vẫn kiên trì giữ lửa, nuôi ước mơ hồi sinh nghề truyền thống."
Tin tức đặc biệt trên báo in Thanh Niên 8.10.2025,2025-10-08 03:48:00,Đời sống,"Tin tức Loạt dự án trọng điểm tăng tốc về đích, Thế giới ngầm tiền số ở VN, Nobel Vật lý 2025 vinh danh khám phá về lượng tử… là các thông tin bạn đọc có thể đón xem trên Báo Thanh Niên số ra ngày 8.10.2025."
"Nước lũ ở Thái Nguyên ngập đến cổ: 'Sợ quá, nước vẫn đang dâng'",2025-10-07 22:40:00,Cộng đồng,"22 giờ ngày 7.10, người dân ở khu vực trung tâm tỉnh Thái Nguyên cho biết nước đã ngập thêm khoảng hơn 1 m so với buổi trưa, lội ngoài đường đã ngập đến cổ và còn có thể dâng thêm."
Hà Nội: Người dân ngán ngẩm vì con ngõ '8 ngày thì ngập 7',2025-10-07 19:54:00,Đời sống,"Vừa trải qua trận ngập kéo dài 6 ngày, người dân sinh sống trong ngõ 153/6 thuộc Tổ dân phố số 2 Miêu Nha (P.Xuân Phương, Hà Nội) chưa kịp dọn dẹp xong nhà cửa, thì nhiều nơi trong ngõ tiếp tục bị ngập nước sau cơn mưa sáng 7.10."
"Kết quả xổ số Power 6/55 Vietlott tối 7.10, hơn 35 tỉ đồng chờ người trúng",2025-10-07 19:22:00,Cộng đồng,"Tối 7.10, Vietlott thông báo kết quả quay số mở thưởng loại hình xổ số Power 6/55, tuy nhiên, lần này không ghi nhận người trúng Jackpot 1 và 2. Tiền cộng dồn của Jackpot 1 tăng lên 35 tỉ đồng."
"Thái Nguyên nhìn từ trên cao: Nước dâng cao bao vây trung tâm, người dân chạy lũ",2025-10-07 19:13:00,Cộng đồng,"Bộ ảnh flycam của anh Lê Duy Khắc (38 tuổi, Thái Nguyên) ghi lại toàn cảnh nước lũ bao vây trung tâm tỉnh, nhiều tuyến đường ngập sâu, người dân hối hả chạy lũ trong mưa lớn."
"Bơi lội, đá bóng ở 'vịnh nước sâu' Mỹ Đình dưới mưa tầm tã",2025-10-07 18:48:00,Đời sống,"Mưa lớn kéo dài cả buổi sáng và đầu giờ chiều khiến khu vực trước sân vận động Mỹ Đình ngập sâu. Nhiều trẻ nhỏ và cả người lớn đã bơi lội, đá bóng trong làn nước ngập."
9 phường ở TP.HCM cúp nước từ tối nay đến ngày 10.10,2025-10-07 17:18:00,Cộng đồng,"Từ tối nay 7.10 – 10.10, nhiều phường ở TP.HCM cúp nước để thực hiện công tác bảo dưỡng, bảo trì hệ thống đường ống nước."
Nhiều người bất ngờ trúng xổ số miền Nam ngày 7 tháng 10 đài Bến Tre,2025-10-07 17:15:00,Cộng đồng,"Vừa có kết quả xổ số miền Nam ngày 7 tháng 10 chiều nay, nhiều người bất ngờ phát hiện trúng số. Đại lý lập tức chuyển khoản cho những vị khách may mắn."
Xổ số miền Nam ngày 7 tháng 10 - Kết quả xổ số hôm nay thứ ba,2025-10-07 16:00:00,Đời sống,"Xem kết quả xổ số miền Nam ngày 7 tháng 10. Xổ số miền Bắc, xổ số miền Trung, xổ số điện toán trực tiếp nhanh hôm nay thứ ba ngày 7.10.2025."
"Vỉa hè ở TP.HCM: Người mù, người đi xe lăn gặp 'chướng ngại vật' bốt điện, trụ đèn",2025-10-07 12:12:00,Cộng đồng,"Trên vỉa hè nhiều tuyến đường ở TP.HCM, làn gạch nổi dành cho người mù được thiết kế để hỗ trợ di chuyển, nhưng thực tế lại bị bốt điện, trụ đèn và bảng hiệu chắn ngang."
"Đến vùng lũ sửa xe máy, đồ điện tử miễn phí",2025-10-07 08:46:00,Người sống quanh ta,"Khi nước lũ vừa rút, cả trăm thợ sửa xe máy, đồ điện tử và điện lạnh ở Thanh Hóa tình nguyện sửa miễn phí giúp cho bà con. Hành động thiết thực này nhận 'mưa tim' của cộng đồng mạng."
"Nghiện game là gì? Vì sao người chơi muốn thành 'chiến binh', 'sát thủ chiến đấu'…?",2025-10-07 06:00:00,Cộng đồng,"Trên mạng, người chơi thường hóa thân thành 'chiến binh', 'sát thủ chiến đấu' trong những trận game kịch tính, nhưng ít ai nhận ra phía sau thế giới ảo ấy là nguy cơ nghiện game cùng những hệ lụy tâm lý, xã hội khó lường."
Tòa thánh Tây Ninh dịp Hội yến Diêu Trì Cung: Biển hiệu 0 đồng khắp nẻo đường,2025-10-07 05:30:00,Cộng đồng,"Dịp đại lễ Hội yến Diêu Trì Cung, khắp các tuyến đường quanh Tòa thánh Tây Ninh rợp biển hiệu 0 đồng. Người dân nấu cơm chay, phát nước uống miễn phí đón khách hành hương."
420 tờ trúng xổ số miền Nam: Đại lý 'choáng' khi 3 khách cùng trúng lớn,2025-10-07 05:00:00,Cộng đồng,Một đại lý vé số ở miền Tây đã bán ra 420 tờ trúng xổ số miền Nam cho 3 khách khác nhau. Câu chuyện đổi thưởng khiến nhiều người bất ngờ.
Tin tức đặc biệt trên báo in Thanh Niên 7.10.2025,2025-10-07 03:45:00,Đời sống,"Tin tức Không để lọt người chạy chức, chạy quyền, cơ hội, bè phái vào Ban Chấp hành T.Ư; Thúc đẩy các trụ cột, đưa kinh tế tăng trưởng về đích; 56 giờ truy bắt kẻ sát hại 3 người ở Đồng Nai... là các thông tin bạn đọc có thể đón xem trên Báo Thanh Niên số ra ngày 7.10.2025."
Khánh Hòa: Tặng sổ tiết kiệm cho tân sinh viên nghèo vùng núi dịp Trung thu,2025-10-06 21:30:00,Cộng đồng,Gần 100 triệu đồng được các nhà hảo tâm trao tặng đến tân sinh viên và trẻ em vùng cao tỉnh Khánh Hòa nhân dịp tết Trung thu.
"Đêm Trung thu, 2 trận mưa sao băng cùng xuất hiện: Người Việt ngắm được không?",2025-10-06 21:00:00,Cộng đồng,"Đúng vào tối nay 6.10 cũng là đêm Trung thu, có 2 trận mưa sao băng xuất hiện trên bầu trời. Người Việt có thể 'săn' sao băng được không?"
'Biển người' ở Tòa thánh Tây Ninh dự đại lễ Hội yến Diêu Trì Cung,2025-10-06 20:46:00,Cộng đồng,"Tối 6.10, hàng chục ngàn tín đồ, người dân và du khách có mặt tại Tòa thánh Tây Ninh dự đại lễ Hội yến Diêu Trì Cung - lễ hội lớn nhất trong năm của đạo Cao Đài."
Động đất liên tiếp ở Quảng Ngãi: Góc nhìn khoa học về hiện tượng này,2025-10-06 19:17:00,Cộng đồng,"Mới đây, liên tiếp các trận động đất xuất hiện ở Quảng Ngãi khiến nhiều người lo lắng. Cùng tìm hiểu hiện tượng động đất nói chung dưới góc nhìn khoa học."
CSGT cấm xe làn ô tô đường Lê Lợi trong 1 tuần: Người dân TP.HCM chú ý,2025-10-06 17:53:00,Cộng đồng,"Người dân TP.HCM lưu thông qua đường Lê Lợi (phường Sài Gòn) cần chú ý, CSGT cấm xe làn ô tô trong 1 tuần, từ ngày 6 - 13.10.2025."
Xổ số miền Nam ngày 6 tháng 10: 280 tờ trúng đài Cà Mau lộ diện,2025-10-06 17:34:00,Cộng đồng,"Ngay sau khi có kết quả xổ số miền Nam ngày 6 tháng 10 chiều nay, 280 tờ trúng đài Cà Mau xuất hiện. Đại lý bán trúng chia sẻ gì?"
"Đón Trung thu ấm áp, đoàn viên cùng những hành trình bay Vietjet",2025-10-06 16:19:00,Đời sống,"Mùa trăng năm nay, những chuyến bay của Vietjet không chỉ đưa hành khách đến muôn phương, mà còn mang theo cả không khí đoàn viên, sẻ chia và ấm áp của Tết Trung thu. Từ bữa tiệc phá cỗ trông trăng cùng Chị Hằng, Chú Cuội, đến những món quà ý nghĩa trao tận tay, Vietjet đã biến hành trình giữa trời mây thành một ký ức trọn vẹn yêu thương."
Xổ số miền Nam ngày 6 tháng 10 - Kết quả xổ số hôm nay thứ hai,2025-10-06 16:00:00,Đời sống,"Xem kết quả xổ số miền Nam ngày 6 tháng 10. Xổ số miền Bắc, xổ số miền Trung, xổ số điện toán trực tiếp nhanh hôm nay thứ hai ngày 6.10.2025."
"Ngắm núi Bà Đen ở Tây Ninh từ TP.HCM, thấy tượng Phật trên đỉnh rằm tháng 8",2025-10-06 14:32:00,Cộng đồng,"Dịp rằm tháng 8, nhiều người ở TP.HCM bất ngờ nhìn thấy núi Bà Đen ở Tây Ninh với tượng Phật trên đỉnh. Cùng chiêm ngưỡng những khoảnh khắc đẹp này!"
Sư thầy bán bánh trung thu tiếp sức học trò nghèo,2025-10-06 14:18:00,Người sống quanh ta,"Mỗi chiếc bánh trung thu của sư thầy không chỉ là một món quà truyền thống, mà còn là nhịp cầu tiếp sức cho học sinh, sinh viên có hoàn cảnh khó khăn."
"Mâm cỗ trung thu đẹp mê, mẹ đảm khiến dân mạng 'mắt tròn mắt dẹt'",2025-10-06 12:55:00,Ẩm thực,"Rằm tháng 8 âm lịch, một bà mẹ đảm đang ở Hà Nội khiến cộng đồng mạng 'mắt tròn mắt dẹt' khi chia sẻ hình ảnh mâm cỗ Trung thu đẹp mắt do chính tay chị bày biện."
"Thấy CSGT TP.HCM, người chạy xe máy đi trên vỉa hè hốt hoảng... tìm đường lách",2025-10-06 10:42:00,Cộng đồng,"Hàng loạt xe máy rầm rập đi trên vỉa hè đường Võ Thị Sáu hốt hoảng tìm đường lách xuống lòng đường khi thấy CSGT TP.HCM đang xử phạt. Tuy nhiên, các xe này đều đã lọt vào camera phạt nguội."
Lễ rước kiệu lá trung thu 10 năm mới diễn ra ở ngoại thành Hà Nội,2025-10-06 08:35:00,Đời sống,"Từ những bó lá rừng và dụng cụ mộc mạc, người dân thôn Đồi Hai (xã Phú Nghĩa, Hà Nội) đã hồi sinh lễ rước kiệu lá trung thu sau 10 năm gián đoạn. Đây không chỉ là một lễ rước, đó còn là hành trình gìn giữ ngọn lửa truyền thống giữa nhịp sống hiện đại."
EVNCPC 50 năm thắp sáng hành trình phát triển,2025-10-06 07:00:00,Đời sống,"Nửa thế kỷ qua, từ những ngày gian khó sau chiến tranh đến thời kỳ hiện đại hóa và chuyển đổi số, Tổng công ty Điện lực miền Trung (EVNCPC) đã không ngừng thắp sáng miền Trung - Tây nguyên, trở thành trụ cột năng lượng và điểm tựa phát triển của cả khu vực."
6 máy bơm 'giải cứu' xóm nhỏ ở Hà Nội ngập gần 1 tuần,2025-10-06 06:10:00,Đời sống,"Hơn 6 ngày nay, nước lũ tại khu vực tổ dân phố số 2 Miêu Nha (P.Xuân Phương, Hà Nội) vẫn chưa rút hết, ảnh hưởng nghiêm trọng tới đời sống của người dân."
Hội yến Diêu Trì Cung: Bếp chay nấu 10 tấn gạo phục vụ hàng ngàn người dự đại lễ,2025-10-06 06:00:00,Cộng đồng,"Trong những ngày diễn ra đại lễ Hội yến Diêu Trì Cung 2025, bếp chay miễn phí ở Tòa thánh Tây Ninh đỏ lửa từ tinh mơ đến tối muộn, nấu 10 tấn gạo phục vụ hàng ngàn khách hành hương thập phương."
Ảnh đẹp trên hành trình chạy bộ 310 km trong hơn 56 tiếng của 'Trường điên',2025-10-06 05:45:00,Cộng đồng,"Doanh nhân Nguyễn Đình Trường, biệt danh 'Trường điên' đón tuổi 45 ngày 3.10 bằng việc chạy bộ 310 km trong hơn 56 tiếng. Nhiều lần không thể tiếp tục chạy, nhiều lần bật khóc, làm sao anh vượt qua?"
"Lịch âm hôm nay 6.10: Rằm tháng 8 tết trung thu, đêm trăng tròn đẹp nhất năm",2025-10-06 05:30:00,Cộng đồng,"Lịch âm hôm nay 6.10 là ngày rằm tháng 8, tết trung thu 2025. Đêm nay trăng tròn rực rỡ, mở đầu chuỗi siêu trăng kéo dài đến cuối năm."
"Hàng loạt vé trúng xổ số miền Nam đài TP.HCM, khách đổi thưởng ngay",2025-10-06 05:00:00,Cộng đồng,"Mới đây, nhiều người bất ngờ trúng xổ số miền Nam đài TP.HCM tức tốc đi lãnh tiền. Đại lý đổi thưởng hàng chục tờ, tiết lộ nhiều người trúng số làm công nhân."
Tin tức đặc biệt trên báo in Thanh Niên 6.10.2025,2025-10-06 03:45:00,Đời sống,"Tin tức Phải đăng ký cư trú cho trẻ em, Vì sao mưa bão năm nay có nhiều bất thường?, Kinh tế thế giới gặp khó vì chính phủ Mỹ đóng cửa… là những thông tin hấp dẫn bạn đọc có thể đón xem trên Báo Thanh Niên số ra ngày 6.10.2025."
Người Việt sắp ngắm 3 siêu trăng liên tiếp: Nhìn rõ nhất vào những ngày này,2025-10-05 20:20:00,Cộng đồng,"Từ tháng 10 đến tháng 12.2025, người Việt sẽ được chiêm ngưỡng 3 siêu trăng liên tiếp - hiện tượng thiên văn kỳ thú với ánh trăng sáng và to nhất năm."
"Tái thả 91 động vật rừng nguy cấp, quý hiếm về Vườn quốc gia Tam Đảo",2025-10-05 19:45:00,Cộng đồng,"Gần đây, Trung tâm Cứu hộ động vật hoang dã Hà Nội phối hợp với Vườn quốc gia Tam Đảo tái thả 91 động vật rừng nguy cấp, quý hiếm sau cứu hộ về môi trường tự nhiên."
"Kết quả xổ số Mega 6/45 Vietlott tối 5.10, hơn 69,3 tỉ đồng chờ người trúng",2025-10-05 19:12:00,Cộng đồng,"Tối 5.10, Vietlott thông báo kết quả quay số mở thưởng loại hình xổ số Mega 6/45, nhưng chưa ghi nhận người trúng. Quỹ độc đắc cộng dồn lên hơn 69,3 tỉ đồng."
"TP.HCM: Ổ gà, bãi rác, ngập nước bủa vây đường Kha Vạn Cân, người dân than khổ",2025-10-05 19:00:00,Cộng đồng,"Ổ gà, bãi rác, ngập nước khiến cuộc sống người dân trên đường Kha Vạn Cân (TP.HCM) đảo lộn. Sở Xây dựng đang khẩn cấp xử lý, khắc phục hạ tầng."
Một người vừa trúng 140 tờ xổ số miền Nam ngày 5 tháng 10 đài Kiên Giang,2025-10-05 16:47:00,Cộng đồng,"Vừa có kết quả xổ số miền Nam ngày 5 tháng 10 chiều nay, 140 tờ trúng xổ số Kiên Giang liền lộ diện. Đại lý bán trúng tiết lộ gì?"
"Không nhường đường xe ưu tiên, tài xế ở TP.HCM phải trả giá đắt",2025-10-05 16:19:00,Cộng đồng,"Thấy xe CSGT phát tín hiệu ưu tiên nhưng tài xế chủ quan xe ưu tiên còn ở xa, không giảm tốc độ, không nhường đường và phải trả giá đắt."
Xổ số miền Nam ngày 5 tháng 10 - Kết quả xổ số hôm nay chủ nhật,2025-10-05 16:00:00,Đời sống,"Xem kết quả xổ số miền Nam ngày 5 tháng 10; Xổ số miền Bắc, xổ số miền Trung, xổ số điện toán trực tiếp nhanh hôm nay chủ nhật ngày 5.10.2025."
"Camera AI 'quét' đường phố TP.HCM, phát hiện hơn 3.100 trường hợp vi phạm giao thông",2025-10-05 14:12:00,Cộng đồng,"Camera AI của CSGT TP.HCM bắt lỗi hơn 3.000 trường hợp vi phạm giao thông như: vượt đèn đỏ, đi sai làn, dừng đỗ sai quy định, chạy quá tốc độ... trong khoảng 1 tháng."
Hội yến Diêu Trì Cung 2025: Người hành hương trải bạt giữ chỗ đẹp chờ đại lễ,2025-10-05 12:21:00,Cộng đồng,"Sáng 5.10, dòng người hành hương từ khắp các tỉnh, thành trong cả nước đã đổ về Tòa thánh Tây Ninh để tham dự Hội yến Diêu Trì Cung 2025. Nhiều người đến sớm trải bạt ngủ nghỉ trên vỉa hè chờ đại lễ."
"Livestream bán nông sản, người dân vùng cao thu về hiệu quả ngoài sức tưởng tượng",2025-10-05 10:10:00,Cộng đồng,"Chính quyền xã Tu Mơ Rông (Quảng Ngãi) thành lập tổ công nghệ số cộng đồng hỗ trợ đồng bào Xơ Đăng livestream bán nông sản để tăng thu nhập, ổn định cuộc sống."
Chủ nhà trọ ở TP.HCM với quy định 'đặc biệt' tổ chức trung thu cho trẻ em,2025-10-05 09:02:00,Người sống quanh ta,"Khu nhà trọ do chị Nương quản lý nổi tiếng với những quy tắc đặc biệt khiến người thuê gắn bó lâu dài. Năm nay, chủ nhà trọ tổ chức vui trung thu cho trẻ em trong xóm."
Vanlangbooks ra mắt bộ sưu tập lịch 2026 giá tốt cho cá nhân và doanh nghiệp,2025-10-05 08:35:00,Đời sống,"Vanlangbooks chính thức công bố bộ sưu tập lịch Tết Bính Ngọ 2026 với đa dạng chủng loại, mẫu mã và mức giá cực kỳ hấp dẫn. Cam kết nguồn hàng dồi dào và giữ nguyên mức giá ổn định."
Đại lễ Hội yến Diêu Trì Cung 2025 ở Tòa thánh Tây Ninh: Rực rỡ hoa trái dâng Mẫu,2025-10-05 06:00:00,Cộng đồng,"Hàng trăm họ đạo khắp nơi hội tụ về Tòa thánh Tây Ninh dự Đại lễ Hội yến Diêu Trì Cung 2025, mang hàng trăm loại hoa, trái cây dâng cúng Đức Mẹ đạo Cao Đài."
Trung thu có phải là giữa mùa thu?: Bàn thêm về lịch và mùa,2025-10-05 05:30:00,Cộng đồng,"'Trung thu là giữa mùa thu', câu nói thoạt nghe thì đúng, không có gì phải bàn, bởi ai cũng biết 'trung' có một nghĩa thông thường là ""ở giữa"". Nhưng để trả lời thấu đáo câu hỏi trên, ta thử bàn thêm về lịch và mùa."
"3 người miền Tây trúng độc đắc xổ số miền Nam, nhận hết tiền mặt 12 tỉ",2025-10-05 05:00:00,Cộng đồng,"3 người ở miền Tây cùng trúng độc đắc xổ số miền Nam đài Trà Vinh vừa được đại lý đổi thưởng, nhận tiền mặt tổng 12 tỉ đồng (chưa tính thuế). Đại lý kể chuyện đổi thưởng."
Tin tức đặc biệt trên báo in Thanh Niên 5.10.2025,2025-10-05 04:30:00,Đời sống,"Tin tức TP.HCM thí điểm làn đường riêng cho xe đạp; Vì sao người dân chưa ""mặn mà"" với công chứng điện tử?; Thách thức cho nữ thủ tướng đầu tiên của Nhật Bản... là các thông tin hấp dẫn bạn đọc có thể đón xem trên Báo Thanh Niên số ra ngày 5.10.2025."
"Nước lũ 5 ngày chưa rút, người Hà Nội đến phường trải chiếu 'cầu cứu'",2025-10-04 20:06:00,Đời sống,"Quá nóng lòng trước tình trạng ngập úng 5 ngày nước chưa rút, nhiều hộ dân tại tổ dân phố số 2 (P.Xuân Phương, Hà Nội) đã đến trụ sở phường cầu cứu chính quyền."
"Kết quả xổ số Power 6/55 Vietlott tối 4.10, tiếp tục có người trúng 3,1 tỉ đồng",2025-10-04 19:21:00,Cộng đồng,"Tối 4.10, Vietlott thông báo kết quả quay số mở thưởng loại hình xổ số Power 6/55, lần này lại xuất hiện một người trúng giải Jackpot 2 là 3,1 tỉ đồng."
Xuất hiện 140 tờ trúng xổ số miền Nam ngày 4 tháng 10 ở TP.HCM,2025-10-04 17:16:00,Cộng đồng,"Vừa xong kết quả xổ số miền Nam ngày 4 tháng 10, một đại lý vé số ở TP.HCM bất ngờ trúng 140 tờ do giữ lại."
Xổ số miền Nam ngày 4 tháng 10: Kết quả xổ số hôm nay thứ bảy,2025-10-04 16:00:00,Đời sống,"Xem kết quả xổ số miền Nam ngày 4 tháng 10. Xổ số miền Bắc, xổ số miền Trung, xổ số điện toán trực tiếp nhanh hôm nay thứ bảy ngày 4.10.2025."
"Lễ hội Dinh Cô sẽ trở thành ""thương hiệu văn hóa - du lịch"" đặc trưng của TP.HCM",2025-10-04 14:55:00,Đời sống,"Đó là khẳng định của ông Ngô Thanh Phúc, Chủ tịch UBND xã Long Hải (TP.HCM) với PV Báo Thanh Niên về định hướng phát triển du lịch, di tích của địa phương này trong thời gian tới."
Chạy 310 km mừng sinh nhật 45 tuổi: Hành trình của 'Trường điên' khiến cộng đồng thán phục,2025-10-04 13:31:00,Cộng đồng,"23 giờ 33 phút ngày 3.10, doanh nhân Nguyễn Đình Trường hoàn thành cự ly 310 km với 56 giờ 31 phút, đón tuổi 45 của mình trong vòng tay của gia đình, bạn bè và cộng đồng runner TP.HCM."
"Xúc động cảnh học trò dọn bùn non, nhặt sách vở sau lũ",2025-10-04 11:35:00,Cộng đồng,"Hình ảnh học trò ở Trường Phổ thông dân tộc bán trú THCS Mỏ Vàng, xã Mỏ Vàng, tỉnh Lào Cai (Yên Bái cũ) cùng nhau gắng sức dọn bùn non, nhặt lại sách vở sau cơn lũ khiến nhiều cư dân mạng rơi nước mắt."
Tra cứu danh sách 83 xe máy đi vào đường cấm bị CSGT Hàng Xanh phạt nguội,2025-10-04 11:11:00,Cộng đồng,"Hàng loạt xe máy đi vào đường cấm trên tuyến Phạm Văn Đồng bị CSGT Hàng xanh ghi hình, gửi thông báo phạt nguội. Với lỗi này, người vi phạm sẽ bị phạt 2,5 triệu đồng, trừ 2 điểm GPLX."
Khánh Hòa: Trao quà trung thu cho con em đồng bào khó khăn xã Suối Hiệp,2025-10-04 10:27:00,Cộng đồng,"Ngày 4.10, Đoàn Thanh niên Sở Tài chính Khánh Hòa phối hợp với UBND xã Suối Hiệp tổ chức trao quà trung thu cho con em đồng bào có hoàn cảnh khó khăn tại thôn Lỗ Gia. Đây là hoạt động mang ý nghĩa,  động viên các em nhỏ đón một mùa trung thu ấm áp hơn."
Hành khách trang trí lồng đèn tại ga metro Bến Thành,2025-10-04 10:04:00,Cộng đồng,"Mùa trung thu 2025, với mong muốn mang đến niềm vui, sự sẻ chia và lan tỏa những giá trị nhân văn đến cộng đồng, Đoàn Thanh niên Công ty TNHH MTV Đường sắt Đô thị số 1 tổ chức chương trình 'Ánh trăng kết nối - Lồng đèn yêu thương' tại ga metro Bến Thành."
Hôm nay 4 tháng 10 năm 2025: Ngày gì mà nhiều người Việt rủ nhau ngắm trăng?,2025-10-04 08:19:00,Cộng đồng,Nhiều người Việt rủ nhau ngắm trăng vào tối nay 4 tháng 10 năm 2025. Mặt trăng có gì đặc biệt?
"Trúng độc đắc 28 tỉ xổ số miền Nam, người đàn ông nhận chuyển khoản",2025-10-04 05:30:00,Cộng đồng,Người đàn ông trúng độc đắc 28 tỉ xổ số miền Nam ngày 2 tháng 10 liền đến đại lý nhận thưởng qua hình thức chuyển khoản.
Tin tức đặc biệt trên báo in Thanh Niên 4.10.2025,2025-10-04 04:30:00,Đời sống,"Tin tức Thanh niên xung kích hỗ trợ khắc phục hậu quả mưa lũ, Nối Cần Giờ - Vũng Tàu thành hành lang ven biển mới, Nước Nhật trước cơ hội tạo bước ngoặt lịch sử… có thể đón xem trên Báo Thanh Niên số ra ngày 4.10.2025."
Hình ảnh xóm nhỏ Hà Nội nước vẫn ngập tới cổ sau 4 ngày,2025-10-03 20:12:00,Đời sống,"Sau trận mưa lớn ngày 30.9, hàng chục hộ dân tại làng Miêu Nha (P.Xuân Phương, Hà Nội) vẫn chìm trong 'biển nước', cuộc sống bị đảo lộn."
1.300 người chạy bộ gây quỹ cho phụ nữ và trẻ em khó khăn tại Bắc Ninh,2025-10-03 20:05:00,Đời sống,"Sáng 3.10, hơn 1.300 cán bộ, công nhân viên Công ty cổ phần Diana Unicharm đã tham gia giải chạy ""For U For Future 2025"", nhằm gây quỹ từ thiện hỗ trợ phụ nữ và trẻ em có hoàn cảnh khó khăn tại tỉnh Bắc Ninh."
"Kết quả xổ số Mega 6/45 Vietlott tối 3.10, hơn 63,1 tỉ đồng vẫn chờ người trúng",2025-10-03 19:17:00,Cộng đồng,"Tối 3.10, Vietlott thông báo kết quả quay số mở thưởng loại hình xổ số Mega 6/45, tuy nhiên, chưa ghi nhận người trúng giải độc đắc cộng dồn hơn 63,1 tỉ đồng."
Cục CSGT: 6 phường ở TP.HCM vào top vi phạm nồng độ cồn nhiều nhất cả nước,2025-10-03 17:57:00,Cộng đồng,"Cục CSGT vừa công bố 10 phường (xã) có người vi phạm nồng độ cồn nhiều nhất, trong đó có tới 6 phường của TP.HCM."
TP.HCM: Vừa xuất hiện gần 200 tờ trúng xổ số miền Nam ngày 3 tháng 10,2025-10-03 17:34:00,Cộng đồng,"Gần 200 tờ trúng số đài Vĩnh Long, Bình Dương được bán ra ở TP.HCM lộ diện, theo kết quả xổ số miền Nam ngày 3 tháng 10."
Xổ số miền Nam ngày 3 tháng 10 - Kết quả xổ số hôm nay thứ sáu,2025-10-03 16:00:00,Đời sống,"Xem kết quả xổ số miền Nam ngày 3 tháng 10; Xổ số miền Bắc, xổ số miền Trung, xổ số điện toán trực tiếp nhanh hôm nay thứ sáu ngày 3.10.2025."
"Xe máy ùn ùn đi trên vỉa hè đường Cách Mạng Tháng 8, bất chấp CSGT quay clip",2025-10-03 13:54:00,Cộng đồng,"Nhiều người chạy xe máy ùn ùn đi trên vỉa hè đường Cách Mạng Tháng 8, bất chấp có CSGT quay clip phạt nguội. Người vi phạm nói đường đông, muốn đi nhanh."
"Miền Tây mùa nước lụt năm xưa: Cá rô đầy ruộng, người dân giăng lưới khắp đồng",2025-10-03 12:12:00,Đời sống,"Cứ vào khoảng rằm tháng 7 đến giữa tháng 9 âm lịch thì nước trắng xóa cánh đồng miền Tây cho tới rằm tháng 10 thì nước đứng, gọi là đạt đỉnh mùa nước lụt, rồi từ từ rút cạn."
Con gái tìm lại bạn thân cho mẹ qua bức ảnh cũ,2025-10-03 09:20:00,Đời sống,"Từ một bức ảnh chụp hồi trung học, bà Loan bất ngờ được kết nối lại với người bạn thân năm xưa sau khi con gái bà đăng tải lên mạng xã hội. Hai người nói chuyện qua điện thoại và hẹn gặp mặt trong thời gian tới."
"Thời tiết TP.HCM hôm nay có mưa từ sáng sớm, vì sao?",2025-10-03 08:43:00,Cộng đồng,"Khác với những ngày qua có mưa từ trưa hoặc chiều tối, thời tiết TP.HCM hôm nay có mưa từ sáng sớm, trời nắng yếu. Vì sao?"
"Thắp lửa yêu thương, nấu cơm gửi người dân vùng lũ",2025-10-03 06:27:00,Đời sống,"Gió thét gào và mưa như trút nước, hàng nghìn hộ dân Tuyên Quang vật lộn giữa dòng nước lũ dâng cao kỷ lục. Trong cơn hoạn nạn ấy, sự sẻ chia, nghĩa đồng bào lại lần nữa thắp lên những ngọn lửa yêu thương ấm áp."
CSGT xử phạt xe cứu hộ leo qua dải phân cách tránh nước ngập,2025-10-03 06:15:00,Cộng đồng,Một xe cứu hộ leo qua dải phân cách tránh nước ngập đã bị người dân quay clip báo Cục CSGT xử phạt.
'Hoa hậu' voi H’Tâu với đôi mắt biết nói chinh phục du khách Tây nguyên,2025-10-03 06:00:00,Đời sống,"Với ánh mắt biết nói và tính cách hiền hậu, 'hoa hậu' voi H’Tâu ở Đắk Lắk khiến du khách trong và ngoài nước say lòng, trở thành biểu tượng của du lịch thân thiện Tây nguyên."
Cả xóm dựng bếp nấu cơm cho bà con vùng lũ: 'Để không ai bị đói!',2025-10-03 05:30:00,Người sống quanh ta,"Những ngày mưa lũ, người dân trong xóm ở Nghệ An và Thanh Hóa chung tay dựng bếp nấu cơm gửi bà con vùng cô lập, lan tỏa tinh thần tương thân tương ái."
"Trúng 22,4 tỉ xổ số miền Nam, thợ bạc TP.HCM tặng nhân viên đại lý 10 triệu/người",2025-10-03 05:00:00,Cộng đồng,"Trúng 19 tờ vé độc đắc và an ủi xổ số miền Nam, một thợ bạc ở TP.HCM nhận hơn 22 tỉ tiền mặt và tặng nhân viên đại lý mỗi người 10 triệu đồng."
CSGT TP.HCM hụ còi rẽ dòng kẹt xe chiều mưa đưa người đột quỵ đi cấp cứu,2025-10-03 04:45:00,Người sống quanh ta,"Trong cơn mưa giờ tan tầm buổi chiều, CSGT TP.HCM hụ còi rẽ dòng kẹt xe đưa người đột quỵ đi cấp cứu trong 12 phút."
Tin tức đặc biệt trên báo in Thanh Niên 3.10.2025,2025-10-03 04:09:00,Đời sống,"Tin tức Có nên mở trung tâm giao dịch nhà đất online?; MTTQ VN phát động ủng hộ đồng bào bị thiệt hại do bão số 10; Khắc phục hậu quả bão số 10: Nước rút đến đâu, dọn dẹp ngay tới đó... là các thông tin bạn đọc có thể đón xem trên Báo Thanh Niên số ra ngày 3.10.2025."
Thêm 'khu biệt thự triệu đô' ở Hà Nội vẫn mênh mông nước sau 3 ngày,2025-10-02 22:04:00,Đời sống,"Sau hơn 72 giờ kể từ khi bị ngập, tính đến chiều nay 2.10, các căn biệt thự liền kề tại Khu đô thị Xuân Phương (P.Xuân Phương, Hà Nội) vẫn đang bị nước ngập bủa vây."
"Tối nay, ngắm mưa sao băng từ sao chổi cổ đại 'đổ xuống' bầu trời Việt Nam",2025-10-02 20:20:00,Cộng đồng,"Tối nay 2.10, ánh sáng rực rỡ từ mưa sao băng Orionids có nguồn gốc từ sao chổi Halley cổ đại 'đổ xuống' bầu trời Việt Nam. Người Việt quan sát thế nào?"
"Kết quả xổ số Power 6/55 Vietlott tối 2.10, có người trúng 3,1 tỉ đồng",2025-10-02 20:17:00,Cộng đồng,"Tối 2.10, Vietlott thông báo kết quả quay số mở thưởng loại hình xổ số Power 6/55, có một người trúng giải Jackpot 2 là 3,1 tỉ, giải Jackpot 1 được cộng dồn lên hơn 31,5 tỉ đồng."
Đến Sa Huỳnh nhớ ăn mực hấp gừng,2025-10-02 20:10:00,Ẩm thực,"Bạn phương xa điện thoại hỏi thăm: ""Về Sa Huỳnh ăn món gì ngon?"". Không cần suy nghĩ, tôi đáp ngay: ""Ăn mực"". Sau vài ngày, tôi nhận tin nhắn: ""Mực Sa Huỳnh ngon không thể tả. Đất và người nơi đây thật thú vị""."
Hà Nội đảm bảo an toàn hạ du khi vận hành các hồ thủy điện Tuyên Quang,2025-10-02 19:56:00,Cộng đồng,"Trước tình trạng mực nước các sông trên địa bàn đang dâng cao, Ban Chỉ huy Phòng thủ dân sự TP.Hà Nội đã đề nghị các địa phương ven đê các tuyến sông Đà, sông Hồng, sông Đuống thông báo đến các tổ chức, cá nhân có hoạt động trên sông, ven sông biết thông tin để chủ động các biện pháp đảm bảo an toàn."
"Biển Nhật Lệ ngập rác sau bão số 10, người dân Quảng Trị cật lực dọn dẹp",2025-10-02 19:45:00,Đời sống,"Sau cơn bão số 10, biển Nhật Lệ (Quảng Trị) ngập trong rác thải bị sóng đánh vào bờ, người dân và địa phương đang ra sức dọn dẹp, sớm trả lại hình ảnh đẹp của bãi biển."
"Chưa thể dùng vỉa hè 'đang rảnh' làm làn riêng cho xe đạp, vì sao?",2025-10-02 19:10:00,Cộng đồng,"Đại diện Sở Xây dựng cho rằng dùng những vỉa hè 'đang rảnh' ở TP.HCM để làm làn riêng cho xe đạp gặp một số bất cập, chưa thể triển khai ngay. Lý do là gì?"
Đại lý đổi thưởng 16 tờ trúng xổ số miền Nam ngày 2 tháng 10,2025-10-02 18:59:00,Cộng đồng,"Vừa xong kết quả xổ số miền Nam ngày 2 tháng 10, các đại lý ở Đồng Nai, Đồng Tháp liền đổi thưởng 16 tờ trúng số cho khách."
CSGT TP.HCM nói gì về đề xuất phạt lao động công ích người vi phạm giao thông?,2025-10-02 16:05:00,Cộng đồng,"Lãnh đạo CSGT TP.HCM cho rằng, phạt tiền người vi phạm giao thông chưa đủ sức răn đe. Phạt lao động công ích như: thu gom rác, dọn vệ sinh tại địa điểm công cộng... góp phần nâng cao ý thức của người tham gia giao thông."
Xổ số miền Nam ngày 2 tháng 10 - Kết quả xổ số hôm nay thứ năm,2025-10-02 16:04:00,Đời sống,"Xem kết quả xổ số miền Nam ngày 2 tháng 10; xổ số miền Bắc, xổ số miền Trung, xổ số điện toán trực tiếp nhanh hôm nay thứ năm ngày 2.10.2025."
"Kết quả xổ số Lotto 5/35 Vietlott trưa 2.10, chờ chia giải độc đắc 14,9 tỉ đồng",2025-10-02 13:55:00,Cộng đồng,"Trưa 2.10, Vietlott vừa thông báo kết quả quay số mở thưởng loại hình xổ số Lotto 5/35, giải độc đắc 14,9 tỉ vẫn chờ chia cho người trúng."
"'Trôi hết rồi còn đâu!': người dân Thanh Hóa, Tuyên Quang bất lực sau mưa lũ",2025-10-02 13:39:00,Đời sống,"Người dân Thanh Hóa, Tuyên Quang bất lực nhìn đồ đạc, hàng hóa bị mưa lũ cuốn trôi. Dù nước đã rút, nỗi lo vẫn còn đó khi bão số 11 sắp đến."
8 phường ở TP.HCM cúp nước từ tối nay 2.10 đến cuối tuần,2025-10-02 12:26:00,Cộng đồng,"Từ tối nay 2.10 – 4.10, nhiều phường ở TP.HCM cúp nước để thực hiện công tác bảo dưỡng, bảo trì hệ thống đường ống nước."
Tìm thấy nạn nhân cuối cùng vụ lũ quét tại cao tốc Đồng Đăng - Trà Lĩnh,2025-10-02 11:25:00,Thời sự,"Thi thể nạn nhân cuối cùng trong vụ lũ quét xảy ra đêm 29.9, tại khu vực thi công tuyến cao tốc Đồng Đăng - Trà Lĩnh thuộc xã Đức Long (tỉnh Cao Bằng), đã được lực lượng cứu hộ tìm thấy."
Đi ngược vào vùng lũ giúp đỡ người dân,2025-10-02 09:27:00,Người sống quanh ta,"Trong khi Đội 116 của anh Nhâm Quang Văn dùng ca nô hỗ trợ tìm người mất tích, thì nhóm của anh Đỗ Tiến Thao vận chuyển đồ ăn, áo phao... đến vùng lũ ở tỉnh Thanh Hóa. Sự tận tâm của các nhóm thiện nguyện nhận được 'mưa tim' của cộng đồng mạng."
Cư dân mạng 'rần rần' chuyển khoản về Mặt trận Tổ quốc VN ủng hộ bà con vùng lũ,2025-10-02 08:27:00,Người sống quanh ta,"Trước tình hình mưa lũ gây chia cắt nhiều địa phương ở miền Trung, cư dân mạng liên tục chuyển khoản về Mặt trận Tổ quốc Việt Nam để ủng hộ bà con vùng lũ."
Dân Hà Nội hối hả chạy lũ sông Hồng,2025-10-02 06:55:00,Dân sinh,"Mực nước sông Hồng (đoạn chảy qua địa phận Hà Nội) dâng lên đáng kể khiến nhiều hộ dân sinh sống ven bờ phải di dời tài sản, tìm nơi ở tạm."
"CSGT TP.HCM phạt tài xế xe buýt đè vạch mắt võng 500.000 đồng, vì sao?",2025-10-02 06:00:00,Cộng đồng,"CSGT TP.HCM vừa mời tài xế xe buýt dừng xe đè vạch mắt võng ở giao lộ Lê Duẩn - Tôn Đức Thắng do người dân quay clip phản ánh đến lập biên bản, phạt 500.000 đồng. Vì sao là mức này?"
"Khách TP.HCM trúng độc đắc 6 tỉ xổ số miền Nam, đại lý chuyển khoản ngay",2025-10-02 05:50:00,Cộng đồng,Người đàn ông ở TP.HCM trúng độc đắc 6 tỉ xổ số miền Nam ngày 1 tháng 10 liền đến đại lý đổi thưởng và nhận tiền qua hình thức chuyển khoản.
"Kết quả xổ số Mega 6/45 Vietlott tối 1.10, hơn 56,6 tỉ đồng vẫn chờ người trúng",2025-10-02 05:41:00,Cộng đồng,"Tối 1.10, Công ty xổ số điện toán Việt Nam (Vietlott) đã thông báo kết quả quay số mở thưởng loại hình xổ số Mega 6/45."
Tin tức đặc biệt trên báo in Thanh Niên 2.10.2025,2025-10-02 03:49:00,Đời sống,"Tin tức Giá vàng lập kỷ lục trước giờ G; Nguy cơ bão lũ tiếp tục dồn dập trong tháng 10; Quốc hội bế tắc, chính phủ Mỹ đóng cửa… là các thông tin bạn đọc có thể đón xem trên Báo Thanh Niên số ra ngày 2.10.2025."
Nước vẫn 'bao vây' khu biệt thự triệu đô ở Hà Nội,2025-10-01 21:01:00,Dân sinh,"Dù thời tiết đã tạnh mưa từ trưa 1.10, nhưng nhiều tuyến đường tại Khu đô thị tây Hồ Tây (Hà Nội) vẫn ngập trong biển nước."
TP.HCM: Vừa xuất hiện 14 vé trúng 28 tỉ xổ số miền Nam ngày 1 tháng 10,2025-10-01 17:43:00,Cộng đồng,"Vừa có kết quả xổ số miền Nam ngày 1 tháng 10, 14 vé trúng độc đắc 28 tỉ liền xuất hiện tại TP.HCM. Đại lý nào bán trúng?"
Xổ số miền Nam ngày 1 tháng 10 - Kết quả xổ số hôm nay thứ tư,2025-10-01 16:00:00,Đời sống,"Xem kết quả xổ số miền Nam ngày 1 tháng 10; xổ số miền Bắc, xổ số miền Trung, xổ số điện toán trực tiếp nhanh hôm nay thứ tư ngày 1.10.2025."
"'Cố thủ' vì ngập lụt, dân Phú Đô lên mạng xã hội 'cầu cứu'",2025-10-01 14:39:00,Đời sống,"Sau 1 ngày cầm cự trong nhà trọ ở làng Phú Đô (P.Từ Liêm, Hà Nội) vì ngập úng, chị T. đã lên mạng xã hội 'cầu cứu' vì không còn nước sạch, đồ ăn để sử dụng."
"Kết quả xổ số Lotto 5/35 Vietlott trưa 1.10, giải độc đắc hơn 12,4 tỉ đồng",2025-10-01 14:05:00,Cộng đồng,"Trưa 1.10, Công ty xổ số điện toán Việt Nam (Vietlott) thông báo kết quả quay số mở thưởng loại hình xổ số Lotto 5/35."
Dịch vụ xe kéo 'cõng' xe máy qua biển nước 'hốt bạc',2025-10-01 12:06:00,Đời sống,"Sáng nay, nhiều đoạn trên QL70 (Hà Nội) vẫn ngập sâu cả mét khiến hàng trăm phương tiện mắc kẹt, người dân phải thuê xe kéo để 'cõng' xe máy qua điểm ngập với giá 150.000 đồng/lượt."
Các xã chịu ảnh hưởng bão số 10 (Bualoi) đã có sóng di động,2025-10-01 11:56:00,Đời sống,"Gần 600 đội ứng cứu của Viettel trên toàn quốc đã được huy động để khắc phục tín hiệu, đảm bảo thông tin liên lạc sau cơn bão số 10 (Bualoi)."
"Clip chủ quán ăn Huế chửi bới, đe dọa nhân viên lớn tuổi gây bức xúc",2025-10-01 11:35:00,Ẩm thực,"Cộng đồng mạng đang rất bức xúc trước đoạn clip chủ quán ăn Huế có lời lẽ khó nghe, chửi bới người phụ nữ lớn tuổi từng là nhân viên của quán về chuyện trừ lương."
Tờ vé số Vietlott trúng gần 180 tỉ đồng được bán ra ở Đà Nẵng,2025-10-01 11:14:00,Cộng đồng,"Sáng 1.10, Công ty xổ số điện toán Việt Nam (Vietlott) cho biết vé trúng giải Jackpot 1 loại hình xổ số Power 6/55 với số tiền gần 180 tỉ đồng được bán ra ở Đà Nẵng."
Bánh trung thu '2 giảm' dành tặng bệnh nhi suy thận,2025-10-01 09:39:00,Người sống quanh ta,"Những ngày qua, một nhóm sinh viên ở TP.HCM đã cùng nhau làm ra những chiếc bánh trung thu '2 giảm' - giảm đường, giảm muối - dành tặng các bệnh nhi đang chạy thận."
"Chuyện hay của những 'sứ giả' an toàn, tiết kiệm điện",2025-10-01 06:41:00,Đời sống,"Với chủ đề An toàn - tiết kiệm, kinh nghiệm sẻ chia, cuộc thi Tiết kiệm điện thành thói quen lần 3, chính mỗi người dự thi đã trở thành một sứ giả trong việc sử dụng điện an toàn, tiết kiệm vô cùng sinh động và hiệu quả."
"Tháng 10: Người Việt ngắm siêu trăng đầu tiên 2025, 2 mưa sao băng cực đại",2025-10-01 06:00:00,Cộng đồng,"Hôm nay là ngày đầu tiên của tháng 10. Tháng này, người Việt sẽ được ngắm siêu trăng đầu tiên của năm 2025 cùng 2 trận mưa sao băng đạt cực đại và nhiều hiện tượng kỳ thú khác."
"Hàng xóm chung tay di dời rạp cưới, 80 mâm cỗ giúp chú rể kịp giờ làm lễ",2025-10-01 05:30:00,Đời sống,"Do ảnh hưởng của bão Bualoi, rạp cưới của chú rể Tấn Trường bị kéo sập, 80 mâm cỗ được hàng xóm, người dân chung tay di dời đến địa điểm khác trong hơn 30 phút."
"Hàng loạt vé trúng xổ số miền Nam đài Bạc Liêu, Cà Mau được đổi thưởng",2025-10-01 05:00:00,Cộng đồng,"Sau khi có kết quả xổ số miền Nam ngày 30 tháng 9, các đại lý ở miền Tây đã đổi thưởng hàng loạt vé trúng đài Bạc Liêu và Cà Mau cho khách."
Tin tức đặc biệt trên báo in Thanh Niên 1.10.2025,2025-10-01 03:45:00,Đời sống,"Tin tức Sau 2030, TP.HCM sẽ không còn sân bay quốc tế?; Gồng mình khắc phục hậu quả mưa lũ; Chính phủ Mỹ sắp đóng cửa?... là các thông tin bạn đọc có thể đón xem trên Báo Thanh Niên số ra ngày 1.10.2025."
"Nước lũ dâng cao trong đêm, nhiều người Thanh Hóa lên mạng cầu cứu",2025-09-30 23:27:00,Người sống quanh ta,"Nhiều người ở Thanh Hóa bất lực nhìn nước lũ dâng lên cao giữa đêm, đăng lên mạng cầu cứu với hy vọng được các lực lượng chức năng, đội nhóm tình nguyện hỗ trợ."
"Tra cứu phạt nguội: Hàng loạt xe máy đi trên vỉa hè đường Trường Chinh, TP.HCM",2025-09-30 20:02:00,Cộng đồng,Hàng loạt máy nối đuôi chạy vô tư đi trên vỉa hè đường Trường Chinh (quận Tân Phú cũ) sáng 29.9 đã bị CSGT TP.HCM phạt nguội.
"Xổ số Power 6/55 Vietlott tối 30.9, xuất hiện người trúng gần 180 tỉ đồng",2025-09-30 19:10:00,Cộng đồng,"Tối 30.9, Công ty xổ số điện toán Việt Nam (Vietlott) thông báo kết quả quay số mở thưởng loại hình xổ số Power 6/55, có người trúng gần 180 tỉ đồng."
"Núi Bà Đen có nguy cơ sạt lở, đá lăn: Tạm dừng leo núi từ 1.10",2025-09-30 18:03:00,Cộng đồng,"Khu du lịch núi Bà Đen phát thông báo tạm ngừng các hoạt động leo núi, dã ngoại từ ngày 1.10 vì có nhiều trường hợp té ngã, lạc đường... cộng thêm thời tiết xấu, có nguy cơ sạt lở, đá lăn."
Xổ số miền Nam ngày 30 tháng 9: Một đại lý vừa đổi thưởng 140 tờ,2025-09-30 17:44:00,Cộng đồng,"Ngay sau khi có kết quả xổ số miền Nam ngày 30 tháng 9, một đại lý đã đổi thưởng 140 tờ trúng số cho khách."
Lotto 5/35 - Những con số ấn tượng sau 3 tháng ra mắt,2025-09-30 17:00:00,Đời sống,"Chỉ sau 3 tháng ra mắt, Lotto 5/35, một xổ số tự chọn quay nhanh mới của Vietlott đã chứng minh sức hút mạnh mẽ trên thị trường. Với hàng triệu vé được phát hành và hàng chục nghìn người chơi trúng thưởng, Lotto 5/35 không chỉ mang lại niềm vui trúng số, mà còn góp phần làm mới thói quen chơi xổ số của người Việt."
Xổ số miền Nam ngày 30 tháng 9 - Kết quả xổ số hôm nay thứ ba,2025-09-30 16:00:00,Đời sống,"Xem kết quả xổ số miền Nam ngày 30 tháng 9. Xổ số miền Bắc, xổ số miền Trung, xổ số điện toán trực tiếp nhanh hôm nay thứ ba ngày 30.9.2025."
"Kết quả xổ số Lotto 5/35 Vietlott trưa 30.9, giải độc đắc hơn 10,9 tỉ đồng",2025-09-30 13:41:00,Cộng đồng,"Trưa 30.9, Công ty xổ số điện toán Việt Nam (Vietlott) thông báo kết quả quay số mở thưởng loại hình xổ số Lotto 5/35."
CSGT thần tốc mở đường cứu thai phụ đau bụng dữ dội đi cấp cứu,2025-09-30 13:19:00,Cộng đồng,"Giữa dòng xe cộ tấp nập, CSGT TP.HCM đã thần tốc mở đường cho xe chở thai phụ đau bụng dữ dội đến Bệnh viện Từ Dũ."
Vụ xây nhầm nhà ở Hải Phòng: Lộ nhiều bất thường trong giao dịch đất,2025-09-30 11:57:00,Đời sống,"Vụ xây nhầm nhà trên đất của người khác ở P.Thiên Hương (Hải Phòng) đang gây xôn xao dư luận những ngày qua. Đằng sau sự việc hi hữu này hé lộ những bất cập trong quản lý đất đai, cùng các giao dịch mua bán có dấu hiệu thiếu minh bạch."
"Nâng cao nhận thức, hình thành thói quen sử dụng điện an toàn, tiết kiệm",2025-09-30 11:39:00,Đời sống,"'Cuộc thi đầy ý nghĩa và thiết thực 'Tiết kiệm điện thành thói quen' đã diễn ra 3 mùa thành công, giúp mọi người cùng nâng cao nhận thức, hình thành thói quen sử dụng điện an toàn, tiết kiệm..., góp phần lan tỏa rộng rãi những hình ảnh đẹp về ngành điện đến cộng đồng', Phó chủ tịch T.Ư Hội LHTN Việt Nam, Tổng biên tập Báo Thanh Niên Nguyễn Ngọc Toàn nhấn mạnh."
6 năm thầm lặng giúp bệnh nhân ung thư theo cách đặc biệt,2025-09-30 10:14:00,Người sống quanh ta,"Đoạn clip chia sẻ về 6 năm cắt tóc miễn phí cho những người hiến tóc tặng bệnh nhân ung thư của anh Võ Ngọc Sơn (38 tuổi, ở TP.HCM) khiến cư dân mạng xúc động."
"Mưa lớn kéo dài, khu vực trung tâm Cao Bằng chìm trong nước",2025-09-30 09:47:00,Thời sự,Mưa lớn kéo dài do ảnh hưởng của hoàn lưu cơn bão số 10 (Bualoi) đã gây ngập lụt các khu vực ven sông tại khu vực trung tâm tỉnh Cao Bằng.
"Nhiều tuyến phố ngập sâu, người Hà Nội đi vào đại lộ 'né' điểm úng ngập",2025-09-30 09:39:00,Đời sống,"Do ảnh hưởng của bão số 10 (bão Bualoi), tính đến 9 giờ ngày 30.9, nhiều tuyến đường ở Hà Nội vẫn bị ngập sâu nên nhiều người đi vào đại lộ Thăng Long 'né' điểm úng ngập."
Xe máy đi trên vỉa hè bị CSGT phạt nguội: Không nộp phạt thì sao?,2025-09-30 07:37:00,Cộng đồng,"Hàng loạt xe máy đi trên vỉa hè ở TP.HCM bị CSGT ghi hình phạt nguội. Nhiều người thắc mắc, không nộp phạt thì sao? Cục CSGT giải đáp."
Điện lưới quốc gia giúp Côn Đảo vươn mình,2025-09-30 07:24:00,Đời sống,"'Viên ngọc' giữa trùng khơi sau khi sáp nhập vào TP.HCM luôn nhận được sự quan tâm của lãnh đạo TP và các doanh nghiệp, đặc biệt ngành điện luôn đi trước một bước, tập trung đầu tư để sớm đưa Côn Đảo trở thành một trung tâm du lịch sinh thái, văn hóa - lịch sử theo đúng tiêu chí: 'đảo xanh - thông minh và đáng sống'."
Lễ trao giải Tiết kiệm điện thành thói quen lần 3,2025-09-30 07:11:00,Đời sống,"Lúc 9 giờ 30 sáng 30.9 tại TP.HCM, Báo Thanh Niên và Tổng công ty Điện lực TP.HCM (EVNHCMC) sẽ truyền trực tiếp Lễ tổng kết và trao giải cuộc thi Tiết kiệm điện thành thói quen lần 3, với chủ đề An toàn tiết kiệm, kinh nghiệm sẻ chia trên thanhnien.vn và các kênh Fanpage, YouTube, TikTok Báo Thanh Niên, Fanpage Tập đoàn Điện lực VN, Fanpage EVNHCMC."
Có thể dùng những vỉa hè 'đang rảnh' làm làn riêng cho xe đạp ở TP.HCM?,2025-09-30 06:00:00,Cộng đồng,"Ông Huỳnh Quyết Thắng, người gắn bó với phong trào xe đạp hơn 15 năm đề xuất tận dụng những vỉa hè 'đang rảnh' ở TP.HCM để làm làn riêng cho xe đạp."
"Đi chùa mua 3 tờ vé số, bất ngờ trúng độc đắc xổ số miền Nam",2025-09-30 05:30:00,Cộng đồng,"Người phụ nữ ở Tây Ninh đi chùa, mua 3 tờ vé số cầu may, không ngờ trúng độc đắc 6 tỉ đồng xổ số miền Nam ngày 28 tháng 9."
Tin tức đặc biệt trên báo in Thanh Niên 30.9.2025,2025-09-30 03:49:00,Đời sống,Tin tức Khẩn trương khắc phục hậu quả mưa bão; Ngăn chặn hàng ngàn tỉ đồng giao dịch đáng ngờ; Cá cược thể thao không chỉ để cho vui... là các thông tin bạn đọc có thể đón xem trên Báo Thanh Niên số ra ngày 30.9.2025.
"Kết quả xổ số Lotto 5/35 - Vietlott tối nay 29.9, tiền cộng dồn hơn 10,3 tỉ đồng",2025-09-29 21:56:00,Cộng đồng,"Tối 29.9, Công ty xổ số điện toán Việt Nam (Vietlott) đã thông báo kết quả quay số mở thưởng loại hình xổ số Lotto 5/35."
"Đại úy công an lao ra dòng lũ lớn, cứu người dân đang bị cuốn trôi",2025-09-29 20:35:00,Người sống quanh ta,"Phát hiện người dân bị lũ cuốn trôi, đại úy công an tại Phú Thọ không chút do dự, lao ra dòng nước đang chảy xiết để cứu nạn."
Clip người phụ nữ rải bột lạ trên đường ở TP.HCM: 'Chỉ là bột cà phê',2025-09-29 19:00:00,Cộng đồng,Người lái xe máy chở người phụ nữ phía sau rải bột lạ trên đường ở TP.HCM gây hoang mang mạng xã hội cho biết đây chỉ là bột cà phê.
Kết nghĩa Hội trà Tùng Lĩnh Nam Đầu: Đưa văn hóa trà Việt đến bạn bè quốc tế,2025-09-29 18:47:00,Ẩm thực,"Nhiều người Đài Loan yêu trà hào hứng thưởng thức trà Mã Dọ quý hiếm, trà sen Gia Bảo và dành lời khen cho những loại trà nổi tiếng của Việt Nam được mang đến lễ kết nghĩa giữa hai Hội trà Vô Ngã."
"Quảng Ninh: Giông lốc dữ dội, 9 người bị thương",2025-09-29 18:36:00,Đời sống,"Một trận giông lốc dữ dội kèm mưa lớn tại H.Đầm Hà (Quảng Ninh) chiều 29.9 đã khiến 9 người bị thương, nhiều nhà dân và trường học hư hỏng nặng."
Xổ số miền Nam ngày 29 tháng 9: Số 38 may mắn trúng 2 đài,2025-09-29 18:30:00,Cộng đồng,Kết quả xổ số miền Nam ngày 29 tháng 9 ghi nhận các tờ vé có hai số cuối 38 trúng đài Cà Mau và Đồng Tháp.
Cả trăm xe máy đi trên vỉa hè đường Hồ Văn Huê... cùng nhau 'dính' phạt nguội,2025-09-29 17:45:00,Cộng đồng,Cả trăm xe máy rầm rập cùng nối đuôi nhau đi trên vỉa hè đường Hồ Văn Huê (quận Phú Nhuận cũ) đã 'lọt' vào camera CSGT không sót chiếc nào.
Xổ số miền Nam ngày 29 tháng 9 - Kết quả xổ số hôm nay thứ hai,2025-09-29 16:00:00,Đời sống,"Xem kết quả xổ số miền Nam ngày 29 tháng 9. Xổ số miền Bắc, xổ số miền Trung, xổ số điện toán trực tiếp nhanh hôm nay thứ hai ngày 29.9.2025."
9 phường ở TP.HCM cúp nước từ tối nay đến ngày 2.10,2025-09-29 15:17:00,Cộng đồng,"Từ tối nay 29.9 - 2.10, nhiều phường ở TP.HCM cúp nước để thực hiện công tác bảo dưỡng, bảo trì hệ thống đường ống nước."
"Bão số 10: 'Nhà không còn, tôi không biết sống sao đây'",2025-09-29 14:27:00,Đời sống,"Khuya 28.9, chị Võ Thị Tình ở Hà Tĩnh đang ở trong nhà thì bất ngờ toàn bộ mái tôn bị bão số 10 giật bay. Chị may mắn chạy ra khỏi nhà trước khi nhiều bức tường đổ sập xuống. Người phụ nữ góa chồng khóc nghẹn vì rơi vào cảnh… trắng tay."
"Kết quả xổ số Lotto 5/35 - Vietlott trưa 29.9, tiền cộng dồn gần 9,5 tỉ đồng",2025-09-29 14:13:00,Cộng đồng,"Trưa 29.9, Công ty xổ số điện toán Việt Nam (Vietlott) đã thông báo kết quả quay số mở thưởng loại hình xổ số Lotto 5/35."
Màn cầu hôn bất ngờ trong đám cưới bạn thân,2025-09-29 10:42:00,Đời sống,"Khoảnh khắc cô dâu tinh ý trao hoa để nam khách mời cầu hôn bạn gái khiến cư dân mạng hào hứng bình luận, chia sẻ. Nhiều người gửi lời chúc phúc đến các cặp đôi."
Clip người phụ nữ rải bột lạ trên đường gây hoang mang: CSGT TP.HCM xác minh,2025-09-29 10:08:00,Cộng đồng,CSGT TP.HCM đang xác minh clip người phụ nữ ngồi sau xe máy rải bột lạ dọc đường khiến nhiều người hoang mang. Clip thu hút hơn 4 triệu lượt xem.
"Mua giúp người bán vé số khuyết tật, khách Cà Mau trúng độc đắc 12 tỉ",2025-09-29 05:30:00,Cộng đồng,"Một người đàn ông ở Cà Mau mua giúp người bán vé số khuyết tật, bất ngờ trúng độc đắc 6 tờ xổ số miền Nam ngày 26 tháng 9 trị giá 12 tỉ đồng."
Tin tức đặc biệt trên báo in Thanh Niên 29.9.2025,2025-09-29 03:59:00,Đời sống,"Tin tức Bão số 10 gây sạt lở diện rộng, nhiều người mất tích; Lo hàng triệu xe mắc kẹt vì tài khoản giao thông; FAM nhận lỗi nhưng khó thoát án phạt nặng của FIFA… là những thông tin bạn đọc có thể đón xem trên Báo Thanh Niên số ra ngày 29.9.2025."
Vụ cứu nạn 2 tàu cá chìm tại Quảng Trị: Khi người hùng Vietship 01 trở lại,2025-09-28 20:26:00,Người sống quanh ta,"5 năm sau vụ tàu Vietship 01 bị nước lũ cuốn trôi, ông Võ Văn Dũng (52 tuổi, Quảng Trị) lại tiếp tục dấn thân ra biển giữa sóng dữ, cùng đồng đội cứu sống 7 thuyền viên trên 2 tàu cá bị chìm."
Xổ số miền Nam ngày 28 tháng 9: Đại lý Vĩnh Long bán trúng 42 tờ may mắn,2025-09-28 17:48:00,Cộng đồng,"Vừa có kết quả xổ số miền Nam ngày 28 tháng 9, một đại lý vé số ở Vĩnh Long thông báo bán trúng 42 tờ may mắn, trong đó 28 tờ đã được đổi thưởng ngay trong chiều."
"YouTuber đăng thông tin sai lệch về Tả quân Lê Văn Duyệt, Sở VH-TT TP.HCM nói gì?",2025-10-16 16:23:00,Văn hóa,"Theo Sở VH-TT TP.HCM, việc đăng tải thông tin sai lệch về Tả quân Lê Văn Duyệt được xem là xúc phạm danh nhân, anh hùng dân tộc, vi phạm vào các hành vi bị cấm được quy định trong luật An ninh mạng. Sở sẽ phối hợp với các cơ quan liên quan để hỗ trợ, xác minh, xử lý theo quy định của pháp luật."
Vẻ đẹp chân thực và huyền ảo trong triển lãm 'Đường lên mây',2025-10-16 15:15:00,Văn hóa,Triển lãm tranh sơn mài Đường lên mây của họa sĩ Loan Phương diễn ra từ ngày 16 - 22.10 tại Hội Mỹ thuật TP.HCM.
Vệt nắng trên bờ vai cha - Truyện ngắn dự thi của Dương Thị Mỹ Nhan,2025-10-16 15:00:00,Sống đẹp,"Hồi nhỏ, Hân hay ngồi bên hiên nhìn cha nhóm lửa bằng bó rơm khô. Mỗi lần gió lùa, khói bay quẩn lên trời, vệt nắng chiều xiên qua đụn khói như tấm lụa vàng treo ngang sân."
Seungri nhóm Big Bang bị nghi có liên quan đến đường dây lừa đảo tại Campuchia,2025-10-16 14:10:00,Văn hóa,"Theo 'Chosun Biz', Seungri - cựu thành viên nhóm nhạc Big Bang - đang bị tình nghi có quan hệ mật thiết với một tập đoàn tội phạm Campuchia."
Thi thể người mẫu Brazil và con gái được phát hiện sau 5 ngày mất tích,2025-10-16 13:24:00,Văn hóa,Nữ người mẫu kiêm influencer Lidiane Aline Lorenço (33 tuổi) và con gái Miana Sophya Santos (15 tuổi) được phát hiện đã chết trong chính căn hộ của mình mà không có bất kỳ dấu hiệu đột nhập hay xô xát.
"Thực tập sinh hiến máu cứu người, phát tâm hiến tạng",2025-10-16 09:00:00,Sống đẹp,"Nguyễn Minh Tiến Đạt, sinh năm 2003, quê Đồng Tháp, hiện là sinh viên ngành dược đang thực tập tại một bệnh viện ở Hà Nội. Dáng người thư sinh, nụ cười hiền, ít ai ngờ chàng trai trẻ này đã 13 lần tình nguyện hiến máu, và coi đó như một phần tất yếu trong hành trình trưởng thành của mình."
Chiếu phim 'Mưa đỏ' trong chuỗi sự kiện 'Tổng kết 50 năm văn học nghệ thuật TP.HCM',2025-10-16 08:48:00,Văn hóa,"Để tổng kết 50 năm nền văn học nghệ thuật, dấu mốc của nửa thế kỷ sáng tạo và khát vọng vươn lên, TP.HCM - một trung tâm lớn về kinh tế, văn hóa, giáo dục, nơi hội tụ của nhiều thế hệ văn nghệ sĩ tài năng - tưng bừng tổ chức loạt sự kiện, trong đó có chiếu phim 'Mưa đỏ'."
"Tượng gốm Sài Gòn xưa, di sản nghệ thuật độc đáo",2025-10-16 08:00:00,Văn hóa,"Sáng 15.10, Bảo tàng Lịch sử TP.HCM phối hợp với Bảo tàng TP.HCM, Bảo tàng Phụ nữ Nam bộ và Hội cổ vật TP.HCM đã khai mạc trưng bày chuyên đề Tượng gốm Sài Gòn xưa - nghệ thuật và di sản, giúp công chúng có dịp tiếp cận với di sản tượng gốm và khám phá tài hoa của các nghệ nhân xưa."
Secret Garden biểu diễn và quay MV quảng bá du lịch Việt,2025-10-16 06:15:00,Văn hóa,"Trong tháng 10 này, hai tên tuổi được giới mộ điệu âm nhạc trong nước yêu thích gồm nhóm Secret Garden và Thomas Anders - giọng ca chính của nhóm Modern Talking, sẽ cùng mang đến những đêm diễn đặc biệt cho khán giả VN."
DTAP được T.Ư Đoàn TNCS Hồ Chí Minh tặng bằng khen,2025-10-16 06:05:00,Văn hóa,"Nhóm sản xuất âm nhạc DTAP vừa được Ban Chấp hành T.Ư Đoàn TNCS Hồ Chí Minh trao tặng bằng khen ghi nhận những đóng góp của chiến dịch Hành trình Tự hào Việt Nam - hoạt động thuộc dự án âm nhạc MADE IN VIETNAM của nhóm, nhân dịp kỷ niệm 80 năm Cách mạng Tháng Tám và Quốc khánh 2.9."
"Chuyện nghệ nhân gen Z: Đưa tuồng xuống phố, vào trường học",2025-10-16 06:00:00,Văn hóa,"Dấn thân vào lĩnh vực khó như nghệ thuật tuồng, những nghệ nhân trong độ tuổi gen Z của Nhà hát tuồng Nguyễn Hiển Dĩnh (TP.Đà Nẵng) đã vượt qua không ít trở lực để trở thành lớp diễn viên kế cận bản lĩnh, giàu đam mê…"
Vì sao Lê Đại Cang được xem là ‘bậc hiền tài toàn năng’ của triều Nguyễn?,2025-10-15 15:10:00,Câu chuyện văn hóa,"Danh nhân Lê Đại Cang (1771 - 1847) đã góp công khai mở vùng đất Nam bộ, đắp đê ở Bắc thành, đào sông Vĩnh Điện, xây thành An Giang và giữ yên biên cương phía tây nam Tổ quốc."
Ngồi bên sông - Truyện ngắn dự thi của Diệp Bần Cò,2025-10-15 15:00:00,Sống đẹp,"Ông Khánh ngồi, vai gãy xuống như muốn khum lại, nhìn dòng sông quê đang chầm chậm chảy. Mặt ông có những nếp nhăn như nếp ruộng, mắt ông vẩn đục như nước sông buổi hoàng hôn, không phải vì tuổi già, mà vì nghĩ ngợi."
Cà Mau khánh thành khu di tích hơn 100 tỉ đồng,2025-10-15 13:56:00,Văn hóa,"Sau gần 1 năm thi công, Khu di tích Chiến thắng Đầm Dơi - Cái Nước - Chà Là thuộc tỉnh Cà Mau, với vốn đầu tư hơn 106 tỉ đồng, đã được khánh thành."
Chủ nhân hit triệu view 'Người âm phủ' nói gì khi bị gọi là 'rapper ăn may'?,2025-10-15 11:25:00,Câu chuyện văn hóa,"Từng gây dấu ấn với Người âm phủ, OSAD cho biết bản thân thừa hiểu nhiều người cho rằng anh 'ăn may', nên đang không ngừng cố gắng trên hành trình âm nhạc."
Hóa thân cho rác,2025-10-15 09:00:00,Sống đẹp,"Bùi Văn Huy là một kiến trúc sư đã có gần 20 năm gắn bó với nghề. Nhưng mọi người biết đến anh nhiều hơn dưới bút danh Châu An Khôi, một nhà thơ chuyên viết cho thiếu nhi với vài đầu sách đã xuất bản."
Các thành phố di sản thế giới châu Á hướng đến 'tính đáng sống',2025-10-15 07:22:00,Văn hóa,"Hơn 100 đại biểu đến từ 7 quốc gia có các thành phố di sản thế giới khu vực châu Á - Thái Bình Dương đã nhóm họp tại cố đô Huế để tập trung trao đổi chính sách, kinh nghiệm quản lý đô thị, cùng các giải pháp nâng cao chất lượng sống với chủ đề ""Tính đáng sống vì sự phát triển bền vững của các thành phố di sản thế giới""."
'Cha cõng con' trở lại rạp để 'Cùng con đi tiếp cuộc đời',2025-10-15 07:21:00,Văn hóa,"Đáp ứng sự trông chờ của người yêu điện ảnh, sau gần 8 năm, phim Cha cõng con (đạo diễn Lương Đình Dũng) sẽ trở lại rạp để phục vụ khán giả trong nước. Và lần này, doanh thu trích từ tiền bán vé của phim sẽ đồng hành cùng chương trình Cùng con đi tiếp cuộc đời của Báo Thanh Niên."
Chuyện nghệ nhân gen Z: Người 'say' nghề chạm khắc... bài vị,2025-10-15 05:43:00,Văn hóa,"Là ""đời đầu"" của thế hệ Z, Trần Phước Hoàng (sinh năm 1997) chọn cho mình hướng đi không giống ai khi trở thành thợ điêu khắc long vị, vốn dĩ ""đóng đinh"" trong suy nghĩ của nhiều người là nghề dành cho lớp thợ già."
NSND Thanh Tùng: Tôi tự hào vì gia đình 3 thế hệ giữ lửa cải lương,2025-10-14 18:18:00,Văn hóa,"Nhìn lại chặng đường nghệ thuật, NSND Thanh Tùng bày tỏ niềm tự hào vì không chỉ ông mà con trai Mạnh Hùng và cháu gái Khánh An đều nỗ lực giữ lửa cải lương."
Nhịp đập giữa màn mưa - Truyện ngắn dự thi của Huỳnh Loan,2025-10-14 15:00:00,Sống đẹp,"Gần cổng trung tâm hội nghị nơi tôi làm việc có một gánh cà phê nhỏ nép mình bên góc tường. Giữa vô vàn tiệm cà phê sang trọng, sáng choang ánh đèn, tôi vẫn thích chọn ly cà phê từ chiếc xe cũ kỹ ấy..."
Vì sao hồ sơ khoa học di tích thắng cảnh hồ Xuân Hương vẫn chưa xong?,2025-10-14 13:41:00,Câu chuyện văn hóa,"Sở Văn hóa Thể thao và Du lịch tỉnh Lâm Đồng được giao chủ trì, phối hợp với các sở, ngành và các phường Xuân Hương - Đà Lạt, Lâm Viên - Đà Lạt tiếp tục hoàn thiện hồ sơ khoa học di tích danh lam thắng cảnh hồ Xuân Hương."
Đạo diễn ‘Cha cõng con’ đồng hành cùng chương trình 'Cùng con đi tiếp cuộc đời',2025-10-14 13:32:00,Văn hóa,"Mang phim Cha cõng con trở lại rạp dự kiến vào tháng 11 này, đạo diễn Lương Đình Dũng sẽ trích doanh thu bán vé để đồng hành cùng chương trình Cùng con đi tiếp cuộc đời của Báo Thanh Niên."
‘Dũng Khỉ’ giữ rừng,2025-10-14 09:00:00,Sống đẹp,"'Cứ coi mỗi cây đước, cây bần là một người bạn, rừng Cù Lao Dung là một gia đình, tự nhiên mình thấy thương quê hương mình hơn. Giữ rừng đương nhiên là giữ nhà, giữ của - rừng vàng biển bạc mà'."
Chồng chất nhiệm vụ quy hoạch Ngũ Hành Sơn,2025-10-14 08:00:00,Văn hóa,"Sau 2 năm thực hiện, kế hoạch triển khai quy hoạch bảo quản, tu bổ, phục hồi danh lam thắng cảnh quốc gia đặc biệt Ngũ Hành Sơn đang được UBND TP.Đà Nẵng điều chỉnh các mốc thời gian bởi hàng loạt nhiệm vụ chậm tiến độ."
Đạo diễn Bùi Thạc Chuyên được UBND TP.HCM tặng bằng khen,2025-10-14 06:05:00,Văn hóa,"Chiều 13.10, đoàn lãnh đạo TP.HCM tổ chức lễ chúc mừng và trao bằng khen cho đạo diễn Bùi Thạc Chuyên."
Chuyện nghệ nhân Gen Z: Giữ hồn thanh âm đại ngàn,2025-10-14 06:00:00,Văn hóa,"Bằng tài năng thiên phú cộng với đôi tay khéo léo, nhiều thanh niên trong độ tuổi gen Z (sinh từ khoảng năm 1997 đến năm 2012) đã làm nên những tác phẩm nghệ thuật độc đáo. Ở họ có chung sự sáng tạo, niềm đam mê đặc biệt đối với ngành nghề mình theo đuổi."
Nhà văn Shin Kyung-sook giao lưu với độc giả Việt Nam,2025-10-14 05:45:00,Văn hóa,"Ngày 18.10 tại Lotte Mall Tây Hồ (Hà Nội), nhà văn Hàn Quốc Shin Kyung-sook sẽ có buổi gặp gỡ và giao lưu với độc giả Việt Nam nhân dịp ra mắt tác phẩm mới 'Phút biệt ly'."
Khánh Hòa tổ chức lễ hội Katê 2025 với nhiều điểm mới,2025-10-13 17:55:00,Câu chuyện văn hóa,"Năm 2025 đánh dấu lần đầu tiên Khánh Hòa triển khai đề án 'Bảo tồn và phát huy giá trị lễ hội Katê của đồng bào Chăm giai đoạn 2025 - 2030', với chuỗi hoạt động văn hóa, nghệ thuật đặc sắc nhằm tôn vinh di sản văn hóa phi vật thể quốc gia này."
Gót sen trên đất thép - Truyện ngắn dự thi của Mộc Miên,2025-10-13 15:00:00,Sống đẹp,Khang trở về con hẻm cũ vào một buổi chiều tháng bảy mưa dầm dề. Sài Gòn tiễn gã bằng một trận kẹt xe điên rồ và vị chua chát của những đêm mất ngủ trên các bản vẽ bị từ chối.
Độc lạ cách phòng cháy của người xưa ở Nước Mặn,2025-10-13 12:45:00,Câu chuyện văn hóa,"Ngày trước, khi nhà cửa còn chủ yếu là mái tranh vách đất, mùa nắng đến là nỗi lo cháy lan khắp làng. Ấy vậy mà ở vùng Nước Mặn (Gia Lai), người dân lại nghĩ ra một cách phòng cháy vừa độc đáo vừa hiệu quả đến lạ."
"Vượt lên số phận, gieo mầm yêu thương",2025-10-13 09:00:00,Sống đẹp,"Sinh ra tại làng quê nghèo thuộc tỉnh Ninh Bình (Hà Nam cũ), khi mới chào đời, thân hình nhỏ bé, gầy gò, tôi chỉ nặng vỏn vẹn 1,3 kg. 6 tháng sau sinh tôi bị sốt cao dẫn đến chân trái bị teo phải nằm ở Bệnh viện Nhi Trung ương suốt 8 tháng ròng rã..."
Học 'văn hóa kiên nhẫn' cùng 'gen bạc',2025-10-13 08:38:00,Văn hóa,"Giữa thời đại 'ai cũng dùng Al', có một thế hệ 'gen bạc' từng bị xem là đứng ngoài cuộc cách mạng công nghệ: người cao tuổi. Nhưng chính họ, những 'công dân bạc' đang lặng lẽ bắt sóng, học cách làm chủ công nghệ không chỉ để sống vui, sống khỏe mà còn để tiếp tục tạo ra những giá trị mới."
Dế mèn lên sân khấu nhạc kịch,2025-10-13 08:32:00,Văn hóa,"Sau phim hoạt hình và các tác phẩm truyện tranh phái sinh gần đây, hình tượng dế mèn từ tác phẩm Dế mèn phiêu lưu ký của nhà văn Tô Hoài tiếp tục nối dài sức sống qua vở nhạc kịch Dế mèn ngoại truyện."
'Tía ơi má dìa' - hơi thở mới cho một chuyện tình son sắt,2025-10-13 08:31:00,Văn hóa,"Sân khấu IDECAF (TP.HCM) một lần nữa làm lay động trái tim khán giả với Tía ơi má dìa (tác giả: Nguyễn Thị Minh Ngọc - Vũ Minh; đạo diễn: Vũ Minh - Tuyết Mai - Quốc Thịnh). Bản dựng mới mang sắc thái hiện đại hơn, chạm đến cảm xúc người xem một cách tinh tế và dung dị."
Bùng nổ dòng sách chữa lành,2025-10-13 07:00:00,Văn hóa,"Theo thống kê của nhiều đơn vị xuất bản, trong năm 2025, dòng sách chữa lành, cân bằng nội tâm đang được độc giả quan tâm, yêu thích đặc biệt."
Thất Sơn huyền bí: Tứ Ân Hiếu Nghĩa và những lần pháp nạn,2025-10-13 06:06:00,Văn hóa,"Hệ phái Tứ Ân Hiếu Nghĩa chính thức khai đạo năm 1870, đúng vào giai đoạn đen tối của lịch sử. Bấy giờ, thực dân Pháp đã chiếm trọn Nam kỳ. Các phong trào kháng chiến của Thiên Hộ Dương, Thủ Khoa Huân, Nguyễn Trung Trực… lần lượt bị dập tắt."
Đứa con của rừng ma - Truyện ngắn dự thi của Kim Sơn,2025-10-12 15:00:00,Sống đẹp,"Tiếng chiêng đã báo rồi, cả làng cứ thế đến thôi, người chết đã chết rồi. Cứ theo tục mà làm thôi. Đứa trẻ khóc ngằn ngặt mệt quá đã nằm thỉu bên xác mẹ, tấm vải đắp ngang qua không đủ ấm giữa đêm lạnh nên bây giờ những tiếng ồn ào của người làng kéo đến ngày một đông vẫn không thể đánh thức nó."
"NSND Xuân Bắc, NSND Tự Long kêu gọi đấu giá ủng hộ bà con vùng lũ",2025-10-12 12:57:00,Văn hóa,"Góp mặt trong sự kiện Lễ hội Văn hóa thế giới tại Hà Nội, NSND Xuân Bắc và NSND Tự Long cùng tham gia dẫn dắt phiên đấu giá, ủng hộ người dân vùng lũ."
Hiệp sĩ - Truyện ngắn dự thi của Trương Tuệ Đăng,2025-10-12 09:00:00,Sống đẹp,"Hiệp sĩ cao đúng một mét sáu, nặng năm mươi lăm ký. Thấp bé, nhẹ cân mà tối ngày làm chuyện bao đồng, đó là lời bà vợ hay than phiền. Hiệp sĩ đang nằm thiêm thiếp ngủ, chuông điện thoại réo rắt. Ngáp dài vì vẫn chưa tỉnh ngủ, hiệp sĩ vẫn bấm nhận cuộc gọi."
Gửi Vàm Cỏ Tây - Thơ của Lương Minh Cừ,2025-10-12 08:05:00,Văn hóa,
Nhàn đàm: Tiếng còi tàu,2025-10-12 08:00:00,Văn hóa,"Ngày xưa nhà tôi ở trung tâm TP.Nha Trang, cách ga xe lửa khoảng một cây số đường chim bay. Những đêm về sáng chợt thức giấc hay những tối khuya khi không gian thật yên tĩnh tôi thường nghe tiếng còi tàu."
Sự thật về ngày Giỗ tổ và cột đá thề ở đền Hùng,2025-10-12 07:45:00,Văn hóa,"Là di tích quốc gia đặc biệt, đền Hùng (xã Hy Cương, Phú Thọ) gồm nhiều công trình kiến trúc từ chân lên đỉnh núi Nghĩa Lĩnh gồm 4 đền (Hạ, Trung, Thượng, Giếng), chùa Thiên Quang, lăng Hùng Vương…"
Chống đỡ kiệt tác tháp Chăm chờ trùng tu,2025-10-12 07:30:00,Văn hóa,"Đã gia cố bằng khung sắt, nhưng tháp B3 tại Khu đền tháp Mỹ Sơn (TP.Đà Nẵng) vẫn nghiêng lún hơn 3 độ cùng những vết nứt lớn. Một trong những kiệt tác kiến trúc hiếm hoi còn sót lại, được xem là mô hình thu nhỏ của kiệt tác tháp A1, đang phải chống đỡ chờ trùng tu tổng thể, toàn diện."
G-Dragon thêm đêm diễn ở VN sau khi 'cháy vé',2025-10-12 06:15:00,Xem - Nghe,"Tối 10.10, ban tổ chức công bố G-Dragon sẽ có thêm một đêm diễn tại Hà Nội, thuộc khuôn khổ chuyến lưu diễn quốc tế G-DRAGON 2025 WORLD TOUR [Übermensch]."
Thất Sơn huyền bí: Huyền thoại Đức Bổn Sư núi Tượng,2025-10-12 06:00:00,Văn hóa,"Vùng Thất Sơn xưa có nhiều nhân vật huyền thoại, nhưng chỉ có ông Ngô Lợi - người sáng lập hệ phái Tứ Ân Hiếu Nghĩa - được tôn là Đức Bổn Sư, tôn danh dành cho Phật. Dân gian gọi là ông Năm Thiếp."
Tranh sơn mài vẽ Bác Hồ nhận Guinness thế giới,2025-10-11 20:04:00,Văn hóa,Tác phẩm Bác Hồ đọc Tuyên ngôn độc lập nhận kỷ lục Guinness thế giới 'bức tranh sơn mài liền khổ lớn nhất'.
Nam diễn viên bị bắn chết khi đang lái xe,2025-10-11 20:00:00,Văn hóa,"Nam ca sĩ kiêm diễn viên người Argentina, Fede Dorcaz, đã tử vong ở tuổi 29 sau khi bất ngờ bị bắn lúc đang lái xe tại thủ đô Mexico."
Bếp thiện nguyện Từ Tâm,2025-10-11 15:00:00,Sống đẹp,Mặc dù mới thành lập không lâu nhưng nhóm Bếp thiện nguyện Từ Tâm Gia Lai hoạt động rất năng nổ và tích cực.
Thơ Nguyễn Kim Huy: Làn hương bay trong những ngôn từ,2025-10-11 10:00:00,Văn hóa,"Đó là lời bộc bạch của nhà thơ xứ Quảng Nguyễn Kim Huy khi anh vừa cho ra mắt bạn đọc tập thơ và trường ca 'Những ban mai tinh khiết' (NXB Đà Nẵng, 2025)."
Tâm nguyện của nhạc sĩ Trần Tiến sau biến cố sức khỏe,2025-10-11 07:40:00,Văn hóa,"Sau cơn 'thập tử nhất sinh', trải qua 30 lần xạ trị chiến đấu với ung thư vòm họng, sức khỏe của nhạc sĩ Trần Tiến nay đã phục hồi đáng kể. Giây phút chống chọi với bạo bệnh giúp ông trân trọng từng khoảnh khắc bình dị, đồng thời sống bao dung hơn với mọi người."
Thiên sứ Hải An dẫn đường cho trái tim của mẹ,2025-10-11 07:00:00,Sống đẹp,"""Mẹ thương con có hay chăng, thương từ khi thai nghén trong lòng""... Tình yêu của người mẹ bắt đầu từ khi ý niệm ""có con"" hình thành trong đầu đến khi mang thai và trưởng thành cùng con đến suốt cuộc đời."
Dàn nhạc London danh tiếng trình diễn 'Tiến quân ca',2025-10-11 06:53:00,Văn hóa,Mở màn bằng Quốc ca VN - Tiến quân ca; truyền trực tiếp trên màn hình lớn tại phố đi bộ Hồ Gươm… là những món quà được dàn nhạc London danh tiếng dành riêng cho công chúng thủ đô trong lần thứ 4 trở lại VN.
AI - Trợ thủ hay đối thủ?,2025-10-11 05:59:00,Văn hóa,"Tham gia vào từng mắt xích thuộc quy trình xuất bản: sáng tác, dịch thuật, biên tập, in, phát hành, thẩm định bản quyền, tạo giọng đọc nhân tạo cho sách nói, phân tích thị hiếu bạn đọc…, AI (trí tuệ nhân tạo) liệu sẽ là trợ thủ hay đối thủ của những người làm xuất bản?"
Thất Sơn huyền bí: Huyền thoại về Phật thầy Tây An,2025-10-11 05:58:00,Văn hóa,"Đức Phật thầy Tây An sinh năm 1807, tại làng Tòng Sơn, Cái Tàu Thượng, tỉnh Sa Đéc (nay là Đồng Tháp). Ông tên thật là Đoàn Minh Huyên, người khai sáng đạo Bửu Sơn Kỳ Hương. Xung quanh hành trạng của ông, rất nhiều huyền thoại còn lưu truyền."
"Phim có tổng tài, đường lưỡi bò gây 'nóng' tại họp báo Bộ VH-TT-DL",2025-10-10 20:59:00,Văn hóa,"Chiều 10.10, tại buổi họp báo thường kỳ của Bộ VH-TT-DL, nhiều vấn đề 'nóng' liên quan đến công tác quản lý nội dung trên không gian mạng đã được đưa ra thảo luận, đáng chú ý là hiện tượng phim 'tổng tài' lan tràn trên mạng xã hội và việc xử lý phim có chứa hình ảnh 'đường lưỡi bò' phi pháp."
'Mắt sáng gìn giữ tinh hoa': Khi bác sĩ và nhân viên y tế cùng viết sách,2025-10-10 15:30:00,Xem - Nghe,"Cuốn sách 'Mắt sáng gìn giữ tinh hoa' do những y bác sĩ, điều dưỡng, kỹ thuật viên và nhân viên y tế đã cùng chấp bút để xuất bản. Đó là một tập truyện ngắn truyền cảm hứng và thắp lửa tình yêu nghề y đến với cộng đồng."
'Tự hào nghề luật sư' - khúc ca tri ân người giữ gìn công lý,2025-10-10 14:09:00,Văn hóa,Nhạc sĩ Lê Bá Thường vừa  ra mắt ca khúc 'Tự hào nghề luật sư' đúng dịp kỷ niệm Ngày truyền thống luật sư Việt Nam 10.10.
"Chợ Nga tại trung tâm Sài Gòn gây tranh cãi, Sở VH-TT TP.HCM nói gì?",2025-10-10 13:07:00,Văn hóa,"Gần đây, việc chợ Nga, The Box Market mở tại khu vực Đường sách Nguyễn Văn Bình và vị trí sát Bưu điện TP.HCM vướng những tranh luận trái chiều. Đại diện Sở VH-TT TP.HCM cho biết đã có 2 buổi làm việc với các bên liên quan."
Khởi công Cung thiếu nhi TP.HCM 1.124 tỉ đồng,2025-10-10 11:32:00,Văn hóa,"Ngay ngã tư đường Mai Chí Thọ - Nguyễn Cơ Thạch (khu đô thị mới Thủ Thiêm, P.An Khánh, TP.HCM), Cung thiếu nhi TP.HCM khi đi vào hoạt động sẽ là nơi học tập, vui chơi hiện đại, tiện nghi cùng những trải nghiệm lý tưởng cho thiếu nhi thành phố mang tên Bác."
Nhà thơ Tế Hanh và bài thơ ‘Vườn xưa’,2025-10-10 11:15:00,Câu chuyện văn hóa,"Năm 2026 sẽ kỷ niệm 105 năm ngày sinh của nhà thơ Tế Hanh. Cũng dịp này, khu lưu niệm nhà thơ Tế Hanh mang tên 'Vườn xưa' có lẽ sẽ được khánh thành. Vườn lưu niệm với diện tích 440 m2 nằm sát sông Trà Bồng, con sông đã đi vào bài thơ bất tử của Tế Hanh 'Nhớ con sông quê hương'."
Nghệ sĩ nhạc cụ dân tộc người J'rai nuôi 11 em nhỏ bị bỏ rơi,2025-10-10 09:00:00,Sống đẹp,"Anh Yploi, 41 tuổi, là người dân tộc J'rai, thường trú tại phường An Phú, tỉnh Gia Lai. Hơn 20 năm qua, anh đã nhận nuôi 11 đứa trẻ bị bỏ rơi, mỗi đứa trẻ đến với anh trong một hoàn cảnh éo le khác nhau."
Hơn 1.000 tác phẩm dự Giải Báo chí 'Vì sự nghiệp phát triển văn hóa Việt Nam',2025-10-10 07:51:00,Văn hóa,"Ngày 9.10 tại Hà Nội, Giải Báo chí toàn quốc ""Vì sự nghiệp phát triển văn hóa Việt Nam"" lần 3 - năm 2025 chính thức bước vào vòng chung khảo, đánh dấu một mùa giải sôi động, sáng tạo, phản ánh sâu sắc vai trò của báo chí trong công cuộc xây dựng và phát triển nền văn hóa VN tiên tiến, đậm đà bản sắc dân tộc."
Những câu chuyện xuất bản: Làm sách thời TikTok,2025-10-10 06:29:00,Văn hóa,"Văn hóa đọc thời bùng nổ nội dung ngắn trên mạng; xu thế ""cộng sinh"" với các ngành ""thời thượng"" để tiếp cận công chúng trẻ và kết nối quốc tế, sáp nhập và tinh giản để chuyển mình; sự thích ứng trước AI..., đó là những vấn đề đang đặt ra với ngành xuất bản Việt Nam."
Thất Sơn huyền bí: Chùa Hang và câu chuyện ngôi nhà rắn,2025-10-10 05:50:00,Văn hóa,"Chùa Hang tên chữ là Phước Điền tự, tọa lạc trên triền Núi Sam (P.Vĩnh Tế, An Giang), do Sư bà Diệu Thiện lập khi vùng này còn hoang vu. Ở đây có nhiều câu chuyện huyền bí tiêu biểu của vùng Thất Sơn."
Sách của chủ nhân Nobel Văn chương 2025 'cháy hàng' nhanh chóng,2025-10-09 23:11:00,Văn hóa,"Chỉ sau 3,5 giờ từ khi nhà văn Hungary László Krasznahorkai được xướng tên là chủ nhân của giải Nobel Văn chương 2025, tiểu thuyết 'Vũ điệu quỷ Satan' của ông đã nhanh chóng cháy hàng trên mọi mặt trận."
Nhà văn Hungary László Krasznahorkai nhận giải Nobel Văn chương 2025,2025-10-09 18:24:00,Xem - Nghe,"Không ngoài dự đoán, tiểu thuyết gia người Hungary László Krasznahorkai đã nhận được giải Nobel Văn chương “vì sự hấp dẫn và tầm nhìn, rằng giữa cơn kinh hoàng của tận thế, ông vẫn khẳng định sức mạnh của nghệ thuật""."
'Kỳ án Tần Hương Liên': Bài ca khát vọng công lý,2025-10-09 13:00:00,Câu chuyện văn hóa,"Sân khấu Chí Linh - Vân Hà vừa ra mắt vở cải lương 'Kỳ án Tần Hương Liên' (tác giả Bảo Kiến - đạo diễn Chí Linh) tại Nhà hát Trần Hữu Trang, với sự hoành tráng và hấp dẫn."
Tuần lễ Doanh nhân và sách: Vinh danh Top 10 sách hay doanh nghiệp Việt,2025-10-09 12:59:00,Văn hóa,"Chào mừng 21 năm ngày Doanh nhân Việt Nam (13.10.2004 - 13.10.2025) và 73 năm ngày truyền thống ngành Xuất bản, in và phát hành sách Việt Nam (10.10.1952 - 10.10.2025), tạp chí Doanh nhân Sài Gòn phối hợp với Hội Xuất bản Việt Nam - Văn phòng đại diện phía nam, Công ty TNHH Đường sách TP.HCM và Hội đồng sách doanh nhân đã tổ chức lễ khai mạc Tuần lễ Doanh nhân và sách năm 2025."
Họa sĩ 9X thắng giải 500 triệu đồng từ tranh khắc họa đời sống người nhập cư,2025-10-09 10:20:00,Văn hóa,Tác phẩm sơn mài khắc họa đời sống người lao động nhập cư mang tên 'Gắn kết tạm thời' của họa sĩ Cao Văn Thục đoạt giải thưởng UOB Painting of the Year 2025 tại Việt Nam.
Vương trùn quế,2025-10-09 09:00:00,Sống đẹp,"Đó là biệt danh mà mọi người đặt cho chàng trai Lê Minh Vương, đang làm việc tại quê nhà Ninh Hải, Ninh Thuận."
AI 'xâm nhập' showbiz Việt,2025-10-09 08:00:00,Văn hóa,"Thị trường giải trí hiện chứng kiến cuộc đổ bộ của trí tuệ nhân tạo (AI) trong hầu hết các lĩnh vực như phim ảnh, âm nhạc lẫn gameshow. Việc áp dụng AI mở ra nhiều cơ hội, song cũng đầy thách thức đối với người nghệ sĩ, nhà sản xuất trong hành trình sáng tạo."
Sắc màu các dân tộc VN qua ống kính nữ nhiếp ảnh gia,2025-10-09 06:30:00,Văn hóa,"Kỷ niệm 71 năm ngày Giải phóng thủ đô 10.10 và 95 năm ngày thành lập Hội LHPN VN 20.10, sáng 8.10 tại Bảo tàng Phụ nữ VN (Hà Nội), Câu lạc bộ (CLB) nhiếp ảnh nữ Hải Âu khai mạc triển lãm ảnh Sắc màu cuộc sống các dân tộc Việt Nam."
Thất Sơn huyền bí: Dấu xưa cụ Nghè ở Núi Sam,2025-10-09 06:05:00,Văn hóa,"Đường lên di tích Pháo Đài trên Núi Sam (P.Vĩnh Tế, An Giang) hiện xe hơi chạy thẳng lên tới đỉnh núi. Ở đây có ngôi miếu thờ bệ đá sa thạch, là nơi ngự của tượng Bà Chúa Xứ ngày xưa. Phía bên dưới, gần tới cổng chùa Linh Sơn là ngôi miếu thờ cụ Nghè Trương Gia Mô."
Ai sẽ đoạt Nobel Văn chương 2025?,2025-10-09 05:46:00,Văn hóa,"Chiều nay (9.10), giải Nobel Văn chương 2025 sẽ được công bố. Trước thềm trao giải, nhiều nhà văn đã được nhắc đến như những ""ứng cử viên"" sáng giá."
Những 'tranh cãi' thú vị về tên gọi Bà Rịa,2025-10-08 13:30:00,Văn hóa,"Gắn liền với một nhân vật truyền thuyết tên là Nguyễn Thị Rịa (quê Phú Yên) - người phụ nữ có công lớn trong việc trợ giúp đoàn quân của Nguyễn Hữu Cảnh mở mang bờ cõi về phương nam, tên bà được chọn đặt cho vùng đất Bà Rịa ngày nay. Sự thật có đúng như vậy?"
Những điều khiến VACC 2025 trở thành mùa hòa nhạc đỉnh cao không thể bỏ lỡ,2025-10-08 13:00:00,Văn hóa,"Vietnam Airlines Classic - Hanoi Concert (VACC) với hai đêm nhạc do dàn nhạc hàng đầu thế giới London Symphony Orchestra (LSO) thể hiện cùng sự góp mặt lần đầu của nhạc trưởng Sir Antonio Pappano, hứa hẹn trở thành một mùa hòa nhạc mà khán giả Hà Nội không thể bỏ lỡ."
Ngôi sao ‘Hảo tiểu tử’ Nhan Chính Quốc qua đời ở tuổi 51,2025-10-08 11:30:00,Văn hóa,"Nhan Chính Quốc, ngôi sao một thời của loạt phim tuổi thơ ""Hảo tiểu tử"", đã vĩnh viễn ra đi ở tuổi 51 sau thời gian dài kiên cường chiến đấu với căn bệnh ung thư phổi."
Tiếng hát nối miền yêu thương,2025-10-08 09:00:00,Sống đẹp,Sẽ chẳng có gì kỳ lạ nếu vào một ngày nào đó bạn đang ngồi ăn cùng bạn bè trong buổi tối se lạnh của Đà Lạt và nghe tiếng hát dạo vang lên từ loa kẹo kéo của những người bán tiếng hát nhưng không phải để mưu sinh...
Nhà báo Lê Xuân Sơn ra mắt bộ ba tác phẩm thơ - bút ký - du ký,2025-10-08 08:03:00,Văn hóa,"Nhà báo - nhà thơ Lê Xuân Sơn cho ra mắt độc giả bộ ba tác phẩm mới gồm: Đã từ lâu tôi là người thành phố (thơ), Mây trắng còn bay (bút ký, chân dung văn nghệ) và Như nước dòng Mê (du ký). Buổi ra mắt sách sẽ diễn ra ngày 9.10 tại Hà Nội."
'Hiền thần' - hát bội của người trẻ,2025-10-08 08:00:00,Văn hóa,"Nhà hát Nghệ thuật hát bội TP.HCM vừa ra mắt vở Hiền thần (tác giả Lê Công Phượng; đạo diễn Thanh Bình, Bảo Châu, Ngọc Giàu), khắc họa hình tượng danh tướng Nguyễn Cửu Đàm. Không chỉ là câu chuyện lịch sử, vở diễn còn là nhịp cầu kết nối khán giả đương đại với công cuộc mở mang và gìn giữ cương thổ phương Nam của tiền nhân."
Thất Sơn huyền bí: Nhân vật huyền thoại ở chùa Phật Lớn,2025-10-08 06:38:00,Văn hóa,"""Thủ lãnh phong trào phải làm cho người ta cảm nhận, nhưng không tự bộc lộ. Chỉ có nhà sư ở vùng Châu Đốc, Cao Văn Long tức Bảy Do, có tất cả những phẩm chất cần thiết. Và mặc dù ông vẫn cương quyết chối bỏ điều đó, ông nổi danh khắp vùng Nam kỳ"" - Georges Coulet, trong quyển Hội kín xứ An Nam đã dẫn cáo trạng của Tòa án quân sự cấp 1 Nam kỳ nhận xét về nhân vật Bảy Do như vậy."
Giải mã mộ Bà Rịa,2025-10-08 06:33:00,Văn hóa,"Là người phụ nữ duy nhất của VN được đặt tên cho một trung tâm lớn ở khu vực Nam bộ, bà Nguyễn Thị Rịa với những câu chuyện truyền thuyết độc đáo gắn liền quá trình mở cõi là biểu tượng cho tinh thần Nam tiến và ý chí vượt khổ của người Việt thế kỷ 17. Vì thế, nguồn sử liệu thật từ mộ Bà Rịa rất quan trọng, cần được hậu sinh giải mã sớm."
'Hậu duệ' 26 tuổi của nghệ sĩ Bình Tinh,2025-10-07 21:45:00,Văn hóa,"Khán giả yêu mến đoàn cải lương tuồng cổ Huỳnh Long đều biết những vai diễn nổi tiếng của cố nghệ sĩ Chinh Nhân, cũng như việc ông từng đoạt huy chương vàng giải Trần Hữu Trang năm 1996. Hiện con trai ông cũng đang nối nghiệp cha và cô Út Bình Tinh."
Đại tá Nguyễn Thành Long: Văn hóa là sức mạnh mềm bảo vệ bình yên thủ đô,2025-10-07 18:25:00,Văn hóa,"Phó giám đốc Công an Hà Nội Nguyễn Thành Long cho hay, lực lượng công an thủ đô luôn coi văn hóa là nền tảng tinh thần, là sức mạnh mềm bảo vệ sự bình yên của thủ đô."
Hoàng tử William không tiếp nối di sản của cha khi lên ngôi?,2025-10-07 15:39:00,Văn hóa,"Trong chương trình 'The Reluctant Traveler' phát sóng trên Apple TV+ gần đây, Hoàng tử William cho biết mình sẽ để lại dấu ấn riêng biệt trong vai trò một quân vương tương lai, thay vì nối tiếp di sản của Vua Charles."
"Hàng ngàn người dân, du khách dự Lễ hội Nghinh Ông Thắng Tam Vũng Tàu năm 2025",2025-10-07 15:32:00,Văn hóa,"Lễ hội Nghinh Ông Thắng Tam Vũng Tàu năm 2025 là dịp để phường Vũng Tàu giới thiệu hình ảnh mảnh đất, con người địa phương, khẳng định thương hiệu du lịch sự kiện lễ hội gắn với chiến lược xây dựng của TP.HCM."
Sống là để yêu thương,2025-10-07 09:00:00,Sống đẹp,"Cuộc đời bà Nguyễn Thị Tạo là minh chứng sống động cho sức mạnh kỳ diệu của lòng nhân ái. Từ một người phụ nữ từng chịu nhiều đau thương, bà đã vươn lên và gieo hạt mầm yêu thương cho đời."
Kỳ 114: Du lịch cà phê nhìn từ góc độ vốn hóa và tuần hoàn hóa,2025-10-07 08:00:00,Văn hóa,"Cà phê vốn dĩ là một sản phẩm mang trong mình lịch sử, ký ức và triết lý về sự sống của nhiều cộng đồng trên thế giới. Khi kết hợp cà phê với du lịch sinh thái, sẽ mở ra hai chiều vận động: tuần hoàn hóa hướng đến phát triển bền vững, vốn hóa để thăng hoa thành di sản."
Phim truyền hình Việt 'tụt dốc',2025-10-07 08:00:00,Văn hóa,"Từng là món ăn tinh thần không thể thiếu của khán giả Việt mỗi tối, phim truyền hình hiện nay đang dần đánh mất vị thế."
Tuần hoàn thời trang nội địa,2025-10-07 06:30:00,Văn hóa,"Hợp túi tiền, sát thị hiếu, thời trang tuần hoàn nội địa đang dần thoát khỏi cái bóng của ""đồ si nhập khẩu giá rẻ"", khẳng định vị thế riêng."
Thất Sơn huyền bí: Ông Bảy Do và 'hoàng đế' chống thực dân,2025-10-07 06:00:00,Văn hóa,"Tiền thân là Nam Các tự, tọa lạc trên Núi Cấm, được ông Bảy Do (nguyên quán làng An Hội, tỉnh Bến Tre cũ) tạo dựng, chùa có bức trung tôn cao 1,8 m, là tượng Phật lớn nhất vùng Thất Sơn thời bấy giờ nên gọi là chùa Phật Lớn."
Mặt trời ở bản Nong - Truyện ngắn dự thi của Lê Thị Ngọc Hà,2025-10-06 15:00:00,Sống đẹp,"Mưa ầm ầm đổ xuống bản Nong. Từng ánh chớp như lưỡi dao phạt vào bầu trời tối đen, chẻ toạc cả một khoảng rừng Pia phía xa."
Nhà sách 5 tỉ đồng ở miền Tây có gì đặc biệt?,2025-10-06 13:15:00,Văn hóa,"Với vị trí đẹp - ngay tại cửa ngõ từ TP.HCM về miền Tây, nhà sách thông minh của Công ty Phát hành sách TP.HCM (Fahasa) được đầu tư xây dựng 5 tỉ đồng vừa làm lễ khai trương và chính thức đi vào hoạt động sáng 6.10."
Người gieo hạt tốt lành giữa đời thường,2025-10-06 09:00:00,Sống đẹp,"Trong dòng chảy hối hả của cuộc sống hiện đại, có những con người chọn cho mình một lối sống giản dị nhưng lại mang giá trị cao cả."
Đèn trung thu cổ kể chuyện xưa nay,2025-10-06 08:04:00,Văn hóa,"Diễn ra từ ngày 5 - 12.10 tại Bảo tàng nghệ thuật Quang San (TP.HCM), triển lãm Lãm của nghệ sĩ Đoàn Thái Cúc Hương đánh thức quá khứ thông qua đèn trung thu cổ VN."
Sân khấu thể nghiệm làm sao hút khách?,2025-10-06 08:00:00,Văn hóa,Liên hoan quốc tế Sân khấu thể nghiệm lần thứ 6 sẽ diễn ra tại Ninh Bình vào tháng 11.2025. Các nghệ sĩ đang tích cực chuẩn bị tham gia với kỳ vọng sẽ đem đến những sáng tạo mới mẻ cho sân khấu.
"Ngọc Sơn, Phương Thanh... hát trong chương trình tưởng nhớ nhạc sĩ Thế Hiển",2025-10-06 06:31:00,Văn hóa,"Hội Âm nhạc TP.HCM sẽ tổ chức chương trình tưởng nhớ NSND, nhạc sĩ Thế Hiển với chủ đề 'Nhánh lan rừng vẫn nở', diễn ra lúc 19 giờ ngày 6.10, tại Nhà tang lễ quốc gia phía nam (số 5 Phạm Ngũ Lão, phường Hạnh Thông, TP.HCM)."
Thất Sơn huyền bí: Chùa Vạn Linh và dị nhân vồ Bồ Hong,2025-10-06 06:30:00,Văn hóa,"Tọa lạc gần đỉnh núi Cấm (An Giang), chùa Vạn Linh có vị thế rất đẹp, nằm dưới chân vồ Bồ Hong ở độ cao khoảng 600 m, mặt tiền hướng về hồ Thủy Liêm. Đường vào chùa có hai hàng cây tùng bách tán che rợp lối đi, tỏa bóng mát quanh năm."
'Tết biển' lễ hội Nghinh Ông Cần Giờ 2025: An toàn - Thân thiện - Khác biệt,2025-10-05 20:48:00,Thời sự,"Lễ hội Nghinh Ông Cần Giờ 2025 góp phần kêu gọi cộng đồng chung tay bảo tồn di sản, phát triển du lịch xanh, nâng cao sinh kế người dân, góp phần xây dựng Cần Giờ trở thành điểm đến 'An toàn - Thân thiện - Khác biệt'."
Đánh thức yêu thương - Truyện ngắn dự thi của Tôn Quế,2025-10-05 15:00:00,Sống đẹp,"Mưa rả rích khiến cả khu phố ngập trong làn không khí ẩm ướt. Linh ngồi bâng quơ nhìn ra đường. Trời mưa nên khách hàng cũng vắng. Phía ngoài cửa kính, mấy đứa bé đánh giày đứng trú mưa đang cười nói rôm rả."
'Bộ tứ' sách hay cho thiếu nhi mùa trung thu,2025-10-05 11:15:00,Văn hóa,"Bốn tác phẩm vừa được Zenbooks và NXB Dân Trí ấn hành, như món quà dành cho các bạn nhỏ mùa trung thu."
"Karik bị 'cô lập', nói ngày buồn nhất là khi tham gia 'Anh trai say hi'",2025-10-05 10:17:00,Xem - Nghe,"Trong tập chuẩn bị cho livestage 2 dài gần 6 tiếng, nhiều anh trai đã nói lên nỗi lòng của mình. Trong đó Karik buồn bã cho biết bản thân không vui khi không thu hút được các thành viên về đội."
Tháp Chăm kỳ lạ trên đỉnh đá khổng lồ,2025-10-05 09:30:00,Văn hóa,"Nằm chênh vênh trên khối đá khổng lồ ở độ cao gần 800 m tại địa thế hiểm trở, tháp Hòn Chuông (Gia Lai) vẫn còn là một ẩn số chưa có lời giải, từ mục đích xây dựng cho đến cách mà người xưa đưa gạch đá lên tận đỉnh núi."
Ngày nhẹ tênh của 120 kg - Truyện ngắn dự thi của Trương Văn Tuấn,2025-10-05 09:00:00,Sống đẹp,"Cái dốc dẫn lên lộ lớn cũng cao cao nhưng không làm hạn chế tốc độ bước chân của thằng nhóc Gia Bảo, nặng 120 kg, đang bị thương nhẹ ở gối - nó bước đi bằng sự háo hức."
Âm nhạc Thế Hiển - âm nhạc của lòng nhiệt huyết,2025-10-05 08:30:00,Câu chuyện văn hóa,"Nếu ai cũng viết về mùa đông, ai cũng viết về mùa thu, rồi ai cũng viết về tình yêu lứa đôi... thì còn ai viết về người lính? Những người đã quên bản thân mình vì đất nước, vì sự bình yên cho tất cả chúng ta? Vậy mà vẫn có một nhạc sĩ với rất nhiều bài hát về người lính sống mãi với thời gian: nhạc sĩ Thế Hiển."
Bí mật vẻ đẹp mê hồn ruộng bậc thang Mù Cang Chải,2025-10-05 08:15:00,Văn hóa,"Vài trăm năm trước, khi người Mông, Dao, La Chí… từ Trung Quốc di cư xuống vùng Tây Bắc thì những nơi màu mỡ nhất đã là địa bàn sinh sống lâu đời của người Thái."
Cho những dịu dàng - Thơ của Hạ Minh,2025-10-05 08:05:00,Văn hóa,
Nhàn đàm: Điều gì đó đang đợi mình,2025-10-05 08:00:00,Văn hóa,"Dường như người thành phố quên mất tự nhiên. Họ nhớ con đường dẫn tới trường, tới chợ, tới bệnh viện; họ nhớ những gương mặt phải gặp và tiếp xúc. Nhưng ít khi họ nhớ, trong thời gian đi dọc gió và nắng, mây trời hôm đó ra sao và những cái cây hôm đó đang trổ bông hay trút lá."
Hòa nhạc kỷ niệm 50 năm quan hệ ngoại giao Việt - Đức,2025-10-05 06:22:00,Văn hóa,"Tối 4.10, tại Nhà hát TP.HCM đã diễn ra buổi hòa nhạc đặc biệt của dàn nhạc thính phòng bang Hessen (CHLB Đức), nhân kỷ niệm 50 năm thiết lập quan hệ ngoại giao Việt Nam - Đức (1975-2025)."
"Chuyện đời, chuyện nghề: Nhà nghiên cứu mê Sài Gòn",2025-10-05 06:14:00,Văn hóa,"Trần Hữu Phúc Tiến là tác giả của nhiều cuốn sách lý thú về văn hóa, du lịch, kiến trúc nổi tiếng về Sài Gòn - TP.HCM."
Thất Sơn huyền bí: Cây đàn lạ ở chùa Năm Căn,2025-10-05 06:00:00,Văn hóa,"Chùa Năm Căn tọa lạc ven QL91, thuộc P.Nhà Bàng, An Giang. Trong chùa có một cặp đàn cổ kỳ lạ. Tương truyền, 2 cây đàn này do ông Cử Đa chế tác. Điều lạ là đàn làm bằng gỗ, nhưng không bị cháy trong những lần hỏa hoạn."
'Hoa hậu cải lương' Như Huỳnh đón tin vui kép,2025-10-04 21:44:00,Văn hóa,NSƯT Như Huỳnh bất ngờ được vinh danh là một trong những nghệ sĩ sân khấu tiêu biểu toàn quốc giai đoạn 1975 – 2025 ngay đúng dịp sinh nhật. Quả ngọt này khiến cô không khỏi xúc động.
Hoa hậu Việt Nam Hà Trúc Linh làm đại sứ giải thưởng 'Tinh hoa Việt',2025-10-04 19:44:00,Văn hóa,"Với gương mặt trẻ trung, trí tuệ và bản lĩnh, Hoa hậu Việt Nam 2024 Hà Trúc Linh được mời làm đại sứ giải thưởng 'Tinh hoa Việt' năm 2025 của Báo Đại Đoàn Kết."
Xem tranh nude của họa sĩ 82 tuổi Đỗ Sơn,2025-10-04 18:20:00,Văn hóa,Những tác phẩm nude của họa sĩ Đỗ Sơn cho thấy một bút pháp khỏe khoắn và cảm thức màu mạnh mẽ.
"Nữ influencer bị sát hại, vứt xác lên núi sau 30 phút tắt livestream",2025-10-04 17:46:00,Văn hóa,Nữ influencer sở hữu hơn 300.000 lượt theo dõi bị sát hại chỉ sau chưa đầy nửa giờ kết thúc buổi phát sóng trực tiếp.
Sợi chỉ của ba - Truyện ngắn dự thi của Lê Minh Thọ,2025-10-04 15:00:00,Sống đẹp,Trời đã thôi chạng vạng. Chút ánh sáng cuối ngày cũng chẳng buồn níu kéo những vệt màu cuối cùng trên mái tôn cũ kỹ của xóm trọ. Không gian đặc quánh mùi nhang trầm và một nỗi buồn thinh lặng đến nao lòng.
Lắt léo chữ nghĩa: Kết tóc xe tơ,2025-10-04 13:50:00,Văn hóa,"""Kết tóc xe tơ"" là thành ngữ phổ biến trong tiếng Việt, đã từng xuất hiện 2 lần trong Truyện Kiều: ""Nói chi kết tóc xe tơ"" (c.3111) và ""Cùng chàng kết tóc xe tơ những ngày"" (c.1532)."
Trái tim yêu học trò của thầy giáo Sang,2025-10-04 13:21:00,Sống đẹp,"""Nghe thầy Sang là thấy xuân sang"", học trò, bà con nhiều miền quê nói vui với nhau như vậy. Bởi khi thầy Sang xuất hiện là có những yêu thương trao cho các em nhỏ. Mùa thu là lồng đèn, cặp sách, mùa đông là áo ấm, mùa xuân là gạo, là bánh kẹo tết…"
Như Quỳnh thử sức diễn kịch trong 'Hương sắc giai nhân',2025-10-04 13:20:00,Văn hóa,Ca sĩ Như Quỳnh vừa tổ chức buổi gặp gỡ báo chí để chia sẻ những dự án âm nhạc trong giai đoạn cuối năm 2025 - đầu năm 2026. Giọng ca Duyên phận có kế hoạch hoạt động sôi nổi gồm tổ chức đại nhạc hội và ra mắt album đĩa than với những ca khúc nhạc xuân.
Sách hay: Thơ được nhìn nhận như một ngôn ngữ cứu rỗi,2025-10-04 13:18:00,Văn hóa,"Trong lịch sử văn chương VN đương đại, nhiều tác giả đã tìm cách lý giải vai trò của thơ ca trước thực tại đầy biến động. Tuy nhiên, tập trường luận Những câu thơ không cần cứu ai, nhưng cứu người viết của nhà thơ, nhà báo Nguyễn Tiến Thanh nổi bật bởi tính chất vừa là sáng tác, vừa là suy tư phê bình, vừa như một bản trường ca tự sự không kém phần ""gây sốc""."
Phát hành tiểu thuyết đình đám 'Chạng vạng' nguyên bản đặc biệt,2025-10-04 09:16:00,Sách hay,"Hôm nay 4.10, bộ tiểu thuyết 'Chạng vạng' ('Twilight Saga') của tác giả Stephenie Meyer - một hiện tượng văn học thế giới suốt hai thập kỷ qua - trở lại với diện mạo mới, trong phiên bản đặc biệt được Fahasa phát hành đồng loạt tại Việt Nam."
'Hội sách khơi dậy đam mê đọc trong cộng đồng',2025-10-04 08:27:00,Văn hóa,"Phó chủ tịch UBND TP.Hà Nội nhấn mạnh, tổ chức hội sách là một hành động thiết thực, góp phần khơi dậy niềm đam mê, thói quen đọc sách trong cộng đồng, đồng thời thúc đẩy tinh thần tự học, học tập suốt đời - một trong những nền tảng quan trọng cho sự phát triển bền vững của xã hội."
Giải thưởng 'Vì tình yêu Hà Nội' gọi tên Trần Tiến,2025-10-04 07:44:00,Văn hóa,"Nhạc sĩ Trần Tiến - người bảo 'Hà Nội cái gì cũng rẻ, chỉ có đắt nhất tình người mà thôi' vừa nhận Giải thưởng lớn 'Vì tình yêu Hà Nội'."
Thất sơn huyền bí: Thẻ bài và bia trấn yểm ở chùa Bồng Lai,2025-10-04 06:46:00,Văn hóa,"Chùa Bồng Lai (xã Vĩnh Tế, An Giang) hiện còn lưu giữ vài hiện vật và những huyền tích được truyền khẩu qua nhiều đời. Trong đó có câu chuyện về thẻ bài và tấm bia trấn yểm thời Đức Phật thầy Tây An khai đạo."
Nhiều hoạt động văn hóa nghệ thuật đặc sắc tại '2025 K-Vietnam Pop-up Festa in Dalat',2025-10-03 20:19:00,Xem - Nghe,"Đà Lạt sẽ trở thành tâm điểm văn hóa khi '2025 K-Vietnam Pop-up Festa in Dalat' diễn ra tại quảng trường Lâm Viên vào tháng 11 tới, mang đến không gian giao lưu nghệ thuật Hàn - Việt và kết nối doanh nghiệp hai nước."
Điều gì khiến Cẩm Thanh xếp thứ 20 trong top những ngôi làng đẹp nhất thế giới?,2025-10-03 18:27:00,Văn hóa,"Làng Cẩm Thanh ở TP.Đà Nẵng, nơi có rừng dừa Bảy Mẫu, vừa được vinh danh trong top 50 ngôi làng đẹp nhất thế giới, xếp vị trí thứ 20. Có gì đặc biệt ở ngôi làng này?"
Sức khỏe NSND Thanh Điền sau phẫu thuật,2025-10-03 17:18:00,Văn hóa,"Trao đổi với chúng tôi, người thân tiết lộ NSND Thanh Điền vừa trải qua ca phẫu thuật mắt. Hiện tại, sức khỏe giọng ca cải lương bình ổn."
"3.100 tỉ đồng đầu tư cho văn hóa truyền thống, du lịch vùng cao cất cánh",2025-10-03 15:40:00,Câu chuyện văn hóa,"Sau 5 năm triển khai dự án 6 về bảo tồn, phát huy giá trị văn hóa truyền thống gắn với phát triển du lịch, nhiều địa phương đã có bước chuyển mình rõ rệt, góp phần nâng cao đời sống văn hóa cho đồng bào dân tộc thiểu số."
Điểm chạm cuối cùng - Truyện ngắn dự thi của Mã Minh,2025-10-03 15:00:00,Sống đẹp,"Sáng 1.9, Hạnh và cô bạn thân tên Linh khăn gói quả mướp dắt díu nhau từ trong làng ra bến xe buýt ở ngoài phố, đứng chờ để bắt xe ra thủ đô Hà Nội tham dự lễ kỷ niệm 80 năm Quốc khánh."
Nữ MC qua đời đột ngột ở tuổi 21,2025-10-03 10:42:00,Văn hóa,"MC Jennifer Nicole Rivas vừa qua đời ở tuổi 21 tại nhà riêng. Sự ra đi bất ngờ của cô sau một cơn co giật đã gây chấn động và tiếc thương vô hạn cho đồng nghiệp, bạn bè cùng người hâm mộ."
TP.HCM: Khởi công xây dựng không gian văn hóa 623 tỉ đồng cho phái đẹp,2025-10-03 10:27:00,Văn hóa,"Sáng 3.10 tại TP.HCM, Ban quản lý dự án đầu tư xây dựng các công trình dân dụng và công nghiệp TP.HCM và Hội Liên hiệp Phụ nữ TP.HCM làm lễ khởi công xây dựng mới Nhà văn hóa Phụ nữ thành phố - cơ sở 1"" trên khu đất số 188 - 192 -194 Lý Chính Thắng, P.Nhiêu Lộc."
'Nồi cháo tình thương' mang hơi ấm sẻ chia đến bệnh nhân nghèo,2025-10-03 09:00:00,Sống đẹp,"Sáng 18 và 19.9.2025 tại khu vực tầng trệt Bệnh viện Đa khoa Đồng Nai, Hội Từ thiện tỉnh Đồng Nai đã tổ chức bếp nấu 'Nồi cháo tình thương' dành cho bệnh nhân nghèo và người nhà nuôi bệnh."
NSND Thế Hiển 'cháy' hết mình cho Tổ quốc và tuổi trẻ,2025-10-03 06:38:00,Văn hóa,"Sau hơn một năm chống chọi với bệnh hiểm nghèo, NSND Thế Hiển ra đi ở tuổi 70, để lại hơn 40 năm cống hiến hết mình cho Tổ quốc và tuổi trẻ VN."
Thất Sơn huyền bí: Chùa Bồng Lai và huyền thoại ông Đạo Lập,2025-10-03 06:28:00,Văn hóa,"Chùa Bồng Lai nằm bên bờ kinh Vĩnh Tế, thuộc P.Vĩnh Tế, tỉnh An Giang. Chùa còn có tên gọi khác là Bà Bài và chùa Ông Đạo Lập. Tương truyền Đạo Lập rất giỏi về y thuật, giúp nhiều người dân thoát cơn bệnh hiểm nghèo."
'Trẻ hóa đô thị' - sách bàn về bảo tồn di sản và hồi sinh không gian cũ,2025-10-02 18:45:00,Văn hóa,"Tại sự kiện LIXIL ALP 2025 - 2026, 'Trẻ hóa đô thị' - sách bàn về bảo tồn di sản và hồi sinh không gian cũ đã được ra mắt."
"Hà Anh Tuấn và khán giả ủng hộ hơn 1,3 tỉ đồng cho đồng bào vùng bão lũ",2025-10-02 17:34:00,Câu chuyện văn hóa,"Ca sĩ Hà Anh Tuấn và chương trình 'Sketch a Rose', dự kiến diễn ra tại Los Angeles vào ngày 18.10, đã trích số tiền 50.000 USD (hơn 1,3 tỉ đồng) ủng hộ đồng bào bị thiệt hại do cơn bão Bualoi."
Mùa hè cuối cùng của ông Sáu - Truyện ngắn dự thi của Lương Đình Khoa,2025-10-02 15:00:00,Sống đẹp,"1. Tiếng ve kêu râm ran, kéo dài như một bản nhạc không hồi kết. Đó là âm thanh duy nhất phá vỡ sự im lặng nặng nề của cái nắng chói chang, hắt bóng xuống con hẻm nhỏ phủ đầy rêu phong."
"Nhớ nhạc sĩ Thế Hiển, thương mãi 'Hát về anh'",2025-10-02 12:14:00,Văn hóa,"Khi nghe tin nhạc sĩ Thế Hiển bị bạo bệnh qua đời, nhà thơ Lê Minh Quốc bật ra hai tiếng thảng thốt 'Trời ơi!'... đau đớn. Anh quá thương cho người bạn thân thiết Thế Hiển, một 'nhánh lan rừng' đẹp luôn sống chân thành, hết lòng vì mọi người đã vội vã rời cành..."
Trung thu Hoàng cung Huế 2025: Trải nghiệm miễn phí đèn lồng và văn hóa truyền thống,2025-10-02 10:10:00,Văn hóa,Nhiều hoạt động văn hóa miễn phí cho du khách khi khám phá trung thu Hoàng cung Huế 2025.
Vết trượt - Truyện ngắn dự thi của An Hạ,2025-10-02 09:00:00,Sống đẹp,"Chị bần thần, đặt vội thẩu thịt trong tay xuống bếp. Hai mắt trân trân không rời màn hình ti vi gắn trên tường. Bản tin đang phát khiến đầu chị ong ong, rỗng tuếch và chuếnh choáng như vừa bị ai đó vụt một gậy thật mạnh vào gáy. Giọng cô phát thanh viên trẻ loãng dẫn vào không khí."
Thị trường điện ảnh trăm hoa đua nở,2025-10-02 08:00:00,Văn hóa,"Năm 2025 đánh dấu bước ngoặt của điện ảnh Việt khi nhiều đơn vị sản xuất phim cùng nhập cuộc từ các đài truyền hình, Điện ảnh Quân đội, Điện ảnh Công an Nhân dân, đến các hãng phim tư nhân, các nhà làm phim độc lập, tạo nên sự phong phú về thể loại và bùng nổ về doanh thu."
Họa sĩ Quỳnh Liên thắp sáng sắc hồng của nghệ thuật và nghị lực,2025-10-02 06:44:00,Văn hóa,"Ngày 1.10, tại Bảo tàng Phụ nữ Việt Nam, mạng lưới CLB Phụ nữ kiên cường giới thiệu cuốn sách 'Chúng tôi đó - Phụ nữ kiên cường', họa sĩ Ngô Quỳnh Liên là một trong 58 nhân vật được vinh dự góp mặt. Bà ghi dấu ấn với nhiều dự án cộng đồng giàu ý nghĩa, đặc biệt là nghệ thuật vì môi trường và vì phụ nữ."
"NSND Tạ Minh Tâm, Quốc Đại... thương tiếc trước sự ra đi của nhạc sĩ Thế Hiển",2025-10-02 06:35:00,Văn hóa,"Nhạc sĩ Thế Hiển trút hơi thở cuối cùng vào tối 1.10 tại Bệnh viện Quân y 175 (TP.HCM), sau thời gian chống chọi với bạo bệnh. Sự ra đi của tác giả 'Nhánh lan rừng' để lại niềm tiếc thương vô hạn trong lòng giới nghệ sĩ và đông đảo công chúng yêu nhạc."
Ấn phẩm đặc biệt về Hoàng đế Thiệu Trị,2025-10-02 06:30:00,Văn hóa,"Lần đầu tiên độc giả có cơ hội tiếp cận một chân dung đặc biệt trong lịch sử thi ca Việt Nam - một vị hoàng đế đồng thời thời là một thi sĩ hào hoa - qua tác phẩm 'Thơ Hoàng đế Thiệu Trị - đỉnh cao nghệ thuật ngôn từ' được biên soạn công phu, đậm tính học thuật."
Thất sơn huyền bí: Huyền thoại cá sấu 5 chèo,2025-10-02 06:00:00,Văn hóa,"Tại hồ sen trước cổng đình Thới Sơn (An Giang) hiện còn tấm bảng vẽ dự án ""Hồ cá sấu năm chèo"" cùng với mô hình con cá sấu cao 8 m, nhưng cốt sắt đã gỉ sét, trơ khung."
"'Running Man Việt Nam' trở lại, hứa hẹn nhiều bất ngờ mới",2025-10-02 05:45:00,Văn hóa,"Trước thềm lên sóng tập đầu tiên vào ngày 4.10, chương trình 'Running Man Việt Nam' mùa 3 đã có buổi ra mắt khán giả vào ngày 1.10 tại TP.HCM."
"'Truyện ngắn đặc sắc 2025': Nhiều tên tuổi văn chương, nhiều cây viết khát vọng",2025-10-01 22:30:00,Văn hóa,"Tối 1.10 tại TP.HCM, Công ty CP Sbooks tổ chức kỷ niệm 7 năm thành lập và giao lưu, ra mắt tuyển tập 'Truyện ngắn đặc sắc 2025'."
Nhạc sĩ Thế Hiển qua đời,2025-10-01 22:07:00,Văn hóa,"Trao đổi với Thanh Niên, nhạc sĩ Lê Anh Tú - Phó chánh văn phòng Hội Âm nhạc TP.HCM cho biết nhạc sĩ Thế Hiển vừa qua đời tối 1.10. Trước đó, ông nhập viện cấp cứu từ khuya 30.9 tại Bệnh viện Quân y 175."
Suối Tương Tư và bùa yêu - Truyện ngắn dự thi của Ngọc Đắc,2025-10-01 15:00:00,Sống đẹp,"… Hãy về đây có suối thiêng đại ngàn. Nuôi dưỡng bản làng, vùng đồi xanh ngát.Vào những đêm trăng thanh gió hát. Ánh mắt ai sâu thẳm hoang sơ…"
"Chiêm nghiệm sự nở rộ, tàn phai và tái sinh trong tranh của họa sĩ Trương Kim",2025-10-01 14:00:00,Xem - Nghe,"Trong triển lãm mới của họa sĩ Trương Kim, hoa sen không chỉ là biểu tượng của sự thanh khiết, an lạc mà còn là điểm tựa để chị gửi gắm những chiêm nghiệm về cuộc sống: nở rộ, tàn phai, tái sinh – vòng tuần hoàn bất tận."
Như đóa hướng dương hửng nắng,2025-10-01 09:00:00,Sống đẹp,"Trước sự ra đi đột ngột của người chồng sau cơn đột quỵ, nén lại đau thương chị Nguyễn Thị Hòa đã đồng ý hiến tạng chồng để cứu 4 bệnh nhân đang nằm chờ ghép tạng, đó cũng chính là tâm nguyện của chồng chị khi còn sống."
Khóc cùng 'Rau đắng nấu canh',2025-10-01 07:26:00,Văn hóa,"15 năm làm kịch trong quán cà phê, ""bà bầu"" Hồng Trang luôn có những vở nghiêm túc và Rau đắng nấu canh (tác giả và đạo diễn: Lâm Thắng - Hồng Trang) vừa ra mắt là một vở như thế."
Khu di tích dân công hỏa tuyến Vĩnh Lộc Mậu Thân năm 1968: Bảo tồn và phát huy giá trị lịch sử,2025-10-01 06:18:00,Văn hóa,"Khu di tích dân công hỏa tuyến Vĩnh Lộc Mậu Thân năm 1968 là địa chỉ đỏ giàu giá trị lịch sử, văn hóa và giáo dục. Nơi đây ghi dấu sự hy sinh của 32 dân công hỏa tuyến, góp phần tô thắm trang sử vàng của dân tộc trong cuộc kháng chiến chống Mỹ cứu nước."
Thất Sơn huyền bí: Bùi Tăng Chủ cứu cọp bạch,2025-10-01 06:17:00,Văn hóa,"Từ thời khai mở đất phương Nam, vùng Thất Sơn (An Giang) rừng núi hoang vu, lam sơn chướng khí, đầy hùm beo, thú dữ... Đây là vùng đất sản sinh rất nhiều giai thoại, truyền thuyết mang màu sắc tâm linh, huyền bí, đồng thời có nhiều nhân vật lịch sử mà cuộc đời, sự nghiệp của họ trở thành huyền thoại ly kỳ gắn việc tu hành lập đạo với việc khai hoang lập làng."
Tác giả ‘Quy Nhơn mênh mang niềm nhớ’ và những người bạn nghĩa tình ở quê nhà,2025-09-30 18:31:00,Văn hóa,"Trước chuyến bay trở lại Mỹ, nhạc sĩ Ngô Tín gọi điện cho tôi, giọng đầy xúc động: ""Quy Nhơn có những người bạn thật nghĩa tình. Đêm nhạc tri âm Mai ta về đã làm anh hạnh phúc và cảm động vô cùng""."
NSND Thanh Ngân gây xúc động với 'Giấc mộng đêm xuân',2025-09-30 17:30:00,Văn hóa,"NSND Thanh Ngân có màn kết hợp ăn ý cùng Nguyễn Văn Khởi trong vở 'Giấc mộng đêm xuân', hướng đến Ngày giỗ tổ ngành sân khấu."
Thiên Sáng - Truyện ngắn dự thi của Hoài Thương,2025-09-30 15:00:00,Sống đẹp,"- Thầy Thiện đi lâu quá ha? Mọi khi vắng nhiều lắm cũng chỉ một tuần, giờ mất tăm hơn cả tháng."
20 năm chọn nhân tài cho cải lương vọng cổ,2025-09-30 12:45:00,Văn hóa,"Mới đó mà 'Chuông vàng vọng cổ' do HTV tổ chức đã trải qua 20 mùa giải, bắt đầu từ 2006 - 2025 đã có 20 lần 'đãi cát tìm vàng' chọn nhân tài cho cải lương vọng cổ."
Thất sơn huyền bí: Huyền tích lạ ở Núi Sam,2025-09-30 10:05:00,Văn hóa,"Núi Sam còn gọi là Vĩnh Tế Sơn (tọa lạc P.Vĩnh Tế, An Giang), chung quanh có nhiều di tích nổi tiếng như chùa Tây An, chùa Hang, lăng Thoại Ngọc Hầu và miếu Bà Chúa Xứ. Đây cũng là nơi chứa đựng kho tàng huyền tích của vùng Thất Sơn kỳ bí."
Hành trình không có điểm dừng,2025-09-30 09:00:00,Sống đẹp,"Giữa nhịp sống hối hả hôm nay, vẫn có những con người lặng lẽ lần theo dấu vết chiến tranh để trả lại tên cho những người đã khuất, mang niềm vui về với gia đình họ. Nguyễn Xuân Thắng là một người như thế."
Đạo diễn Lý Khải Văn 'đột tử vì làm việc quá sức' là bịa đặt,2025-09-30 08:00:00,Câu chuyện văn hóa,"Tin tức về cái chết đột ngột của đạo diễn Lý Khải Văn đã trở thành một 'cơn bão' trên mạng xã hội. Tuy nhiên, đây hoàn toàn là một tin đồn thất thiệt, bắt nguồn từ một câu cảm thán và bị kẻ xấu cố tình xuyên tạc để gây chú ý."
Cuốn sách được tôn vinh giải thưởng khoa học Trần Văn Giàu nhận 150 triệu đồng,2025-09-30 06:15:00,Văn hóa,
Thời trang Việt 'đổ bộ' sàn diễn quốc tế,2025-09-30 06:00:00,Văn hóa,"Trong tháng 9, nhiều thương hiệu Việt đồng loạt ""xuất ngoại"" trình diễn tại các kinh đô thời trang lớn nhất thế giới như New York (Mỹ), London (Anh), Milan (Ý), Paris (Pháp)… trong mùa thời trang xuân hè 2026."
"'Tử chiến trên không' gần mốc 200 tỉ, 'Mưa đỏ' rời rạp",2025-09-30 05:55:00,Văn hóa,"Tuần qua, 'Tử chiến trên không' tiếp tục cho thấy sức hút khi dẫn đầu doanh thu tại phòng vé Việt."
Đức Phúc nói gì khi bị báo chí phương Tây quy chụp giới tính?,2025-09-29 19:33:00,Xem - Nghe,"Chia sẻ về những thông tin sai lệch gần đây trên báo chí phương Tây, Đức Phúc cho biết mình không hài lòng nhưng được an ủi bởi cách giải quyết của ban tổ chức 'Intervision' 2025."
Đức Phúc trích 1 tỉ đồng tiền thưởng giúp đồng bào bị ảnh hưởng bởi bão Bualoi,2025-09-29 18:52:00,Văn hóa,"Đức Phúc đã quyết định chi khẩn cấp 1 tỉ đồng, trích từ số tiền thưởng trị giá hơn 9 tỉ đồng cho ngôi vị quán quân Intervision 2025, để giúp đồng bào miền Trung khắc phục hậu quả nặng nề do bão Bualoi gây ra."
NSƯT Võ Minh Lâm nói gì về thí sinh nhận 3 giải 'Chuông vàng vọng cổ 2025'?,2025-09-29 16:45:00,Văn hóa,"'Hà Như là cô gái thông minh, ham học hỏi. Em có lợi thế về sắc vóc và giọng hát truyền cảm. Tôi tin với sự cầu tiến của mình, em sẽ còn tiến xa hơn trên con đường nghệ thuật…', NSƯT Võ Minh Lâm nhận xét về cô học trò vừa nhận 3 giải 'Chuông vàng vọng cổ 2025'."
Gửi đời một cành quýt đường - Truyện ngắn dự thi của Tô Hạ,2025-09-29 15:00:00,Sống đẹp,"Cuộc đời không như câu chuyện cổ tích, nó khắc nghiệt hơn nhiều."
Hồng Nhung tham dự dạ tiệc từ thiện lan tỏa nhận thức về ung thư vú,2025-09-29 14:55:00,Xem - Nghe,Dạ tiệc 'Tháng nơ hồng - Pink October' là sự kết hợp giữa trải nghiệm ẩm thực và tinh thần hỗ trợ cộng đồng qua việc đồng hành cùng Mạng lưới Ung thư vú Việt Nam (BCNV).
Hoàng tử Harry tin có 'thuyết âm mưu' ngăn cản mình trở lại hoàng gia,2025-09-29 11:08:00,Câu chuyện văn hóa,Người phát ngôn của Hoàng tử Harry cho biết những nhận định cho rằng Harry cảm thấy như một 'vị khách chính thức' thay vì một thành viên hoàng gia trong cuộc gặp với Vua Charles gần đây hoàn toàn là bịa đặt.
Phát hàng ngàn vé mời cho khán giả xem 3 vở kịch đoạt huy chương vàng,2025-09-29 09:00:00,Văn hóa,3 vở kịch đoạt huy chương vàng tại Liên hoan Sân khấu toàn quốc 2024 đã được Nhà nước cấp kinh phí biểu diễn phục vụ công chúng từ tháng 9 đến cuối năm 2025.
Một đời lính - một tấm lòng son,2025-09-29 09:00:00,Sống đẹp,"Chiến tranh đã lùi xa, nhưng có những con người cả đời không cho phép ký ức và nghĩa tình phai nhạt."
Sức sống văn chương Tô Hoài,2025-09-29 08:58:00,Văn hóa,"Kỷ niệm 105 năm ngày sinh nhà văn Tô Hoài (27.9.1920 - 27.9.2025), mới đây NXB Kim Đồng đã giới thiệu đến độc giả những tác phẩm đặc sắc của ông."
Hà Tiên thập cảnh: Dấu xưa Lư Khê ngư bạc,2025-09-29 08:55:00,Văn hóa,"Lư Khê ngư bạc là cảnh thứ 10 trong Hà Tiên thập vịnh của Mạc Thiên Tích. Thi sĩ Đông Hồ giải thích: ""Lư là cá vược, khê là khe, rạch. Ngư là người lưới cá, câu cá. Bạc là thuyền đỗ bến. Lư Khê ngư bạc là cảnh Rạch Vược, nơi thuyền ngư đỗ bến""."
Tầm nhìn Sáng tạo 2025 của Hội đồng Anh: Bức tranh toàn cảnh hệ sinh thái sáng tạo Việt Nam,2025-09-29 08:00:00,Văn hóa,"Trước sự phát triển nhanh chóng của các không gian văn hóa sáng tạo tại Việt Nam, Báo cáo Tầm nhìn Sáng tạo 2025 do Hội đồng Anh công bố được xem là nguồn tham chiếu quan trọng, cung cấp dữ liệu và góc nhìn chiến lược cho quá trình hoạch định chính sách phát triển ngành công nghiệp sáng tạo."
Bùng nổ fan meeting,2025-09-29 06:07:00,Văn hóa,"Fan meeting là buổi họp mặt được tổ chức để người hâm mộ gặp gỡ, giao lưu và tương tác trực tiếp với nghệ sĩ, thần tượng. 2025 có thể nói là năm của fan meeting khi các sự kiện này diễn ra dày đặc."
Đêm trên cao nguyên - Truyện ngắn dự thi của Quốc Việt,2025-09-28 15:00:00,Sống đẹp,"Chiếc xe khách từ TP.HCM sau gần 7 tiếng đồng hồ vượt qua những con đèo ngoằn ngoèo, cuối cùng cũng dừng lại trước bến xe Đà Lạt. Nhiên bước xuống, kéo theo chiếc va li màu mận chín."
Chủ tịch Hội Nhà văn TP.HCM Bích Ngân chúc tác giả 'Vân không' tiếp tục... cô đơn,2025-09-28 13:15:00,Văn hóa,"Đến chia vui với 'Vân không' - tập thơ mới của nhà thơ Ngô Thanh Vân, Chủ tịch Hội Nhà văn TP.HCM Trịnh Bích Ngân dành nhiều lời khen cho đồng nghiệp và chúc tác giả tiếp tục... cô đơn để có thêm những tác phẩm hay đến với người yêu thơ."
'Hạc Vỹ Lan': Khi phòng trà hóa thành sân khấu trinh thám,2025-09-28 13:00:00,Câu chuyện văn hóa,"Trên sân khấu Thiên Đăng, vở kịch 'Hạc Vỹ Lan' (tác giả Thanh Hương - đạo diễn Hoàng Thái Quốc) như mở ra một thời hoài niệm của những phòng trà Sài Gòn trước 1975."
Những 'báu vật xanh' hàng trăm năm tuổi ở Cần Thơ,2025-09-28 10:30:00,Văn hóa,"Những cây cổ thụ hàng trăm năm tuổi ở Cần Thơ được xem là ""báu vật xanh"". Cây không chỉ tỏa bóng mát, mang giá trị sinh thái mà còn gắn liền với lịch sử khai hoang, tín ngưỡng và đời sống tinh thần của người dân."
"Ngày hội du lịch, xúc tiến thương mại An Giang: Quảng bá ẩm thực các địa phương",2025-09-28 09:00:00,Văn hóa,"Hơn 300 gian hàng đến từ 13 tỉnh, thành trên cả nước tham gia Ngày hội du lịch, ẩm thực, xúc tiến thương mại, sản phẩm OCOP - Rạch Giá, An Giang năm 2025."
"Mùa này, hoa bông trăng đang nở rộ - Truyện ngắn dự thi của Tưởng Văn",2025-09-28 09:00:00,Sống đẹp,"Những bông K lăng (bông trăng) đã bắt đầu nở đỏ trên những sườn đồi, bờ rào nơi thung lũng Mường Vân."
Thư Kỳ 'một phát ăn ngay' giải thưởng quan trọng của LHP quốc tế Busan,2025-09-28 08:30:00,Câu chuyện văn hóa,"Ra mắt tác phẩm đầu tay 'Girl' ở vị trí đạo diễn, Thư Kỳ đã xuất sắc 'một phát ăn ngay', giành chiến thắng hạng mục Đạo diễn diễn xuất sắc nhất tại LHP Quốc tế Busan lần thứ 30."
Vũ Cát Tường 'gia trưởng'?,2025-09-28 08:24:00,Xem - Nghe,"Trong lần ra quân đầu tiên tại chương trình 'Anh trai say hi' mùa 2 ở vị trí đội trưởng, rapper Karik chia sẻ Vũ Cát Tường có phần 'gia trưởng'. Trong khi đó Ngô Kiến Huy cho biết 'vì gia trưởng nên Tường mới lo được cho team'."
Tôi và tôi - Thơ của Nguyễn Hoàng Thọ,2025-09-28 08:05:00,Văn hóa,
Nhàn đàm: Mùi hương bà ngoại,2025-09-28 08:00:00,Văn hóa,Bà ngoại tôi luôn thoảng hương trầu. Bà ăn trầu đã mấy chục năm - một ngày phải vài ba cữ.
Khu di tích Nguyễn Du lưu giữ báu vật 'Truyện Kiều',2025-09-28 07:30:00,Văn hóa,"Là di tích quốc gia đặc biệt, khu di tích đại thi hào Nguyễn Du (xã Tiên Điền, tỉnh Hà Tĩnh) lưu giữ bản khắc 'Truyện Kiều' hơn 150 năm."
Hành trình của vợ chồng họa sĩ Đức - Việt,2025-09-28 07:15:00,Văn hóa,"Chiều 27.9, tại không gian mỹ thuật số 28 đường số 10 (P.Hiệp Bình, TP.HCM), đã khai mạc triển lãm Hành trình của vợ chồng họa sĩ Đức - Việt Benjamin Schiller và Phùng Thanh Hà, đánh đấu một chặng đường lao động nghệ thuật miệt mài của họ ở TP.HCM."
Mở rộng quảng trường bên sông Sài Gòn,2025-09-28 07:00:00,Văn hóa,"Trong đồ án điều chỉnh quy hoạch chung TP.HCM đã được Thủ tướng phê duyệt, hệ thống các điểm nhấn đô thị và quảng trường là một phần quan trọng nhằm tăng tính nhận diện nơi chốn, định hình không gian đô thị và hình thành nét đặc trưng của từng khu vực."
Siêu đô thị TP.HCM cần quảng trường xứng tầm,2025-09-28 07:00:00,Văn hóa,"Sau sáp nhập với Bình Dương và Vũng Tàu, TP.HCM trở thành siêu đô thị hàng đầu Đông Nam Á, do đó việc quy hoạch một quảng trường đúng nghĩa, xứng tầm với thành phố trở nên cấp thiết."
'Nữ hoàng nhạc phim' hát về Hà Nội,2025-09-28 07:00:00,Văn hóa,"9 tháng sau đĩa than đầu tiên Nốt trầm Vol 1, ""nữ hoàng nhạc phim"" NSND Mai Hoa phát hành album Hà Nội cờ hoa trước thềm kỷ niệm 71 năm ngày Giải phóng Thủ đô 10.10, lấy cảm hứng từ dư âm đại lễ 80 năm Quốc khánh."
Đức Phúc lên ngôi quán quân 'Intervision' nhờ 'chiêu' của... Thánh Gióng,2025-09-28 06:15:00,Văn hóa,"Ngay sau khi trở về từ Nga, chiều 27.9, quán quân cuộc thi âm nhạc quốc tế Intervision 2025 Đức Phúc đã có cuộc gặp gỡ báo chí tại Hà Nội để chia sẻ nhiều thông tin hậu trường thú vị đã giúp đại diện VN giành được chiến thắng ngoạn mục."
Hà Tiên thập cảnh: Mũi Nai - Lộc Trĩ thôn cư,2025-09-28 06:00:00,Văn hóa,"""Lộc là con nai, Trĩ là mũi núi. Lộc Trĩ là Mũi Nai. Thôn cư là chỗ thôn trang dân cư. Nhân ở đây có núi Mũi Nai, xóm dân cư gọi là xóm Mũi Nai, chính thức viết là làng Lộc Trĩ, cho nên Mạc Thiên Tích đặt là Lộc Trĩ thôn cư"".Thi sĩ Đông Hồ giải thích bài Lộc Trĩ thôn cư trong tập Hà Tiên thập vịnh của Mạc Thiên Tích như vậy."
"Tinh hoa văn hóa ẩm thực Cà Mau: Giản dị, không trộn lẫn với nơi nào",2025-09-27 20:41:00,Văn hóa,Tỉnh Cà Mau phối hợp với UBND TP.HCM và Hiệp hội Du lịch Việt Nam tổ chức khai mạc ngày hội 'Tinh hoa văn hóa ẩm thực Cà Mau' với chuỗi sự kiện hấp dẫn.
Vì sao Mỹ Sơn điều chỉnh giá vé tham quan?,2025-09-27 18:19:00,Văn hóa,"Ban Quản lý di sản văn hóa thế giới Mỹ Sơn ở TP.Đà Nẵng đang lên kế hoạch điều chỉnh giá vé tham quan, áp dụng một mức giá chung cho cả du khách trong nước và quốc tế từ yêu cầu của Kiểm toán Nhà nước và nhu cầu nâng cao chất lượng dịch vụ."
Làng gốm hơn 500 năm tuổi được vinh danh 'Điểm du lịch cộng đồng tốt nhất',2025-09-27 16:28:00,Văn hóa,Làng gốm Thanh Hà hơn 500 năm tuổi bên bờ sông Thu Bồn ở P.Hội An Tây (TP.Đà Nẵng) là 1 trong 5 điểm đến được vinh danh ở hạng mục 'Điểm du lịch cộng đồng tốt nhất'.
Những điều nhặt được bên bờ biển - Truyện ngắn dự thi của Nếp Lam,2025-09-27 15:00:00,Sống đẹp,"Trên dải cát gợn sóng đầy vị mặn của đại dương, từng đợt người nhặt rác làm sạch bờ biển còn khơi gợi miền ký ức và giữ lại chút dịu dàng giữa dòng đời vội vã..."
Độc đáo lễ hội đèn lồng Tuyên Quang,2025-09-27 14:03:00,Câu chuyện văn hóa,"Mỗi dịp tết Trung thu, Tuyên Quang lại bừng sáng với hàng trăm mô hình đèn lồng khổng lồ do các tổ dân phố thực hiện. Lễ hội trở thành điểm hẹn văn hóa độc đáo, vừa giáo dục và chăm sóc cho thiếu nhi, vừa thu hút du khách đến với Tuyên Quang."
Phát hiện thi thể ca sĩ nổi tiếng trong vườn trái cây,2025-09-27 09:57:00,Văn hóa,Giới giải trí Thái Lan rúng động trước thông tin bi thương về cái chết đột ngột của nữ ca sĩ Wandee Srinakhon. Cô được tìm thấy đã tử vong tại một vườn măng cụt ở huyện Nopphitam (Thái Lan).
Gieo nắng,2025-09-27 08:00:00,Sống đẹp,"Không chỉ bền bỉ ""gieo chữ"" nơi rẻo cao, cô giáo Trần Mai Vy (48 tuổi, Quảng Ngãi) còn là điểm tựa tinh thần của biết bao phận đời, lặng thầm gieo nắng để thế giới quanh mình thêm tươi mới, bừng lên sức sống diệu kỳ."
Sách hay: Bi hài chuyện người thành thị trong 'Marcovaldo',2025-09-27 07:00:00,Văn hóa,"Marcovaldo hay Các mùa trong thành phố của Italo Calvino được viết từ thập niên 1960, nhưng khi được đặt trong bối cảnh hiện đại vẫn rất thời sự với những mô tả châm biếm, sâu sắc về mối quan hệ giữa con người, thành thị và thiên nhiên."
Hà Tiên thập cảnh: Nam Phố Trừng Ba là cồn Quay Vạc,2025-09-27 06:16:00,Văn hóa,"Nam Phố Trừng Ba là một trong 10 cảnh đẹp Hà Tiên được Mạc Thiên Tích và các thi nhân trong Chiêu Anh Các ca ngợi. Thi sĩ Đông Hồ trong sách Hà Tiên thập cảnh, giải thích: ""Nam Phố là bãi ở phía nam để đối với Đông Hồ là hồ ở phía đông. Muốn nhìn đúng cảnh Nam Phố Trừng Ba, phải đến Bãi Ớt về mùa động nam""…"
"Khai quật tháp Phú Ân, giải mã bí ẩn về nền văn hóa Champa cổ",2025-09-26 18:34:00,Văn hóa,"Khai quật tháp Phú Ân ở Gia Lai hé lộ quần thể kiến trúc Champa quý, mở ra hướng nghiên cứu lịch sử, tín ngưỡng và kỹ thuật xây dựng cổ."
Đêm nhạc tri âm cùng nhạc sĩ 'Quy Nhơn mênh mang niềm nhớ',2025-09-26 17:17:00,Văn hóa,"Vào tối 29.9 tại sân khấu Tocepo Lagoo, P.Quy Nhơn, Gia Lai (trước đây thuộc P.Thị Nại, TP.Quy Nhơn, Bình Định) sẽ diễn ra chương trình đặc biệt - đêm nhạc tri âm dành cho nhạc sĩ Ngô Tín: 'Mai ta về'."
Lễ hội Nghinh Ông Cần Giờ 2025: Di sản 'tết biển' trăm năm,2025-09-26 17:17:00,Thời sự,"Từ 5 - 7.10, lễ hội Nghinh Ông Cần Giờ 2025 sẽ mang đến không gian lễ hội biển sôi động với lễ Nghinh Ông trên biển, hội chợ, ẩm thực, thể thao và nhiều trò chơi dân gian, hứa hẹn thu hút đông đảo du khách."
Tái hiện hồn cốt Hà Nội tại lễ hội văn hóa thế giới lần thứ nhất,2025-09-26 16:48:00,Câu chuyện văn hóa,"Theo Thứ trưởng Bộ VH-TT-DL Lê Hải Bình, nước chủ nhà Việt Nam sẽ mang đến những nét văn hóa, lịch sử độc đáo và đặc sắc để quảng bá tới bạn bè quốc tế trong sự kiện 'Lễ hội văn hóa thế giới tại Hà Nội', diễn ra từ ngày 3 - 5.10."
Gió thổi từ biển - Truyện ngắn dự thi của Đinh Văn Luyện,2025-09-26 15:00:00,Sống đẹp,"Biển Cồn Nhạn vào mùa chướng, sóng xô dập dồn cả ngày lẫn đêm. Mùi mặn mòi lẫn mùi rong rêu quyện vào gió, ngấm vào tóc, vào da thịt của người dân nơi đây."
Khai trương nhà sách lấy ý tưởng từ vườn trái cây Lái Thiêu,2025-09-26 13:30:00,Văn hóa,"Hướng đến mục tiêu xây dựng những nhà sách đẹp, hiện đại với không gian mở tại TP.HCM sau sáp nhập, Công ty Phát hành sách TP.HCM (Fahasa) đang tạo dựng những điểm đến văn hóa mới, mà Fahasa Thuận An là một điển hình."
Từ phim 'Mưa đỏ': Yêu cầu nhà văn chép như nhà lịch sử là nhầm lẫn,2025-09-26 13:21:00,Câu chuyện văn hóa,"Hội thảo tổng kết văn học Việt Nam sau năm 1975 do Hội Nhà văn Việt Nam ghi nhận nhiều ý kiến của các nhà thơ, nhà văn, nhà lý luận phê bình… xung quanh bộ phim 'Mưa đỏ'."
'Bách niên hỷ sự' tái hiện phong tục cưới hỏi của người Việt 100 năm qua,2025-09-26 13:09:00,Xem - Nghe,"Triển lãm 'Bách niên hỷ sự' đưa công chúng vào không gian với những nghi thức cưới hỏi truyền thống của người Việt được tái hiện sinh động từ lễ hỏi, nghi thức rước dâu đến lễ cưới và tiệc hỷ."
Nhóm nhạc Pháp Zélie biểu diễn tại Việt Nam,2025-09-26 07:20:00,Văn hóa,"Trong khuôn khổ chuyến lưu diễn châu Á, nhóm nhạc Pháp Zélie sẽ thực hiện nhiều đêm diễn đặc biệt tại VN từ ngày 5 - 11.10. Chương trình do Viện Pháp tại VN tổ chức."
Mở rộng quảng trường bằng chiều sâu văn hóa,2025-09-26 07:08:00,Văn hóa,"Cùng với sự quyết tâm của chính quyền thành phố là nỗ lực của các cá nhân, doanh nghiệp cùng chung tay xã hội hóa để diện mạo Hà Nội trở nên khang trang đẹp đẽ, tương xứng với tầm vóc thủ đô nghìn năm văn hiến sau hơn 70 năm tái thiết."
Tâm huyết của Hoàng Vũ dành cho 'Mic vàng sinh viên',2025-09-26 06:23:00,Văn hóa,"Cuộc thi Mic vàng sinh viên 2025 vừa khởi động hành trình tìm kiếm, phát triển những người dẫn chương trình thế hệ mới trong cộng đồng sinh viên – học sinh tại TP.HCM."
Hà Tiên thập cảnh: Di tích thành xưa ở chùa Tam Bảo,2025-09-26 06:08:00,Văn hóa,"Là một trong những ngôi chùa xưa nhất ở đất Phương Thành, Sắc tứ Tam Bảo ngày nay thuộc P.Hà Tiên, An Giang. Đã trùng tu nhiều lần nhưng ngôi chùa vẫn còn giữ được bức tường thành phế tích thời Tổng binh Mạc Cửu."
Nhạc sĩ Nguyễn Vũ - tác giả 'Bài thánh ca buồn' qua đời,2025-09-24 19:51:00,Văn hóa,"Tin về sự ra đi đột ngột của nhạc sĩ Nguyễn Vũ, tác giả 'Bài thánh ca buồn' khiến cho người hâm mộ bàng hoàng. Âm nhạc Việt Nam lại mất đi một tên tuổi lớn."
Ai là người ảnh hưởng đến sự nghiệp của nhạc sĩ ‘Viết tiếp câu chuyện hòa bình’?,2025-09-24 18:01:00,Câu chuyện văn hóa,"Nguyễn Văn Chung bày tỏ sự yêu mến dành cho Secret Garden, đồng thời tiết lộ cá tính sáng tác của mình bị ảnh hưởng bởi nhóm nhạc này."
"NSƯT Bảo Quốc nhắc về biến cố sức khỏe, tưởng không còn đứng trên sân khấu",2025-09-24 15:44:00,Câu chuyện văn hóa,"Tại chương trình giao lưu khởi động giải Mai Vàng 2025, NSƯT Bảo Quốc kể kỷ niệm từng 3 lần được nhận giải thưởng. Ông cũng nhắc về giai đoạn mắc bạo bệnh nhưng vẫn giữ tình yêu với nghề, lặng lẽ cống hiến cho nghệ thuật."
"'Trống cơm', 'Bèo dạt mây trôi' vang lên tại Hollywood",2025-09-24 15:40:00,Xem - Nghe,"Mới đây, tại sân khấu huyền thoại The Viper Room ở Hollywood (Mỹ), khán giả đã được thưởng thức các giai điệu 'Trống cơm', 'Bèo dạt mây trôi' qua những sáng tạo của nhóm Dạ Ma."
Chúa Chè - Truyện ngắn dự thi của Kiều Bích Hậu,2025-09-24 15:00:00,Sống đẹp,Điện thoại phóng viên Bình đang ghi âm lời của thầy Văn Lê thì có cuộc gọi đến. Cô xin lỗi thầy để nghe điện thoại. Nét mặt Bình tái dần.
"Ninh Dương Lan Ngọc chấn thương trước thềm 'Running Man', ban tổ chức nói gì?",2025-09-24 14:37:00,Xem - Nghe,"Là quán quân mùa 1 'Running Man', Ninh Dương Lan Ngọc được kỳ vọng sẽ làm nên chuyện ở mùa 3. Tuy vậy, thông tin cô bị chấn thương khiến không ít người hâm mộ cảm thấy lo lắng."
Nữ phi hành gia Pháp đầu tiên bay vào vũ trụ nói về văn hóa đọc,2025-09-24 09:06:00,Văn hóa,"""Trong kỷ nguyên số, các bạn trẻ được đứng trước rất nhiều cánh cửa, nhưng sẽ có những cánh cửa rất khó mở nếu như chúng ta không biết nuôi dưỡng trí tưởng tượng, niềm ngạc nhiên và thán phục…""."
Một trái tim không ngừng cho đi,2025-09-24 09:00:00,Sống đẹp,"Tôi biết Vũ trong một lần tình cờ lướt mạng. Đập vào mắt tôi là hình ảnh một shipper đang phát đồ ăn cho bệnh nhân nghèo và người nhà ở Bệnh viện Ung bướu Trung ương. Trên khuôn mặt lấm tấm mồ hôi ấy ánh lên vẻ hiền từ, lanh lẹ và đặc biệt anh có đôi mắt rất sáng."
Hà Tiên thập cảnh: Đông Hồ và tên gọi xứ Hà Tiên,2025-09-24 05:49:00,Văn hóa,"""Một hồ lẻo lẻo tiết thu quang/Giữa có vầng trăng nổi rỡ ràng/Đáy nước chơn mây in một sắc/Ả Hằng nàng Tố ló đôi phương""…"
Từ di sản du nhập đến biến thể văn hóa,2025-09-24 05:48:00,Văn hóa,"Trước thềm kỷ niệm 71 năm ngày Giải phóng thủ đô (10.10), Hà Nội đang gấp rút cho khởi công và đẩy nhanh tiến độ chỉnh trang, xây dựng một loạt công viên - quảng trường mới xung quanh hồ Hoàn Kiếm và dọc hai bờ sông Tô Lịch. Từ một di sản thuộc địa được ""Việt hóa"", khái niệm quảng trường cho đến nay đang cần được ""định nghĩa"" lại để thích ứng với bối cảnh mới."
Đồng Tháp: Khánh thành Khu lưu niệm Chi bộ An Nam Cộng sản Đảng,2025-09-23 15:59:00,Văn hóa,"Khu lưu niệm Chi bộ An Nam Cộng sản Đảng tọa lạc P.Cao Lãnh, được tỉnh Đồng Tháp đầu tư kinh phí hơn 145 tỉ đồng xây dựng nhằm giáo dục truyền thống cho các tầng lớp nhân dân."
Nắng qua triền mây xanh - Truyện ngắn dự thi của Trần Ngọc Đức,2025-09-23 15:00:00,Sống đẹp,1. Những cơn mưa cứ sin sít kéo nhau đến từ tuần này sang tuần khác. Nóc Xa Xít trơ trọi bên sườn núi Mù U với ba mươi nóc nhà của người Ca Dong đang lầm lũi hứng lấy từng cơn mưa xéo mặt hằng ngày.
"Người thầy ươm mầm, giữ lửa vùng cao",2025-09-23 09:00:00,Sống đẹp,"Không biết ở nơi khác thế nào, nhưng với người dân xã Yên Na (huyện Tương Dương cũ, Nghệ An), mỗi khi nhắc đến ngôi trường cấp 2 của bản mình, ai cũng trìu mến gọi bằng cái tên thân thương: Trường thầy Thọ."
Hà Tiên thập cảnh: Thắng cảnh Thạch Động thôn vân,2025-09-23 08:00:00,Văn hóa,"Từ trung tâm chợ Hà Tiên, theo QL80 đi về phía cửa khẩu Xà Xía (biên giới Việt Nam - Campuchia) chừng 3 km, núi Thạch Động sừng sững hiện ra phía bên phải. Thạch Động thôn vân là động đá nuốt mây, vì cảnh mây phong khói tỏa nơi cửa động."
Kỳ XI: Quỷ Cốc Tử mưu lược toàn thư - Mưu thiên,2025-09-23 08:00:00,Văn hóa,"Trong ‘Mưu thiên’, Quỷ Cốc Tử bàn về nghệ thuật hoạch định mưu lược và thấu hiểu tâm lý cùng thời thế, vận dụng kế sách để luôn giữ thế chủ động và ứng biến linh hoạt trước mọi tình huống."
"'Tử chiến trên không' dẫn đầu phòng vé, 'Mưa đỏ' sắp đạt 700 tỉ đồng",2025-09-23 06:15:00,Văn hóa,"Trong tuần qua, phòng vé Việt có sự thay đổi về thứ hạng bởi sự xuất hiện của Tử chiến trên không. Phim hành động của đạo diễn Hàm Trần có sự tham gia của Thái Hòa, Kaity Nguyễn vừa ra rạp đã vươn lên dẫn đầu phòng vé về mặt doanh thu."
Tiếp nhận tranh quý của các danh họa Việt,2025-09-23 06:00:00,Văn hóa,"Chiều 22.9, Bảo tàng Mỹ thuật TP.HCM đã tổ chức lễ tiếp nhận bộ sưu tập hội họa quý giá từ ông bà Lê Tất Luyện - Thụy Khuê từ Pháp về hiến tặng."
Khi Thánh Gióng cưỡi ngựa ra thế giới,2025-09-23 05:50:00,Văn hóa,"Không hẹn mà cùng, các tiết mục vừa giúp Việt Nam bội thu giải thưởng từ các cuộc thi quốc tế gần đây đều được gợi cảm hứng từ các tác phẩm văn học nổi tiếng của Việt Nam, qua tư duy sáng tạo của các nghệ sĩ trẻ."
Dựng bia Nối vòng tay lớn tại công viên Trịnh Công Sơn ở Huế,2025-09-22 21:31:00,Văn hóa,"Bia đá Nối vòng tay lớn vừa được khánh thành tại công viên Trịnh Công Sơn (TP.Huế), vinh danh nhạc sĩ Trịnh Công Sơn và ca khúc nổi tiếng."
Bót Catinat: 'Địa ngục' kế bên 'thiên đàng',2025-09-22 17:00:00,Văn hóa,"Bót Catinat khét tiếng là ""địa ngục trần gian"" thời Pháp nhưng lại ở gần nhà thờ Đức Bà nên người Sài Gòn lúc bấy giờ gọi châm biếm “kế bên thiên đàng có địa ngục”."
Giữ lấy phần đất chưa kịp chìm - Truyện ngắn dự thi của Mai Thị Như Ý,2025-09-22 15:00:00,Sống đẹp,"Gió từ sông Gành Hào lùa qua đám dừa nước dày đặc, thổi xào xạc như tiếng áo ai quệt nhẹ. Tiếng gió ấy, Như Ý đã nghe quen đến độ, mỗi khi trở mình trong giấc ngủ cũng tưởng như có ai đó đang thì thầm gọi mình quay về."
"Đến Gia Lai ngắm tháp Cánh Tiên, thăm thành Hoàng Đế",2025-09-22 11:30:00,Văn hóa,"Đến với Gia Lai, du khách không thể bỏ qua thành Hoàng Đế và tháp Cánh Tiên, 2 di tích gắn liền với những dấu ấn thăng trầm của lịch sử."
Ngôi chùa như 'bồng lai tiên cảnh' giữa núi rừng An Giang,2025-09-22 11:00:00,Văn hóa,"Nằm giữa núi non trập trùng và rừng cây xanh mát của tỉnh An Giang, chùa Kim Tiên là một trong những ngôi chùa có kiến trúc hoành tráng bậc nhất miền Tây."
Nữ cựu chiến binh làm giàu từ giun quế,2025-09-22 09:00:00,Sống đẹp,"Sau khi nghỉ công tác trong quân đội, bà Nguyễn Thị Liên (ở xã Nội Bài, TP.Hà Nội) mới bắt đầu 'khởi nghiệp' và đã thành công với mô hình chăn nuôi lợn bằng giun quế, cung cấp những loại thực phẩm sạch, chất lượng cao ra thị trường."
Ngành văn hóa thi đua yêu nước,2025-09-22 08:08:00,Văn hóa,"Ngành VH-TT-DL đã có những thành tích đáng kể trong thi đua yêu nước, chẳng hạn như hoàn thiện các khung pháp lý quan trọng hay hoàn thiện và thúc đẩy thực hiện chương trình mục tiêu quốc gia về phát triển văn hóa…"
Hà Tiên thập cảnh: Chuyện ly kỳ ở núi Bình San,2025-09-22 07:36:00,Văn hóa,Núi Bình San - lăng Mạc Cửu không chỉ là danh lam thắng cảnh mà còn chứa đựng nhiều câu chuyện ly kỳ được lưu truyền cho đến ngày nay.
Tiếp nối mạch nguồn Di sản thế giới Mộc bản triều Nguyễn,2025-09-22 07:25:00,Văn hóa,"Di sản tư liệu thế giới Mộc bản triều Nguyễn đã được UNESCO vinh danh, và mới đây lớp nghệ nhân đương đại của làng nghề 600 năm tuổi có dịp về cố đô Huế, hội ngộ cùng di sản độc đáo do tổ tiên họ làm ra. Từ đây, di sản mộc bản lại được tiếp nối mạch nguồn cho hành trình mới."
Thủ tướng gửi thư chúc mừng ca sĩ Đức Phúc giành quán quân Intervision 2025,2025-09-22 06:25:00,Văn hóa,Thủ tướng Phạm Minh Chính chúc mừng 'nỗ lực tuyệt vời và thành tích xuất sắc' của ca sĩ Đức Phúc tại cuộc thi âm nhạc Intervision 2025.
Nhàn đàm: Hoa cỏ vỉa hè,2025-09-21 17:58:00,Văn hóa,"Có dịp rong ruổi các đường phố châu Âu, một điều khiến tôi thú vị và ngạc nhiên, là những tiểu cảnh hoa đặt trên hè phố, hay dưới những ô cửa sổ xinh xắn."
Chuyện ít biết về Bót Catinat khét tiếng một thời,2025-09-21 17:28:00,Văn hóa,"Được người Pháp xây dựng kiên cố vào năm 1881, trên con đường Catinat, Bót Catinat khét tiếng từng giam giữ, tra tấn nhiều nhà cách mạng: Lý Tự Trọng, Tôn Đức Thắng, Phạm Văn Đồng, Lê Hồng Phong, Trần Huy Liệu, Nguyễn Duy Trinh, Hà Huy Giáp, Nguyễn Thị Minh Khai, Nguyễn Thị Bình..."
Chiều bến sông - Truyện ngắn dự thi của Nguyễn Tuấn Khang,2025-09-21 15:00:00,Sống đẹp,"Nhà tôi nằm chồm hổm bên con lạch nhỏ, mé xóm Cái Côn. Mùa này, nước ròng cạn đáy, để lộ bãi bùn nứt nẻ, lởm chởm dấu chân vịt. Gió chướng ban trưa thổi hun hút qua mái lá mục, nghe lành lạnh trên da thịt."
Bộ lịch cực đại tái hiện lịch sử Việt Nam - những dấu mốc thiêng liêng,2025-09-21 13:30:00,Văn hóa,"Khởi nguồn từ thời các vua Hùng, qua các triều đại Đinh - Lê - Lý - Trần - Nguyễn đến công cuộc đổi mới, bộ lịch cực đại Việt Nam được bà Quách Thu Nguyệt lên ý tưởng, tái hiện dòng chảy lịch sử Việt Nam với những dấu mốc thiêng liêng."
Nhà thơ Nguyễn Duy bật khóc trước chiến thắng của Đức Phúc,2025-09-21 12:59:00,Giải trí,"'Một bài thơ ra đời từ hơn nửa thế kỷ, vậy mà vẫn còn đi được vào lòng giới trẻ và vang xa được tận tới nước Nga…, đó quả là niềm hạnh phúc quá lớn với một người làm thơ. Nó khiến tôi vô cùng bất ngờ, vô cùng xúc động', nhà thơ Nguyễn Duy bật khóc chia sẻ với Thanh Niên trước chiến thắng vang dội của Đức Phúc tại Intervision 2025. Khi những câu thơ mở đầu bài thơ Tre Việt Nam của ông cũng chính là những ca từ mở đầu ca khúc 'Phù Đổng Thiên Vương' vừa giúp Đức Phúc đoạt ngôi quán quân cuộc thi."
Diễn viên Quang Tiền đột ngột qua đời tại nhà riêng,2025-09-21 12:23:00,Văn hóa,Giới giải trí Đài Loan đang bàng hoàng trước tin nam diễn viên nổi tiếng Trần Quang Tiền đột ngột qua đời tại nhà riêng ở tuổi 55.
Đức Phúc giành quán quân giải thưởng âm nhạc lớn nhất khu vực Intervision,2025-09-21 09:41:00,Xem - Nghe,"Vượt qua 22 thí sinh đại diện cho 22 quốc gia khác, Đức Phúc chính thức trở thành quán quân của cuộc thi 'Intervision' - phiên bản 'đối trọng' với thương hiệu 'Eurovision' nổi tiếng."
Gia đình nhạc sĩ đoạt giải Grammy qua đời bởi tai nạn máy bay,2025-09-21 09:38:00,Xem - Nghe,"Brett James - gương mặt nổi bật của dòng nhạc country, từng đoạt giải Grammy, đã qua đời cùng vợ và con gái riêng trong một vụ tai nạn máy bay."
Thắt thẻo trần ai - Truyện ngắn dự thi của An Nguyễn,2025-09-21 09:00:00,Sống đẹp,"""Nhiều người trong số chúng ta đã chạy cả đời, hãy tập dừng lại"" (Thiền sư Thích Nhất Hạnh)"
Có chuyện tình nằm trong giọt mưa - Thơ của Nguyễn Đăng Khoa,2025-09-21 08:05:00,Văn hóa,
Một hoàng hôn ở quán hai người - Thơ của Nguyễn Đăng Khoa,2025-09-21 08:05:00,Văn hóa,
Vì sao nhà thờ Tắc Sậy luôn tấp nập khách hành hương?,2025-09-21 07:30:00,Văn hóa,"Nơi an nghỉ của vị linh mục đổi mạng cứu dân, thánh đường Tắc Sậy là một trong những điểm hành hương nổi tiếng nhất Việt Nam."
Hà Tiên thập cảnh: Di tích xưa trên núi Bình San,2025-09-21 07:00:00,Văn hóa,"Theo thi sĩ Đông Hồ, ""Bình San là dãy núi dựng như bức bình phong, ở sau thành Hà Tiên. Điệp là trùng trùng điệp điệp… Bình San điệp thúy là ngọn núi như tấm bình phong sắc xanh lớp lớp"". Đây là thắng cảnh thứ 2 trong Hà Tiên thập cảnh."
Ký ức một thời 'muốn quên mà lòng cứ nhớ' của nhà báo Vũ Kim Hạnh,2025-09-21 06:05:00,Văn hóa,"Chiều 20.9 tại Đường sách TP.HCM, nhà báo Vũ Kim Hạnh đã có buổi chia sẻ về cuốn Sài Gòn bao thương (Saigon Books và NXB Hồng Đức ấn hành) chứa đựng nhiều ký ức trong giai đoạn Covid-19 do bà chấp bút trong vòng 4 năm."
"Xu hướng thời trang trên TikTok, thật hay ảo?",2025-09-21 06:00:00,Văn hóa,"TikTok giờ đây giống như một ""sân khấu"" lớn định hình gu ăn mặc của giới trẻ. Từ Y2K, dopamine dressing rực rỡ đến những outfit viral gắn với idol, nền tảng này không chỉ thay đổi cách thế hệ trẻ tiếp cận thời trang mà còn tạo thách thức cho cách vận hành truyền thống của ngành."
Thủ tướng Phạm Minh Chính đề cao công nghiệp văn hóa tại V Fest,2025-09-21 00:16:00,Văn hóa,"""Bằng việc phát triển công nghiệp văn hóa, chúng ta vừa góp phần quốc tế hóa nền hóa đậm đà bản sắc của dân tộc ra thế giới, vừa dân tộc hóa văn minh nhân loại vào đất nước chúng ta, để nghệ sĩ được sống, được cống hiến hết mình vì nghệ thuật, vì sự hưởng thụ của nhân dân và vị lợi ích của quốc gia, dân tộc"", Thủ tướng Phạm Minh Chính khẳng định tại đại nhạc hội V Fest - Vietnam Today."
Cà phê không đắng - Truyện ngắn dự thi của Nguyễn Thanh Bình,2025-09-20 15:00:00,Sống đẹp,"Cái ấm nước sôi réo lên inh ỏi làm cắt ngang luồng suy nghĩ. Ông An bước lại, cào nhẹ lớp than đỏ dưới bếp cho thoáng, rồi lững thững xách ấm đến chế nước sôi lên trên bộ phin cà phê đã bày sẵn ở bàn gỗ. Mùi cà phê rang mộc bốc lên thơm nức mũi, quyện nhẹ trong không khí se lạnh sáng sớm của vùng đất cao nguyên."
NSƯT Kim Tử Long và NSND Trọng Phúc diễn nhạc kịch 'Mộng phù hoa',2025-09-20 14:45:00,Văn hóa,"""Vở nhạc kịch 'Mộng phù hoa' kết hợp nhiều loại hình nghệ thuật: kịch nói, ca nhạc và cải lương để phát huy hết sở trường và khả năng diễn xuất của các nghệ sĩ, trong đó có NSƯT Kim Tử Long và NSND Trọng Phúc"", đạo diễn Ngô Quốc Khánh cho biết."
Logo Đà Nẵng mới: Phải thể hiện chiều sâu văn hóa và con người xứ Quảng,2025-09-20 14:30:00,Câu chuyện văn hóa,"Phát động cuộc thi sáng tác biểu trưng Đà Nẵng năm 2025 (logo Đà Nẵng mới), Phó chủ tịch UBND TP.Đà Nẵng nhấn mạnh logo mới phải tạo nên những ấn tượng tích cực."
Hành trình gieo mầm yêu thương,2025-09-20 08:00:00,Sống đẹp,"Trên mảnh đất cao nguyên Kon Tum (nay là tỉnh Quảng Ngãi), nơi sương giăng phủ trắng những triền đồi và gió thổi hoang hoải qua rẫy cà phê, có một người đàn ông lặng lẽ bước qua tháng năm bằng một công việc khiến nhiều người chùng lòng."
Hà Tiên thập cảnh: Kim Dự lan đào chỉ còn phế tích,2025-09-20 06:08:00,Văn hóa,"Hà Tiên thuộc tỉnh An Giang (trước đây là Kiên Giang), nổi tiếng với 10 danh lam được gọi chung là Hà Tiên thập cảnh. Thi sĩ Đông Hồ từng nhận xét: ""Mỗi khi nói đến Hà Tiên, ai cũng đều phải nhắc đến Hà Tiên thập cảnh. Bởi vì, nếu không có 10 danh thắng đó, thì Hà Tiên có gì đáng để mà nói hơn""."
"Bót Catinat, 'viên ngọc quý' di sản của Sài Gòn - TP.HCM",2025-09-20 06:06:00,Văn hóa,"Đầy ắp ký ức đô thị về một giai đoạn lịch sử biến động của Sài Gòn và cũng là công trình mang đậm dấu ấn văn hóa - kiến trúc giữa lòng TP.HCM hiện đại, Bót Catinat nằm ngay trung tâm ""vùng biểu tượng di sản"" gồm: Nhà hát TP, Dinh Thượng thư, khách sạn Continental, Bưu điện TP.HCM, Chợ Bến Thành và Nhà thờ Đức Bà…"
Từ khóa liên quan đến 'tổng tài' được tìm kiếm tăng vọt,2025-09-19 21:32:00,Văn hóa,"Vụ việc một nhân viên quán cà phê tại Hà Nội bị hành hung đang gây xôn xao dư luận, kéo theo từ khóa 'tổng tài' bất ngờ vào top xu hướng Google Trends. Nhiều người không khỏi bức xúc trước vụ việc và mong cơ quan chức năng xử lý nghiêm để răn đe."
Tỏa sáng như vì sao - Truyện ngắn dự thi của Nguyễn Thắm,2025-09-19 15:00:00,Sống đẹp,"Tôi ngồi trong lớp, mắt lơ đãng nhìn ra khung cửa sổ. Mấy ngày nay mải mê ôn bài nên tôi vô tình không nhận ra, hoa phượng đã nở rộ từ bao giờ. Dưới cái nắng chói chang của mùa hè, những bông hoa đỏ như son kết thành chùm, thắp lên bao niềm tin, hy vọng."
Phát hiện thi thể trong xe hơi của nam ca sĩ nổi tiếng,2025-09-19 10:50:00,Xem - Nghe,"Celeste Rivas, 15 tuổi, được các quan chức Los Angeles xác định danh tính sau khi phát hiện thi thể bên trong một chiếc xe hơi ở Hollywood."
Những nét đẹp 'vô danh',2025-09-19 09:00:00,Sống đẹp,"Họ là những người bình thường có tâm hồn 'sạch sẽ'. Họ đến không chỉ để xem những màn trình diễn đẹp mắt trong các buổi sơ luyện, hợp luyện và tổng duyệt của đại lễ A80. Họ đến còn để đi nhặt rác mà một số người kém ý thức đã bỏ lại dọc các tuyến phố có đoàn diễu binh, diễu hành đi qua."
Giao thoa văn hóa và ngôn ngữ trong tiểu thuyết mới của Yoko Tawada,2025-09-19 08:45:00,Xem - Nghe,"Tiếng nói của những nhà văn đa quốc tịch như Yoko Tawada ngày càng cần thiết trong bối cảnh hiện đại, khi những vấn đề toàn cầu như di cư, bản sắc hay giao thoa văn hóa đang đặt ra nhiều câu hỏi mới. Chính từ vị trí ""trung gian"", những nhà văn này góp phần làm giàu thêm diễn ngôn văn hóa toàn cầu."
NSƯT Hữu Châu - Hồi ức sân khấu và cuộc đời: Cảm ơn những 'quả quýt' của tôi,2025-09-19 08:12:00,Văn hóa,"Lời tòa soạn: Trong hồi ký của mình, NSƯT Hữu Châu không chỉ nhắc đến đại gia tộc Thanh Minh Thanh Nga lừng lẫy, những người ơn lớn... mà các bạn đồng nghiệp đã đồng hành cùng anh trong một quãng dài sự nghiệp cũng được nhắc đến. Trong đó có đôi bạn thân rất đặc biệt của làng kịch nói VN: Hồng Đào - Hồng Vân."
Nghệ sĩ Việt mang show ra quốc tế,2025-09-19 06:33:00,Văn hóa,"Thời gian qua, ngày càng nhiều ca sĩ Việt cùng ê kíp trong nước mạnh dạn đưa show diễn cá nhân ra nước ngoài. Đó là hành trình không ngừng học hỏi và tự hoàn thiện của ngành công nghiệp biểu diễn trong nước."
Ninh Dương Story hủy fan meeting,2025-09-18 22:55:00,Văn hóa,"Ninh Dương Story vừa thông báo dừng tổ chức sự kiện fan meeting tại TP.HCM sau khi vướng tranh luận. Bộ đôi cho biết đây là động thái quan trọng thể hiện trách nhiệm với xã hội, đồng thời khẳng định sẽ hoàn tiền vé cho khán giả."
'Dòng sông hoa lửa' tri ân các thanh niên xung phong,2025-09-18 22:43:00,Văn hóa,"Hơn nửa thế kỷ sau ngày khói lửa, ký ức về Bến phà 2 Long Đại (Quảng Trị), nơi 16 thanh niên xung phong đại đội C130 ngã xuống vẫn còn khắc sâu trong tâm khảm dân tộc. Đêm tri ân ý nghĩa được đông đảo người dân cùng hòa nhịp dưới mưa."
6 cây đa cổ thụ giữa rừng Kon Ka Kinh là cây di sản Việt Nam,2025-09-18 19:50:00,Văn hóa,6 cây đa cổ thụ từ 218 - 300 năm tuổi ở Vườn quốc gia Kon Ka Kinh (Gia Lai) vừa được công nhận là cây di sản Việt Nam.
Sở VH-TT TP.HCM sẽ thẩm định các nội dung của buổi fan meeting Ninh Dương Story,2025-09-18 15:57:00,Văn hóa,"Sự kiện fan meeting của cặp đôi Nguyễn Tùng Dương và Ninh Anh Bùi tại TP.HCM đang thu hút nhiều sự quan tâm và tranh luận của công chúng. Liên quan đến vấn đề này, Sở VH-TT TP.HCM đã có phản hồi chính thức."
Gieo lành - Truyện ngắn dự thi của Cao Minh Tèo,2025-09-18 15:00:00,Sống đẹp,"Bụng Tám cồn cào đói. Tám đếm đi đếm lại mấy tờ tiền. Tám thở dài, nghe khô khốc…"
Chùa Lầu - dấu ấn kiến trúc độc đáo vùng Bảy Núi 'níu chân' du khách,2025-09-18 12:00:00,Văn hóa,"Mang phong cách kiến trúc Nhật Bản hiếm thấy, Phước Lâm tự (thường gọi là chùa Lầu) trở thành điểm đến tâm linh và địa chỉ check-in của du khách khi đến vùng Bảy Núi."
Vũ Cát Tường nói gì về 'ồn ào' khi tham gia 'Anh trai say hi'?,2025-09-18 11:55:00,Xem - Nghe,"Trong 30 'anh trai' tham gia mùa 2 của 'Anh trai say hi', Vũ Cát Tường có thể nói là gương mặt đặc biệt nhất, được chú ý nhiều nhất của chương trình năm nay."
Tổng thống Trump phớt lờ Hoàng tử Harry khi thăm nước Anh,2025-09-18 11:53:00,Câu chuyện văn hóa,"Tổng thống Mỹ Donald Trump cùng đệ nhất phu nhân Melanie Trump đẫ có chuyến thăm nước Anh. Trong bài phát biểu gây chú ý, đương kim tổng thống hoàn toàn phớt lờ Hoàng tử Harry."
"Sau lùm xùm về mẫu logo Đà Nẵng mới, thành phố tổ chức cuộc thi sáng tác",2025-09-18 09:16:00,Câu chuyện văn hóa,"Vào đầu tháng 7 vừa qua, sau khi Sở VH-TT-DL TP.Đà Nẵng công bố lấy ý kiến đối với 4 mẫu logo Đà Nẵng mới đã nhận nhiều ý kiến trái chiều."
Lặng lẽ gieo mầm sự sống,2025-09-18 09:00:00,Sống đẹp,"Không chỉ tìm đến các nơi có hài nhi xấu số đem về chôn cất, chị Nguyễn Thị Thủy còn cưu mang những đứa trẻ sơ sinh bị bỏ rơi. Những việc làm ấy có người cho là 'không bình thường' nhưng với chị, là đang gieo mầm sự sống..."
'Nhạc miền Tây' mang hơi thở mới,2025-09-18 08:00:00,Văn hóa,Gần đây dòng nhạc mang âm hưởng miền Tây Nam bộ có nhiều ca khúc tạo sức hút mạnh mẽ với khán giả trẻ.
Chớp cơ hội quảng bá du lịch từ điện ảnh,2025-09-18 07:30:00,Văn hóa,"Một bộ phim ăn khách có thể thúc đẩy quảng bá du lịch, nhưng nếu không chủ động, chúng ta sẽ bỏ lỡ nhiều cơ hội."
Cách tuyển chọn nhân tài qua thi cử ngày xưa,2025-09-18 06:15:00,Văn hóa,"NXB Tổng hợp TP.HCM vừa ấn hành 'Lược khảo về khoa cử Việt Nam: từ khởi thủy đến khoa Mậu Ngọ 1918' của tác giả Trần Văn Giáp (do nhà nghiên cứu Nguyễn Phúc An khảo chú), mang đến cho độc giả nhiều thông tin bổ ích về khoa cử thời phong kiến VN."
Doanh nghiệp du lịch TP.HCM lo 'đứt' tour tàu biển quốc tế,2025-10-16 16:25:00,Tin tức - Sự kiện,Nhiều doanh nghiệp lữ hành và hãng tàu quốc tế lo ngại việc tạm dừng tiếp nhận tàu khách tại khu vực Cái Mép - Thị Vải từ tháng 10.2025 sẽ làm gián đoạn chuỗi tour tàu biển đến TP.HCM.
Thiết lập 6.000 cuộc hẹn thương mại giữa doanh nghiệp du lịch Việt Nam và quốc tế,2025-10-16 15:48:00,Tin tức - Sự kiện,"Đó là con số ấn tượng tại Ngày hội Du lịch quốc tế Đà Nẵng năm 2025, được tổ chức trong 2 ngày 16 - 17.10."
'Nỗi sợ Campuchia' trong du khách Hàn Quốc,2025-10-16 10:10:00,Câu chuyện du lịch,Vụ nam sinh viên bị bắt cóc và tra tấn đến chết ở Campuchia khiến du khách Hàn Quốc ngập tràn trong lo sợ.
Cần Thơ lần đầu tổ chức lễ hội sông nước,2025-10-15 21:12:00,"Chơi gì, ăn đâu, đi thế nào?","Dự kiến cuối tháng 12.2025, Cần Thơ sẽ lần đầu tiên tổ chức lễ hội sông nước. Đây là lễ hội được lãnh đạo thành phố ""ấp ủ nhiều năm""."
Thu hút khách Singapore 'chi tiêu cao' tới TP.HCM,2025-10-15 19:09:00,Tin tức - Sự kiện,"Tại Hội chợ Du lịch quốc tế ITB Asia 2025 ở Singapore, TP.HCM đẩy mạnh quảng bá hình ảnh siêu đô thị năng động, hướng tới nhóm khách Singapore có khả năng chi tiêu cao và nhu cầu trải nghiệm độc đáo."
Khách sạn Sheraton Saigon Grand Opera sắp được khoác áo mới,2025-10-15 15:31:00,Tin tức - Sự kiện,"Sau một thời gian tái đầu tư, thiết kế và xây dựng lại, tòa tháp Grand Opera của khách sạn 5 sao Sheraton Saigon Grand Opera sẽ chính thức ra mắt trong thời gian tới."
Nhà ga T3 Tân Sơn Nhất có dịch vụ check-in chưa từng có tại Việt Nam,2025-10-15 13:34:00,Tin tức - Sự kiện,"Check-in Lounge là không gian làm thủ tục bay độc quyền, được thiết kế riêng cho khách hàng cao cấp. Dịch vụ theo chuẩn 5 sao ngay từ khi đặt chân đến sân bay này vừa chính thức được khai trương tại nhà ga T3 - sân bay Tân Sơn Nhất."
Du khách Việt Nam mất 4 tiếng mới ăn xong một bữa vì mải chụp ảnh,2025-10-15 13:31:00,Câu chuyện du lịch,"Theo báo cáo mới đây, Việt Nam dẫn đầu khu vực châu Á - Thái Bình Dương với 93% thực khách có thói quen chụp ảnh và đăng món ăn lên mạng xã hội trước khi thưởng thức."
Việt Nam là 'ngôi sao' của ẩm thực châu Á,2025-10-15 08:38:00,Tin tức - Sự kiện,"Dựa trên phân tích chuyên sâu từ hơn 30 đầu bếp, chuyên gia pha chế và biên tập viên ẩm thực hàng đầu cùng dữ liệu tại 270 khách sạn Marriott ở 20 thị trường, báo cáo cho thấy Việt Nam đang được đánh giá là ""điểm đến ẩm thực đang phát triển mạnh mẽ nhất Đông Nam Á""."
'Oscar của ngành du lịch thế giới' trao 4 giải thưởng cho TP.HCM,2025-10-15 08:34:00,Tin tức - Sự kiện,"TP.HCM tiếp tục khẳng định vị thế ""siêu đô thị du lịch"" năng động, sáng tạo và giàu bản sắc khi được xướng tên tại bốn hạng mục quan trọng của Giải thưởng Du lịch Thế giới 2025 World Travel Awards (WTA)."
Hộ chiếu Mỹ lần đầu văng khỏi top 10 quyền lực nhất thế giới,2025-10-15 08:32:00,Tin tức - Sự kiện,"Theo bảng xếp hạng Chỉ số Hộ chiếu Henley mới nhất, lần đầu tiên trong lịch sử 20 năm, hộ chiếu Mỹ đã hoàn toàn bị loại khỏi top 10."
Khai phá 'mỏ vàng' du lịch âm nhạc,2025-10-15 04:00:00,Câu chuyện du lịch,"Thông tin ngôi sao Hàn Quốc G-Dragon, biểu tượng âm nhạc sáng tạo toàn cầu, sắp có 2 đêm diễn liên tiếp tại VN (tại 8Wonder Ocean City) khiến mạng xã hội bùng nổ. Theo các chuyên gia, VN có tiềm năng lớn về du lịch âm nhạc."
Đàn cá voi sát thủ tấn công chìm du thuyền,2025-10-14 10:44:00,Tin tức - Sự kiện,"Gia đình năm người, trong đó có ba trẻ nhỏ, đã may mắn sống sót sau khi những con cá voi sát thủ liên tục tấn công đến chìm du thuyền khi đang ngoài khơi bờ biển Bồ Đào Nha."
Rung động trước một Việt Nam tươi đẹp,2025-10-14 09:02:00,Khám phá,"Truyền thông quốc tế và nhiều giải thưởng thế giới về du lịch trong nhiều năm qua không tiếc lời ca ngợi các điểm đến của Việt Nam, góp phần quan trọng trong quảng bá hình ảnh đất nước tươi đẹp ra thế giới."
Việt Nam hớp hồn du khách ngoại,2025-10-13 06:21:00,Câu chuyện du lịch,Nhiều du khách quốc tế đã dành tình cảm đặc biệt cho Việt Nam. Họ thể hiện sự thiết tha đó không chỉ qua lời nói mà cả hành động: Đến và ở lại.
Yêu nước theo cách của người trẻ,2025-10-12 14:11:00,Câu chuyện du lịch,"Sáng tác bài hát về tình yêu quê hương đất nước, quảng bá hình ảnh Việt Nam ra toàn cầu qua mạng xã hội, tham gia các chương trình thiện nguyện, gắn cờ Tổ quốc trên hành trình ra thế giới...; giới trẻ ngày nay thể hiện tình yêu nước nồng nàn nhưng sâu sắc, náo nhiệt nhưng đầy trách nhiệm."
Thắp sáng những thủ phủ du lịch,2025-10-12 14:10:00,Câu chuyện du lịch,"Đêm 21.5, trên mặt biển rộng 50.000 m² Vịnh trung tâm Cát Bà (Hải Phòng), lần đầu tiên một chương trình nghệ thuật - thể thao mạo hiểm - pháo hoa trên mặt biển được xác lập cùng lúc 2 kỷ lục thế giới tại Việt Nam."
Chuyện lạ: Hãng hàng không tính tiền hành khách nếu ngả ghế,2025-10-12 08:38:00,Câu chuyện du lịch,"Một hãng hàng không lớn thông báo rằng hành khách sẽ không còn được phép ngả ghế trên máy bay nữa, trừ khi trả thêm tiền."
Người Việt xê dịch và kinh tế Việt Nam,2025-10-12 06:51:00,Câu chuyện du lịch,"Những hành trình tìm lại tuổi trẻ, những chuyến đi chữa lành, những cuộc dấn thân khám phá thế giới... cộng lại thành hàng trăm triệu lượt ""xê dịch"" mỗi năm từ du khách nội địa. Người Việt đi du lịch ngày càng nhiều cho thấy chất lượng đời sống tăng cao, kinh tế đất nước ngày càng phát triển."
Định vị Việt Nam qua ẩm thực,2025-10-11 13:56:00,Câu chuyện du lịch,Ẩm thực đã đưa hình ảnh Việt Nam ra thế giới và ẩm thực cũng đưa thế giới tới gần Việt Nam hơn.
Cathay Pacific tăng chuyến bay từ Việt Nam tới Hồng Kông,2025-10-11 09:55:00,Tin tức - Sự kiện,"Hãng hàng không Cathay Pacific vừa công bố tăng tần suất chuyến bay từ Việt Nam đến Hồng Kông, đồng thời tổ chức sự kiện Cathay Travel Fair 2025 tại TP.HCM nhằm quảng bá du lịch."
"Ẩm thực Việt Nam ngon thứ 4 thế giới, bất ngờ với vị trí số 1",2025-10-11 09:34:00,Tin tức - Sự kiện,"Tạp chí du lịch Mỹ Condé Nast Traveller công bố giải thưởng bình chọn của độc giả năm 2025 về những quốc gia có nền ẩm thực tuyệt vời nhất thế giới, trong đó Việt Nam xếp ở top 4."
Đồng Tháp phát triển du lịch thành ngành kinh tế quan trọng,2025-10-11 08:00:00,Du lịch,"Đồng Tháp đang nỗ lực đưa du lịch trở thành ngành kinh tế quan trọng, đóng góp tích cực vào tăng trưởng dịch vụ và lan tỏa bản sắc văn hóa địa phương."
Thành phố vươn mình từ đôi bờ sông Sài Gòn,2025-10-11 04:00:00,Câu chuyện du lịch,"Công viên, cầu nối đôi bờ, quảng trường hiện đại đang định hình diện mạo mới một TP.HCM sông nước."
Du lịch giúp Đà Nẵng thu về gần 45.000 tỉ đồng,2025-10-10 14:32:00,Tin tức - Sự kiện,"Lũy kế 9 tháng của riêng ngành du lịch Đà Nẵng cho thấy các cơ sở lưu trú phục vụ hơn 14,4 triệu lượt khách, tăng 22,3% so với cùng kỳ."
5 lựa chọn kem chống nắng an toàn để da nhạy cảm vẫn tự tin dưới nắng,2025-10-10 12:30:00,Du lịch,"Làn da nhạy cảm hay vừa trải qua treatment luôn cần được chăm sóc kỹ lưỡng, đặc biệt ở bước chống nắng. Vậy đâu là những lựa chọn dịu lành, an toàn và thật sự phù hợp với làn da 'khó chiều'?"
"Xếp trên Thái Lan, Việt Nam trong top 10 quốc gia thân thiện nhất thế giới",2025-10-10 09:04:00,Tin tức - Sự kiện,"Những quốc gia thân thiện nhất trên thế giới năm 2025, do độc giả tạp chí du lịch Mỹ Condé Nast Travel bình chọn, vừa được công bố."
Lần đầu tiên Việt Nam có khách sạn đạt 3 sao Michelin Key,2025-10-09 18:08:00,Tin tức - Sự kiện,"Capella Hanoi và Hotel de la Coupole - MGallery - hai khách sạn thuộc Tập đoàn Sun Group là hai đại diện Việt Nam được vinh danh trong danh sách khách sạn đạt chuẩn toàn cầu Michelin Key 2025. Trong đó, Capella Hanoi đạt Ba Michelin Key - hạng cao nhất cho trải nghiệm lưu trú xuất sắc."
Tiếng karaoke bờ kênh là một phần hồn của TP.HCM,2025-10-09 15:19:00,Tin tức - Sự kiện,"Giữa nhịp phát triển hối hả của TP.HCM, TS Andrew Stiff - giảng viên Đại học RMIT Việt Nam cho rằng tiếng hát karaoke, hàng rong và nhịp sống bên kênh Tẻ chính là linh hồn của đô thị này."
"Bỏ xa Phuket, Phú Quốc vươn lên vị trí hòn đảo du lịch đẹp nhất châu Á",2025-10-09 14:52:00,Tin tức - Sự kiện,Tạp chí du lịch Mỹ Condé Nast Travel vừa công bố bảng xếp hạng những hòn đảo đẹp nhất thế giới năm 2025 (The best islands in the world 2025). Phú Quốc là đại diện duy nhất của Việt Nam có mặt trong bảng xếp hạng này.
Cần Giờ vụt sáng trên bản đồ du lịch cao cấp,2025-10-09 11:31:00,Câu chuyện du lịch,"Thời điểm lập quy hoạch du lịch TP.HCM năm 1996, các chuyên gia đã xác định Cần Giờ là kho tài nguyên quý báu. Với siêu dự án đang triển khai tại đây, Cần Giờ đang vụt sáng, trở thành lực hút cho dòng khách du lịch cao cấp trong và nước ngoài."
Báo Mỹ nói gì về trải nghiệm du lịch khác nhau giữa Hà Nội và TP.HCM?,2025-10-09 08:49:00,Câu chuyện du lịch,"'Hai thành phố lớn nhất, Hà Nội và TP.HCM, thường là ấn tượng đầu tiên của hầu hết du khách về đất nước độc đáo này. Cả hai đều mang tính quốc tế, sôi động và đậm chất Việt Nam - nhưng cũng vô cùng khác biệt'."
'Ngày hội bún TP.HCM' dời lịch do mưa bão,2025-10-08 15:54:00,Tin tức - Sự kiện,"Ban tổ chức ""Ngày hội sợi gạo Việt - Món ngon từ bún"" lần 1 năm 2025 (ban đầu dự kiến diễn ra từ ngày 16 - 19.10 tại Công viên 23.9, TP.HCM) vừa phát thông báo khẩn hoãn lịch tổ chức sự kiện, do ảnh hưởng của tình hình thời tiết bất lợi và mưa bão kéo dài."
TP.HCM 'tìm' khách quốc tế cao cấp ở Mỹ,2025-10-08 15:17:00,Tin tức - Sự kiện,"TP.HCM đang đẩy mạnh hoạt động xúc tiến du lịch tại Mỹ, hướng đến mục tiêu thu hút nhóm khách quốc tế chất lượng cao, đặc biệt là khách MICE trong bối cảnh ngành du lịch Việt Nam bước vào giai đoạn hội nhập mới, cạnh tranh ngày càng gay gắt trên bản đồ thế giới."
Sắp có phố đi bộ cạnh giếng nước Mỹ Tho,2025-10-08 15:01:00,Tin tức - Sự kiện,"Kể từ khi được triển khai, dự án phố đi bộ cạnh giếng nước Mỹ Tho (Đồng Tháp) đã thu hút nhiều quan tâm và sự kỳ vọng của người dân địa phương."
Những cảnh quan thiên nhiên bí ẩn và kỳ lạ nhất thế giới,2025-10-08 08:39:00,Khám phá,"Dù có rất nhiều điểm đến nhân tạo đầy cảm hứng trên khắp thế giới, nhưng không gì sáng tạo bằng thiên nhiên."
Du lịch cần làm gì để cán đích 25 triệu lượt khách quốc tế ?,2025-10-08 04:00:00,Du lịch,"Dù tăng trưởng mạnh mẽ, mục tiêu 25 triệu lượt khách quốc tế trong năm 2025 vẫn là thử thách không nhỏ cho ngành du lịch."
Phú Quốc sắp có show nghệ thuật 'bom tấn' đẳng cấp thế giới,2025-10-07 17:59:00,Tin tức - Sự kiện,"Tập đoàn Sun Group vừa chính thức ký hợp tác chiến lược với H2O Events và LaserVision sau một thời gian cùng đồng hành kiến tạo những show diễn đẳng cấp thế giới trên khắp Việt Nam, hứa hẹn mùa du lịch cuối năm tại Phú Quốc sẽ bùng nổ nhất từ trước tới nay với phiên bản mới của Symphony of the Sea."
Người Việt thích khách sạn phải có bữa sáng,2025-10-07 16:52:00,Câu chuyện du lịch,"Trong bối cảnh du lịch ẩm thực đang trở thành xu hướng nổi bật tại châu Á, ngày càng nhiều du khách Việt ưu tiên lựa chọn khách sạn có phục vụ bữa sáng miễn phí và xem đây là yếu tố quan trọng trong việc lựa chọn điểm lưu trú."
Đầu bếp Hồng Kông học chiên bánh cam đến… phồng tay để đãi khách Việt,2025-10-07 16:34:00,"Chơi gì, ăn đâu, đi thế nào?","Trong khuôn khổ chương trình giao lưu văn hóa ẩm thực ""Ticket to Hong Kong"", đầu bếp trẻ Jay (Tan Jie Cheng, 32 tuổi) đến từ Hồng Kông đã mang đến một bữa tiệc dim sum đầy màu sắc, cùng món bánh cam Việt Nam phiên bản khổng lồ đặc biệt dành tặng thực khách Việt."
Điều gì xảy ra khi máy bay gặp mưa đá?,2025-10-07 13:50:00,Câu chuyện du lịch,"Thông thường, các chuyến bay dựa vào dự báo thời tiết để né mưa đá nhưng có trường hợp máy bay đã bị hư hại nghiêm trọng khi không tránh được."
Điểm đến ở Việt Nam đứng đầu danh sách tiết kiệm nhất thế giới,2025-10-07 10:04:00,Khám phá,"Khoảng thời gian cuối năm ở Việt Nam là cao điểm đón khách châu Âu, Mỹ đến để tránh đông và đối với những thị trường xa như vậy, chi phí tiết kiệm là vấn đề vô cùng quan trọng."
Vì sao khách Hàn Quốc 'mê' du lịch Việt Nam?,2025-10-07 06:56:00,Câu chuyện du lịch,"Hàn Quốc là thị trường gửi khách lớn thứ hai của Việt Nam, đạt trên 3,23 triệu lượt, chỉ xếp sau Trung Quốc với hơn 3,89 triệu lượt (tính đến tháng 9.2025). Điều gì khiến khách Hàn mê Việt Nam đến vậy?"
"Khách Nga, Ấn Độ tới Việt Nam tăng mạnh",2025-10-06 16:51:00,Tin tức - Sự kiện,"Sau 9 tháng năm 2025, Việt Nam đã đón hơn 15,4 triệu lượt khách quốc tế, đạt hơn 61% kế hoạch năm (25 triệu lượt). Với đà tăng trưởng hiện nay, ngành du lịch cần khoảng 9,6 triệu lượt khách nữa trong quý cuối cùng để cán đích mục tiêu đề ra."
Huyền thoại kiến trúc Renzo Piano: 'Nhà hát Opera Hà Nội là dự án tôi yêu thương nhất',2025-10-05 21:20:00,Câu chuyện du lịch,"Không chỉ ghi danh tên tuổi với các công trình thay đổi bộ mặt đô thị trên thế giới, kiến trúc sư bậc thầy người Ý còn được kính trọng bởi nhiều thế hệ kiến trúc sư hiện đại bởi những triết lý vì nhân loại, những rung cảm mạnh mẽ với thiên nhiên, văn hóa, lịch sử và con người."
Cầm 100.000 đồng đi chợ chồm hổm lúc 3 giờ sáng mua được gì?,2025-10-05 11:01:00,"Chơi gì, ăn đâu, đi thế nào?","Chợ chồm hổm, tức là chợ ngồi xổm độc lạ ở Vị Thanh (Hậu Giang cũ), nay thuộc TP.Cần Thơ mở cửa từ 3 giờ sáng là trải nghiệm thú vị khi đi du lịch cuối tuần tại đây."
Có gì ở khu nghỉ dưỡng sang trọng bậc nhất Philippines?,2025-10-05 09:27:00,"Chơi gì, ăn đâu, đi thế nào?","Nhắc đến Philippines, nhiều du khách Việt thường nghĩ ngay đến những hòn đảo nổi tiếng như Boracay, Palawan hay Cebu... nơi nắng vàng, biển xanh và những bãi cát trải dài bất tận. Thế nhưng nếu hành trình dừng chân ở thủ đô Manila, câu hỏi đặt ra là: ""Đi đâu, chơi gì?"""
Sân bay độc nhất vô nhị khi đường băng biến mất lúc thủy triều lên,2025-10-05 07:44:00,Khám phá,"Đây là sân bay duy nhất trên thế giới có các chuyến bay theo lịch trình hạ cánh trên bãi biển, và sẽ biến mất khi thủy triều lên."
Du khách đến bán đảo Sơn Trà tăng mạnh sau 3 năm đóng cửa vì sạt lở,2025-10-04 16:35:00,Tin tức - Sự kiện,"Sau gần 3 năm đóng cửa vì sạt lở, bán đảo Sơn Trà mở lại các tuyến tham quan từ giữa tháng 9, ghi nhận hơn 4.700 lượt khách chỉ trong nửa tháng."
Nhà hát Opera Hà Nội nhận Giải thưởng Bùi Xuân Phái - Vì tình yêu Hà Nội,2025-10-04 14:42:00,Tin tức - Sự kiện,"Giải thưởng Bùi Xuân Phái - Vì tình yêu Hà Nội lần 18 - năm 2025 đã vinh danh Dự án xây dựng Nhà hát Opera Hà Nội và công viên văn hóa nghệ thuật chuyên đề tại Quảng An (phường Tây Hồ) tại hạng mục Giải Ý tưởng. Lễ trao giải diễn ra tối 3.10 tại Trung tâm Triển lãm (Hoàn Kiếm, Hà Nội)."
7 sai lầm du khách nước ngoài thường mắc phải khi đến Việt Nam,2025-10-04 09:16:00,Câu chuyện du lịch,"Joshua Zukas, nhà văn đã dành 12 năm sống ở Hà Nội, từng tham gia biên soạn 10 cuốn sách hướng dẫn du lịch Việt Nam, đã chia sẻ bài viết trên báo Mỹ Business Insider về 7 sai lầm du khách lần đầu đến Việt Nam thường mắc phải."
Tạm dừng đón khách viếng mộ Đại tướng Võ Nguyên Giáp,2025-10-04 09:08:00,Tin tức - Sự kiện,"Gia đình Đại tướng Võ Nguyên Giáp thông báo tạm dừng đón khách viếng mộ tại Vũng Chùa - Đảo Yến để sửa chữa, khắc phục hậu quả bão số 10, đảm bảo an toàn và cảnh quan khu mộ."
Du lịch TP.HCM tăng tốc,2025-10-04 04:05:00,Câu chuyện du lịch,"Trong nhiều năm, TP.HCM luôn được xem là ""đầu tàu"" du lịch cả nước. Tuy nhiên, khi hàng loạt đường bay thẳng quốc tế được mở đến các điểm đến nổi tiếng như Phú Quốc, Đà Nẵng, Nha Trang, Quảng Ninh…, đã có lúc dư luận lo ngại thành phố sẽ ""mất khách"". Thế nhưng thực tế hoàn toàn ngược lại."
Khám phá 10 du thuyền lớn nhất thế giới,2025-10-03 10:53:00,Khám phá,"Du thuyền hiện đại đã hoàn toàn thay đổi diện mạo của du lịch toàn cầu. Mang đến sự kết hợp giữa sang trọng, giải trí và tiện nghi cao cấp, chúng không đơn giản là một du thuyền mà đã phát triển thành một điểm đến hàng đầu."
"Đặc sản 15 tỉnh, thành phố hội tụ ở xứ Thanh",2025-10-03 09:37:00,"Chơi gì, ăn đâu, đi thế nào?","Đặc sản của 14 tỉnh, thành phố đã hội tụ cùng với những đặc sản của tỉnh Thanh Hóa, đem lại trải nghiệm thú vị cho người dân và du khách."
Tuyến đường bộ ở Việt Nam gây kinh ngạc trên báo Anh,2025-10-02 09:04:00,Khám phá,"Từ Việt Nam đến Pakistan, những cảnh quan tuyệt đẹp này ở châu Á được khám phá tốt nhất bằng ô tô."
Sắp khởi công kiệt tác nhà hát opera 12.000 tỉ ở Hồ Tây,2025-10-01 18:00:00,Tin tức - Sự kiện,"Ngày 5.10, nhà hát Opera Hà Nội sẽ chính thức khởi công tại phường Tây Hồ, Hà Nội. Đây là dự án được xây dựng bởi nguồn vốn xã hội hóa với mức kinh phí khoảng 12.000 tỉ đồng và là một trong những dự án trọng điểm nhân kỷ niệm 71 năm Ngày Giải phóng thủ đô (10.10.1954 - 10.10.2025)."
"Món bánh chuối chiên, thịt kho tàu trong nhà hàng sang trọng ở Philippines",2025-10-01 15:43:00,Khám phá,"Ẩm thực Philippines có nhiều nét tương đồng với Việt Nam, khi các món quen thuộc như chả giò, thịt kho tàu hay bánh chuối chiên xuất hiện ở khắp nơi, từ quán ăn bình dân cho đến nhà hàng cao cấp."
Chuyện gì xảy ra với du thuyền khi đi giữa cơn bão?,2025-10-01 14:58:00,Câu chuyện du lịch,Những chiếc du thuyền khổng lồ đưa du khách lênh đênh trên biển nhiều ngày không thể tránh khỏi việc gặp phải điều kiện thời tiết giông bão.
Món bò kho giúp đầu bếp Việt tỏa sáng trên sân chơi quốc tế,2025-10-01 09:56:00,Tin tức - Sự kiện,"Từ nguyên liệu quen thuộc bò kho, hai đầu bếp trẻ Việt Nam đã sáng tạo thành những tác phẩm ấn tượng, giành giải cao tại cuộc thi Culinaire Malaysia 2025, góp phần khẳng định vị thế ẩm thực Việt."
Huế sắp có 2 tòa tháp 5 sao với thiết kế đặc biệt,2025-09-30 17:46:00,Tin tức - Sự kiện,"Khách sạn 5 sao với 2 tòa tháp 25 tầng, lấy cảm hứng thiết kế từ trống đồng Đông Sơn, kết hợp kiến trúc cung đình và kiến trúc đương đại vừa được khởi công tại khu đô thị mới Ecogaden (TP.Huế), hứa hẹn sẽ là chốn thưởng lãm cao cấp, tạo động lực thúc đẩy du lịch thành phố di sản."
Trải nghiệm làm món Thái chuẩn vị ngay tại TP.HCM,2025-09-30 16:21:00,Tin tức - Sự kiện,"Cầm chày giã từng sợi đu đủ xanh, thêm chút nước mắm, đường thốt nốt, nước cốt chanh và ớt tươi, mùi hương đặc trưng của món Som Tam lan tỏa khắp gian bếp dã chiến tại Tổng lãnh sự quán Thái Lan ở TP.HCM."
Có gì ở 12 đường băng sân bay kỳ lạ nhất thế giới?,2025-09-30 07:54:00,Khám phá,"Đường băng sân bay tưởng chừng là chỗ mà nơi nào cũng giống nhau trên toàn thế giới với dải nhựa dài sạch sẽ không có bất kỳ sự can thiệp nào từ bên ngoài. Thế nhưng, vẫn có nhiều đường băng kỳ lạ, độc đáo và khác biệt."
"Hơn 30 chuyến bay đưa khách Nga đến Khánh Hòa mỗi tuần, du lịch khởi sắc",2025-09-29 14:56:00,Tin tức - Sự kiện,"Khánh Hòa đang đón hơn 30 chuyến bay chở khách Nga mỗi tuần. Với việc Nordwind khai thác thêm đường bay từ 7 thành phố lớn của Nga, con số này sẽ sớm chạm mốc 35 chuyến/tuần."
JW Marriott chính thức khai trương khách sạn hạng sang tại Cam Ranh,2025-09-29 11:49:00,Tin tức - Sự kiện,"JW Marriott, thương hiệu khách sạn hạng sang quốc tế vừa chính thức khai thác kinh doanh khu nghỉ dưỡng JW Marriott Cam Ranh Bay Resort & Spa tại Cam Ranh (Khánh Hòa)"
Vì sao người dân Philippines mê nhạc kịch?,2025-09-29 11:38:00,Câu chuyện du lịch,"Không chỉ có đảo biển, Philippines còn gây bất ngờ khi Manila trở thành ""thủ phủ nhạc kịch"" Đông Nam Á. Khán phòng luôn kín chỗ, khán giả hát theo, khóc cùng nhân vật tạo nên trải nghiệm khó quên."
Việt Nam có hòn đảo trong top 3 đẹp nhất châu Á,2025-09-29 07:45:00,Khám phá,"Trong lục địa châu Á, có vô số hòn đảo để du khách ghé thăm với những bãi biển hoang sơ, thiên nhiên kỳ thú và di sản văn hóa đậm nét."
Triển lãm nghệ thuật sắp đặt tại siêu phẩm nghỉ dưỡng 5 sao đầu tiên của Hạ Long,2025-09-28 18:28:00,Tin tức - Sự kiện,"""Echoes of Elegance"", hành trình trải nghiệm văn hóa di sản và nghệ thuật đa giác quan, là triển lãm nghệ thuật sắp đặt độc đáo do InterContinental Halong Bay Resort hợp tác cùng chuyên gia trang điểm - Giám đốc sáng tạo Nam Trung (CGTĐ - GĐST Nam Trung) và Nhà thiết kế thời trang (NTK) Lâm Gia Khang kiến tạo."
Những quốc gia nào hoàn toàn không có sân bay và tại sao?,2025-09-28 07:51:00,Câu chuyện du lịch,"Một số quốc gia trên thế giới hoàn toàn không có sân bay quốc tế, thậm chí không có cả sân bay nội địa."
"Sun Group khánh thành Quảng trường Thời Đại dài 1,6 km tại Ninh Bình",2025-09-28 07:36:00,Tin tức - Sự kiện,"Quảng trường Thời Đại dài 1,6 km, nằm trong đại đô thị nghỉ dưỡng Sun Urban City (Ninh Bình) của Tập đoàn Sun Group đã được khánh thành chỉ sau 6 tháng xây dựng."
"'Mỗi nụ cười thân thiện được gửi trao, hình ảnh Việt Nam ngày càng tỏa sáng'",2025-09-27 13:45:00,Du lịch,"Phó thủ tướng Mai Văn Chính nhấn mạnh, khi mỗi điểm đến được chăm chút, mỗi dịch vụ được nâng tầm, mỗi nụ cười thân thiện được gửi trao, hình ảnh Việt Nam sẽ ngày càng tỏa sáng."
"Không phải Bùi Viện hay Tạ Hiện, báo Anh xếp khu phố này 'vui' nhất Việt Nam",2025-09-27 07:57:00,Khám phá,"Time Out, tờ báo chuyên về du lịch của Anh, đã khảo sát mạng lưới chuyên gia địa phương trên toàn cầu để xếp hạng 39 khu phố tuyệt vời nhất năm 2025. Bất ngờ khi ở Việt Nam, không phải hai khu phố đông đúc du khách là Bùi Viện (TP.HCM) hay Tạ Hiện (Hà Nội) xuất hiện trong danh sách."
Những bức ảnh đẹp và ám ảnh từ cuộc thi nhiếp ảnh đại dương thế giới,2025-09-26 08:30:00,Khám phá,Bức ảnh đầy mê hoặc về hai chú bọ rùa biển nhỏ bé nhưng rực rỡ đã giành giải thưởng Nhiếp ảnh Đại dương năm 2025.
Vé tham quan di tích thế nào cho hợp lý?,2025-09-26 03:27:00,Du lịch,"Vé tham quan di tích đã từng gây nhiều tranh cãi cao hay thấp, hai giá hay một giá (người nước ngoài và trong nước)... Gần đây, khách du lịch tự túc tiếp tục phàn nàn cho rằng một số điểm di tích tính giá vé quá cao."
Cà Mau tổ chức chuỗi sự kiện quảng bá 'cực Nam Tổ quốc',2025-09-24 19:09:00,Tin tức - Sự kiện,"Ông Ngô Vũ Thăng, Phó chủ tịch UBND tỉnh Cà Mau, khẳng định du lịch là một trong 4 trụ cột phát triển kinh tế - xã hội của tỉnh và cần được định vị rõ ràng, hướng tới tầm nhìn xanh, an toàn và bền vững."
GPSS 2025: Khi Singapore hóa thân thành lễ hội tốc độ toàn cầu,2025-09-24 12:00:00,Du lịch,"Vào tháng 10 này, Singapore lại vang vọng tiếng gầm Công thức 1. Nhưng với Grand Prix Season Singapore (GPSS 2025), thành phố không chỉ là đường đua mà trở thành sân khấu lễ hội mười ngày, nơi tốc độ, âm nhạc, nghệ thuật và ẩm thực cùng hòa nhịp."
Cậu bé trốn trong bánh xe máy bay sống sót sau 1.200 km,2025-09-24 08:34:00,Tin tức - Sự kiện,Thiếu niên 13 tuổi đã sống sót sau hành trình 1.200 km khi trốn trong bánh xe máy bay từ Afghanistan đến Ấn Độ.
An Lâm Retreats Saigon River và hành trình 15 năm vun đắp những vòng tròn bền vững,2025-09-24 08:00:00,Du lịch,"Nằm bên sông Sài Gòn, An Lâm Retreats Saigon River đã dành gần hai thập kỷ để kiên định theo đuổi chuỗi triết lý giản dị: nghỉ dưỡng hòa điệu với thiên nhiên, gìn giữ các giá trị cộng đồng và gieo trồng những hạt mầm an lành cho thế hệ sau."
Thêm một ứng dụng giải trí gia nhập thị trường Việt Nam,2025-09-24 07:58:00,Tin tức - Sự kiện,"Thị trường giải trí trực tuyến tại Việt Nam vừa ghi nhận thêm một cái tên mới, hứa hẹn tạo thêm sự cạnh tranh cho nhóm dịch vụ OTT vốn đã sôi động với nhiều thương hiệu quốc tế."
'Chúng tôi muốn du khách lưu giữ ký ức đáng nhớ về mùa thu Hà Nội',2025-09-23 20:14:00,Du lịch,"Phó chủ tịch UBND TP.Hà Nội Nguyễn Mạnh Quyền cho biết, việc định hình chuỗi sự kiện đa dạng 'Chạm thu Hà Nội' sẽ giúp người dân và du khách quốc tế lưu giữ những ký ức đáng nhớ về mùa thu Hà Nội."
Mùa thu Côn Sơn - Kiếp Bạc: Hành trình di sản sống động,2025-09-23 19:49:00,Du lịch,"Lễ hội mùa thu Côn Sơn - Kiếp Bạc 2025 hứa hẹn mang đến cho du khách trải nghiệm văn hóa, tâm linh và du lịch đặc sắc, lan tỏa tinh hoa di sản vừa được UNESCO vinh danh."
"Đi Nhật Bản ngắm lá đỏ, thời điểm nào đẹp nhất?",2025-09-23 17:04:00,Tin tức - Sự kiện,"Nhật Bản đang khoác lên mình tấm áo rực rỡ của lá đỏ, lá vàng trải dài từ Hokkaido đến Kyushu. Cùng với đó, lượng khách Việt Nam đến Nhật Bản tăng trưởng mạnh."
"Độc lạ… ếch nấu ống tre, ếch tomyum",2025-09-23 16:50:00,"Chơi gì, ăn đâu, đi thế nào?","Không chỉ có cháo ếch quen thuộc, ếch của một nữ chủ nhà hàng Việt còn được biến tấu với rất nhiều món độc lạ: ếch đút lò phô mai, ếch tomyum cay nồng, ếch nấu ống tre..."
Khánh Hòa thu phí tham quan vịnh Nha Trang như thế nào?,2025-09-23 14:57:00,Tin tức - Sự kiện,"Từ ngày 25.9, việc thu phí tham quan danh lam thắng cảnh vịnh Nha Trang sẽ thực hiện thanh toán trực tuyến qua website chính thức để đảm bảo minh bạch và thuận lợi cho du khách."
Khởi công dự án khu du lịch sinh thái biển gần 4.000 tỉ đồng tại Hà Tĩnh,2025-09-23 13:33:00,Du lịch,"Dự án Khu du lịch sinh thái biển Xuân Hội có tổng mức đầu tư gần 4.000 tỉ đồng, được quy hoạch thành tổ hợp du lịch nghỉ dưỡng đẳng cấp, đưa Hà Tĩnh trở thành trung tâm du lịch biển mới của khu vực Bắc Trung bộ."
Du khách bay đến Úc bị phạt 35 triệu đồng vì hoa cài trên tóc,2025-09-23 08:37:00,Câu chuyện du lịch,"Nữ diễn viên Ấn Độ, người khẳng định không biết mình phải khai báo một vòng hoa mang theo khi bay, đã bị phạt 2.000 đô la, tương đương 35 triệu đồng, sau khi hạ cánh xuống Úc."
Du lịch Việt có mức tăng trưởng khách quốc tế hàng đầu thế giới,2025-09-22 18:00:00,Du lịch,"8 tháng đầu năm 2025, du lịch Việt Nam đã đón gần 14 triệu lượt khách quốc tế (tăng 21,7% so với cùng kỳ năm 2024), phục vụ khoảng 106 triệu lượt khách du lịch nội địa, tổng thu từ du lịch đạt khoảng 707.000 tỉ đồng."
Điểm đến ở Việt Nam vào top ngắm lá mùa thu đẹp nhất châu Á,2025-09-22 08:21:00,Khám phá,"Từ cây phong rực rỡ đến hàng bạch quả vàng óng, đây là những điểm đến ở châu Á phô diễn vẻ đẹp mùa thu tuyệt vời nhất."
"Trung thu năm nay, du khách Việt đi đâu để ăn ngon, chơi vui?",2025-09-20 17:20:00,"Chơi gì, ăn đâu, đi thế nào?","Mùa Trung thu 2025, du khách Việt có nhiều lựa chọn từ Hội An, Chợ Lớn, Tuyên Quang đến Chiang Mai, Đài Bắc, Seoul… vừa thưởng thức ẩm thực đặc sắc, vừa hòa mình lễ hội rực rỡ."
Quốc gia già nhất thế giới vật lộn với khủng hoảng kép chết người,2025-09-20 08:45:00,Câu chuyện du lịch,Chính phủ đang nỗ lực nhằm chống lại tình trạng khủng hoảng kép chết người: sự va chạm giữa nắng nóng kỷ lục và dân số già hóa của quốc gia được xem là già nhất thế giới.
'Chợ giá rẻ' nổi tiếng của khách Tây hồi sinh,2025-09-20 04:00:00,Du lịch,"Sau thời gian im ắng vì các đợt truy quét hàng giả, hàng nhái của cơ quan chức năng, Saigon Square - khu mua sắm nổi tiếng ở trung tâm TP.HCM, đã nhộn nhịp trở lại. Tuy nhiên, bên dưới sự tấp nập vẫn là nỗi lo canh cánh của tiểu thương và câu hỏi về hướng phát triển của khu chợ này."
Sheraton 'tái sinh' tòa nhà 22 năm tuổi giữa trung tâm TP.HCM,2025-09-19 19:31:00,Tin tức - Sự kiện,"Sau 9 tháng tái thiết toàn diện, Sheraton Saigon Grand Opera Hotel chính thức ra mắt Grand Opera Tower, mang lại diện mạo mới cho tòa tháp Grand gắn bó suốt 22 năm."
Tìm người nấu phở ngon qua Singapore trổ tài quảng bá,2025-09-19 18:37:00,Tin tức - Sự kiện,"Từ cuộc thi ""Đi tìm người nấu phở ngon"" tại TP.HCM, năm đầu bếp đoạt giải Hoa hồi vàng sẽ cùng Vietnam Phở Festival 2025 sang Singapore, trực tiếp quảng bá món ăn quốc hồn quốc túy đến bạn bè quốc tế."
"Vượt qua Bangkok, điểm đến này ở Việt Nam có ẩm thực đường phố ngon thứ hai châu Á",2025-09-19 08:36:00,Khám phá,"Từ những quầy hàng ở Penang đến những con hẻm nhỏ ở Việt Nam, hãy 'theo chân dạ dày' đến 10 thành phố ẩm thực đường phố ngon nhất trên khắp châu Á."
"Ngôi chùa đẹp nhất vịnh Vân Phong: 4 mặt hướng biển, tha hồ check-in lộng gió",2025-09-18 13:54:00,Khám phá,"Trong chuyến nghỉ dưỡng ở vịnh Vân Phong (Khánh Hòa), tôi bất ngờ biết đến Thiên Ân Đầm Môn - ngôi chùa được mệnh danh đẹp nhất vùng này."
"Chê món ăn Trung Quốc, tay vợt người Mỹ phải xin lỗi",2025-09-18 11:31:00,Tin tức - Sự kiện,Tay vợt người Mỹ Taylor Townsend đã phải xin lỗi vì đưa ra những bình luận tiêu cực về các món ăn Trung Quốc.
Có gì trong thực đơn tiệc kỷ niệm 10 năm khách sạn đắt đỏ nhất TP.HCM?,2025-09-18 10:49:00,"Chơi gì, ăn đâu, đi thế nào?","The Reverie Saigon vừa kỷ niệm sinh nhật 10 tuổi, nơi đây được biết đến như khách sạn 6 sao đầu tiên và duy nhất tại Việt Nam, biểu tượng của sự xa hoa bậc nhất Sài Gòn suốt một thập kỷ qua."
Bên trong chùa cổ mang đậm dấu ấn người Hoa ở vùng đất Sa Đéc,2025-09-18 08:42:00,Du lịch,"Chùa cổ Kiến An Cung là công trình kiến trúc độc đáo, lưu giữ giá trị văn hóa, lịch sử của vùng đất Sa Đéc trù phú ven sông Tiền."
Lần đầu nghỉ dưỡng ở bán đảo 650 triệu đồng/đêm tại vịnh Vân Phong,2025-09-17 16:41:00,Câu chuyện du lịch,"Nằm giữa vịnh Vân Phong (Khánh Hòa), khu nghỉ dưỡng tư nhân đầu tiên ở Việt Nam dành riêng cho giới siêu giàu sành điệu mang đến trải nghiệm biệt lập, với mức giá hơn nửa tỉ/đêm."
Ngôi làng ở Việt Nam trong top 20 đẹp nhất thế giới,2025-09-17 10:38:00,Khám phá,"Từ những ngôi làng nhỏ ven vịnh hẹp đến những con hẻm phủ đầy hoa giấy, những ngôi làng đẹp nhất thế giới năm 2025 vừa được công bố, trong đó có một địa điểm ở Việt Nam."
Báo Thái: Vì sao khách Trung Quốc đến Việt Nam đông hơn Thái Lan?,2025-09-16 14:02:00,Tin tức - Sự kiện,"Mùa hè này, Hu Jia, du khách Trung Quốc, quyết định bỏ qua những bãi biển biểu tượng và những ngôi đền lộng lẫy của Thái Lan, thay vào đó, cô đã đặt một chuyến đi hai tuần đến Việt Nam."
Khách sạn Malibu Vũng Tàu: Điểm đến hội nghị biển 5 sao cho doanh nghiệp hiện đại,2025-09-16 11:30:00,Du lịch,"Nổi bật với cảnh quan thiên nhiên và hạ tầng hiện đại, Malibu Vũng Tàu đang khẳng định vị thế tiên phong, một điểm đến MICE (Meeting, Incentive, Conference, Exhibition) hấp dẫn cho các sự kiện tầm cỡ, đáp ứng yêu cầu chuyên môn và trải nghiệm khác biệt cho doanh nghiệp."
Chuyến du thuyền dài ngày nhất thế giới có đến TP.HCM chuẩn bị ra khơi,2025-09-16 11:08:00,Khám phá,"Chuyến du thuyền kéo dài trong suốt 274 ngày đêm, đi qua mọi châu lục, trong đó có dừng chân ở TP.HCM, chuẩn bị ra khơi vào cuối năm nay."
Thái Lan làm mới để hút khách Việt,2025-09-15 18:42:00,Tin tức - Sự kiện,"Xem Việt Nam là thị trường trọng điểm trong khu vực, Tổng cục Du lịch Thái Lan (TAT) đặt mục tiêu năm 2026 thu hút gần 1 triệu lượt khách Việt Nam với loạt chiến lược mới."
Du khách xếp hàng chờ thưởng thức món ngon Sài Gòn tại triển lãm A80,2025-09-15 16:53:00,Du lịch,"Bất chấp thời tiết khá oi nóng, trưa ngày 15.9, nhiều người dân và du khách đến xem Triển lãm thành tựu kinh tế - xã hội A80, đã xếp hàng chờ trải nghiệm những món ăn đậm chất Sài Gòn."
Du lịch Việt Nam tăng trưởng mạnh nhất châu Á,2025-09-15 14:23:00,Tin tức - Sự kiện,"6 tháng đầu năm, du lịch Việt Nam ghi nhận mức tăng trưởng ấn tượng trong bối cảnh khu vực châu Á - Thái Bình Dương vẫn đang chưa phục hồi hoàn toàn."
"Hàng không tăng chuyến, khách Nga đến Khánh Hòa tăng đột biến",2025-09-15 14:00:00,Tin tức - Sự kiện,"Mở thêm nhiều đường bay thẳng, cộng với chi phí hợp lý, Khánh Hòa trở thành điểm đến yêu thích của du khách Nga."
Bi kịch tiếp theo của khách sống sót duy nhất trong tai nạn máy bay Air India,2025-09-15 11:04:00,Tin tức - Sự kiện,Gia đình của hành khách sống sót duy nhất trong thảm kịch máy bay Air India tiết lộ những tin buồn về cuộc sống của anh kể từ vụ tai nạn khiến 260 người thiệt mạng.
Ngôi nhà cổ gắn liền với chuyện tình nổi tiếng ở Sa Đéc,2025-09-14 15:32:00,Khám phá,"Đến thăm nhà cổ Huỳnh Thủy Lê, du khách không những được chiêm ngưỡng kiến trúc độc đáo của 3 nền văn hóa, mà còn được nghe kể về chuyện tình nổi tiếng của ông Huỳnh Thủy Lê."
Saigontourist Group tổ chức chương trình tri ân đặc biệt tại sự kiện A80,2025-09-14 15:00:00,Du lịch,"Tổng Công ty Du lịch Sài Gòn (Saigontourist Group) sẽ tổ chức chương trình tri ân đặc biệt, khép lại chuỗi hoạt động triển lãm thành tựu kinh tế - xã hội (sự kiện A80) đầy ý nghĩa nhân dịp kỷ niệm 80 năm Quốc khánh nước Cộng hòa Xã hội Chủ nghĩa Việt Nam (2.9.1945 - 2.9.2025). Chương trình diễn ra duy nhất vào ngày 15.9.2025 tại Trung tâm triển lãm quốc gia, Hà Nội."
Thái Lan muốn tặng tiền cho du khách nước ngoài mua sắm,2025-09-14 07:45:00,Tin tức - Sự kiện,Các tổ chức du lịch ở Thái Lan đang thúc giục tân Bộ trưởng Du lịch phát tiền mặt (cash coupon) cho du khách nước ngoài để chi tiêu tại nước này.
Đưa Măng Đen thành trung tâm nghỉ dưỡng thiên nhiên của Việt Nam,2025-09-13 15:18:00,Câu chuyện du lịch,"Xã Măng Đen (Quảng Ngãi) đang được định hình thành trung tâm nghỉ dưỡng tầm quốc gia với 6 giải pháp chiến lược, từ bảo vệ rừng, quy hoạch sinh thái đến phát triển hạ tầng và nguồn nhân lực."
Mẫu máy bay 'chống va chạm' có cứu được khách trong tai nạn?,2025-09-13 09:36:00,Câu chuyện du lịch,"Sau vụ tai nạn thảm khốc của Air India vào tháng 6 vừa qua khiến tổng cộng 260 người tử vong, các kỹ sư đã thiết kế một hệ thống an toàn mới được hỗ trợ bởi AI để ngăn ngừa các sự cố trên chuyến bay trong tương lai."
Nhộn nhịp khách quốc tế ở trung tâm TP.HCM,2025-09-13 04:00:00,Du lịch,"8 tháng năm 2025, du lịch TP.HCM bứt phá với doanh thu hơn 161.000 tỉ đồng, phản ánh đà phục hồi mạnh mẽ của ngành công nghiệp không khói. Kết quả này đến từ sự sôi động của dòng khách quốc tế, nội địa cùng hàng loạt hoạt động quảng bá, kích cầu và mở rộng sản phẩm du lịch."
Loạt quốc gia sắp bỏ vĩnh viễn đóng dấu lên hộ chiếu,2025-09-12 10:46:00,Tin tức - Sự kiện,"Nếu bạn từng xem hộ chiếu của mình như một cuốn sổ lưu niệm ghi lại những chuyến phiêu lưu khắp thế giới, hãy chuẩn bị tinh thần: Dấu hộ chiếu đang dần biến mất."
Du khách nhảy xuống biển để trốn nợ du thuyền siêu sang,2025-09-11 10:31:00,Câu chuyện du lịch,"Nợ các khoản chi phí khác nhau trên du thuyền siêu sang Rhapsody of the Seas của hãng Royal Caribbean, du khách đã nhảy xuống biển để trốn thoát."
Khách Việt Nam đến Thái Lan giảm mạnh,2025-09-11 08:48:00,Tin tức - Sự kiện,"Lượng khách từ các thị trường Đông Nam Á du lịch đến Thái Lan sụt giảm mạnh, đặc biệt là khách Indonesia và Việt Nam."
TP.HCM khẳng định vị thế trung tâm du lịch quốc tế,2025-09-10 13:18:00,Tin tức - Sự kiện,"Với quy mô kỷ lục và tầm vóc quốc tế, Hội chợ Du lịch quốc tế TP.HCM lần thứ 19 (ITE HCMC 2025) cùng Đại hội đồng TPO lần thứ 12 đã tạo cú hích mạnh mẽ, nâng tầm hình ảnh TP.HCM trở thành trung tâm du lịch toàn cầu."
Bên trong chùa cổ gần 200 năm ở Đồng Tháp,2025-09-10 11:47:00,Khám phá,"Với giá trị kiến trúc, văn hóa và nghệ thuật, chùa cổ Hội Phước được ví như di sản đặc sắc của vùng đồng bằng sông Cửu Long."
Du khách lên chuyến bay đến châu Phi nhưng nghĩ rằng sẽ tới Pháp,2025-09-10 08:42:00,Câu chuyện du lịch,"Cô gái người Mỹ Brittney Dzialo đang trở nên nổi tiếng khắp thế giới vì đã lên chuyến bay đến Tunis, thủ đô của Tunisia, thay vì điểm đến dự định trong hành trình là Nice, Pháp."
Khách quốc tế nhộn nhịp thăm TP.HCM trong mùa thấp điểm,2025-09-10 08:41:00,Du lịch,"Dù đang trong mùa thấp điểm, thường rơi vào khoảng thời gian từ tháng 5 - 9, nhưng lượng khách quốc tế đến Việt Nam nói chung và TP.HCM vẫn tăng. Các điểm đến ở TP.HCM trong những ngày này tấp nập khách nước ngoài..."
Một khách sạn ở Việt Nam vào top 50 tốt nhất thế giới,2025-09-09 07:32:00,"Chơi gì, ăn đâu, đi thế nào?","Tờ Telegraph của Anh vừa công bố danh sách bình chọn 50 khách sạn tốt nhất thế giới, trong đó có 1 khách sạn ở Việt Nam."
Du lịch hướng tới doanh thu triệu tỉ đồng,2025-09-09 05:53:00,Du lịch,"Liên tiếp phá đỉnh về lượng khách quốc tế, ngành du lịch VN không chỉ trỗi dậy ngày càng mạnh mẽ mà còn tiến tới chinh phục mốc doanh thu kỷ lục triệu tỉ đồng."
Khi giới nhà giàu đi du lịch theo 'vibe' thay vì điểm đến,2025-09-08 11:55:00,Câu chuyện du lịch,"Trong kỷ nguyên mà cảm xúc quyết định hành vi tiêu dùng, khái niệm ""nền kinh tế cảm xúc"" (vibe economy) đã bắt đầu chi phối cả ngành du lịch xa xỉ."
"Du lịch lập kỷ lục mới, tiến tới mục tiêu doanh thu triệu tỉ",2025-09-08 08:48:00,Tin tức - Sự kiện,"Hơn 1,68 triệu lượt khách quốc tế đã tới Việt Nam trong tháng 8, cao nhất so với cùng kỳ những năm trước."
"Việt Nam thu hút khách Trung Quốc, Hàn Quốc bỏ xa Thái Lan",2025-09-08 08:32:00,Tin tức - Sự kiện,"Mặc dù đón đông khách quốc tế hơn Việt Nam nhưng du lịch Thái Lan đang đối mặt với nhiều thử thách khi tổng lượng khách sụt giảm, cạnh tranh hụt hơi với Việt Nam ở hai thị trường truyền thống Trung Quốc, Hàn Quốc..."
"Tháng trải nghiệm điểm đến du lịch Lâm Đồng - Hội tụ tinh hoa, kết nối cảm xúc",2025-09-07 11:13:00,Tin tức - Sự kiện,"Tháng trải nghiệm điểm đến du lịch Lâm Đồng gồm chuỗi các hoạt động văn hóa, thể thao và du lịch nhằm giới thiệu, quảng bá, kích cầu du lịch, thu hút khách du lịch trong nước và quốc tế đến Lâm Đồng."
Thành phố lớn nhất thế giới cảnh báo về thảm kịch có thể xảy ra với 37 triệu dân,2025-09-07 08:20:00,Câu chuyện du lịch,Một đoạn clip rùng rợn do chính phủ công bố mới đây đã khiến người dân của thành phố lớn nhất thế giới cũng như cả nước và du khách lo sợ.
TP.HCM làm gì để được vinh danh tại TPO BEST 2025?,2025-09-06 15:27:00,Tin tức - Sự kiện,"TP.HCM vừa được vinh danh tại Lễ trao giải TPO BEST 2025 ở hạng mục Tiếp thị du lịch nhờ chiến dịch ""Tìm đúng chất, chạm đúng cảm"" (Find Your Vibes), khẳng định vị thế điểm đến năng động và sáng tạo của thành phố trên bản đồ du lịch quốc tế."
Làng 'ăn chung nồi cơm' độc nhất vô nhị ở Thái Nguyên gây sốt thế giới,2025-09-06 15:03:00,Khám phá,"Thái Nguyên có một ngôi làng đặc biệt: 151 thành viên cùng ăn chung nồi cơm, sống thuận tự nhiên và chan hòa yêu thương. Làng Thái Hải nay trở thành điểm đến gây sốt với du khách quốc tế."
Thông tin mới về vị trí rơi của máy bay mất tích MH370,2025-09-06 08:46:00,Câu chuyện du lịch,"Ismail Hammad, kỹ sư trưởng của hãng hàng không Egyptair, tin rằng ông nắm giữ 'chìa khóa' giúp tiết kiệm ""tiền bạc và thời gian"" trong quá trình tìm kiếm máy bay mất tích MH370."
Cả nước chưa tới 10 công trình du lịch xanh: Báo động lớn!,2025-09-05 17:23:00,Tin tức - Sự kiện,"Ngành du lịch Việt Nam mới ghi nhận chưa tới 10 công trình xanh được chứng nhận trên tổng số hàng trăm công trình cả nước, cho thấy khoảng trống đáng báo động trong tiến trình phát triển bền vững."
Việt Nam - Campuchia tăng tốc hợp tác du lịch,2025-09-05 15:38:00,Tin tức - Sự kiện,"Tại Hội chợ Du lịch quốc tế TP.HCM lần thứ 19 (ITE HCMC 2025), cuộc gặp gỡ giữa Bộ trưởng Bộ VH-TT-DL Việt Nam Nguyễn Văn Hùng và Bộ trưởng Du lịch Campuchia Huot Hak đã mở ra nhiều hướng đi mới trong hợp tác phát triển du lịch song phương."
"Gần 5 năm liên kết, du lịch TP.HCM thu được gì?",2025-09-05 15:38:00,Tin tức - Sự kiện,"Sau gần 5 năm bắt tay với 6 vùng trọng điểm trên cả nước, du lịch TP.HCM ghi dấu loạt thành quả từ sản phẩm mới, lượng khách tăng, thương hiệu chung ""Sống động phương Nam"" lan tỏa, nhưng cũng bộc lộ nhiều thách thức cần giải quyết."
Trai đẹp Thái Lan hồi sinh vải thất truyền 400 năm gây 'sốt' hội chợ du lịch,2025-09-05 14:54:00,Câu chuyện du lịch,"Trong không gian sôi động của Hội chợ Du lịch quốc tế TP.HCM lần thứ 19, gian hàng Tổng cục Du lịch Thái Lan trở thành tâm điểm thu hút đông đảo du khách nhờ sự xuất hiện của hai chàng trai trẻ tài năng - đặc biệt là nghệ nhân Thanit Phumsawi (34 tuổi), người đã hồi sinh dòng vải hoàng gia Pha Lai Yang vốn thất truyền hơn 400 năm."
Hành trình 'điên rồ' làm nên kỳ tích Sơn Đoòng,2025-09-05 11:28:00,Câu chuyện du lịch,"Từ một ý tưởng từng bị xem là viển vông, ông Nguyễn Châu Á - nhà sáng lập Công ty Oxalis đã biến giấc mơ khám phá hang động thành hiện thực. Sơn Đoòng, hang động lớn nhất thế giới, không chỉ đưa Phong Nha - Kẻ Bàng ra bản đồ du lịch toàn cầu mà còn thay đổi cuộc sống của hàng ngàn người dân quê hương Quảng Bình."
Khoảnh khắc du thuyền triệu đô vừa hạ thủy đã chìm xuống biển,2025-09-05 08:33:00,Tin tức - Sự kiện,"Du thuyền trị giá hơn 1 triệu USD, tương đương 25 tỉ đồng, vừa hạ thủy đã chìm ngoài khơi bờ biển Thổ Nhĩ Kỳ, buộc toàn bộ khách phải nhảy xuống nước."
"Du lịch thắng lớn, tiêu dùng hưởng lợi",2025-09-05 05:33:00,Tin tức - Sự kiện,"Không chỉ giúp ngành du lịch mang về doanh số khủng, du lịch dịp lễ 2.9 còn kích hoạt tiêu dùng nội địa nhờ nhu cầu ăn uống, mua sắm, đi lại... tăng mạnh."
Tranh dân gian mộc bản Việt thu hút khách nước ngoài,2025-09-04 18:13:00,Câu chuyện du lịch,"Lần đầu tiên xuất hiện tại hai sự kiện du lịch quốc tế hàng đầu khu vực diễn ra ngày 3 và 4.9 tại TP.HCM, nhóm nghệ sĩ và nhà sưu tầm tranh dân gian mộc bản đã nhanh chóng tạo được dấu ấn, thu hút sự quan tâm từ công chúng và đặc biệt là khách quốc tế."
"Vì sao Malaysia ""chơi lớn"" tại Hội chợ Du lịch quốc tế TP.HCM?",2025-09-04 16:49:00,Tin tức - Sự kiện,"Malaysia ""chơi lớn"" với gian hàng 250m², lớn nhất tại Hội chợ Du lịch quốc tế TP.HCM 2025, thể hiện quyết tâm quảng bá Visit Malaysia 2026 và khẳng định Việt Nam là thị trường trọng điểm trong khu vực."
Sa Pa góp mặt top điểm đến vùng núi hấp dẫn nhất châu Á,2025-09-04 16:23:00,Tin tức - Sự kiện,"Với cảnh sắc Hoàng Liên Sơn hùng vĩ, ruộng bậc thang bạt ngàn cùng văn hóa bản địa độc đáo, Sa Pa được Agoda xếp hạng trong nhóm điểm đến vùng núi đáng trải nghiệm nhất châu Á."
Siêu du thuyền lớn nhất thế giới vừa ra khơi có giá phòng 150 triệu đồng/đêm,2025-09-04 12:13:00,Khám phá,"Siêu du thuyền lớn nhất thế giới vừa khởi hành chuyến đầu tiên vào chủ nhật vừa qua tại cảng Canaveral, Florida, Mỹ."
"Bỏ phố về rừng, cặp vợ chồng xây khu làng chữa lành giữa rừng thông",2025-09-04 11:24:00,"Chơi gì, ăn đâu, đi thế nào?","Dịp lễ 2.9, tôi theo chân bạn bè lên Bảo Lộc và bất ngờ dừng chân tại ngôi làng chữa lành do đôi vợ chồng 8X dựng nên giữa rừng thông, sau biến cố cuộc đời."
Ngắm những bức ảnh động vật hoang dã hài hước trong cuộc thi thế giới,2025-09-04 08:19:00,Khám phá,"Khiếu hài hước là cảm xúc đặc biệt của con người, nhưng những bức ảnh mới được công bố từ Giải thưởng Nhiếp ảnh động vật hoang dã hài hước (Comedy Wildlife Photography Awards) có thể khiến chúng ta suy nghĩ lại."
Đà Nẵng khởi công chuỗi khách sạn 750 tỉ đồng trên cung đường di sản,2025-09-03 20:02:00,Tin tức - Sự kiện,"Tập đoàn FVG tổ chức khởi công dự án khách sạn Fivitel Nam Hội An và Resort Fivires thuộc Khu đô thị du lịch Nam Hội An ở TP.Đà Nẵng, với kinh phí gần 750 tỉ đồng."
Gần 10.000 người xem diễu binh trong rạp chiếu phim,2025-09-03 17:53:00,Tin tức - Sự kiện,"Sáng 2.9, gần 10.000 khán giả trên cả nước đã cùng hòa mình trong bầu không khí trang trọng khi lần đầu tiên Lễ diễu binh, diễu hành kỷ niệm 80 năm Cách mạng Tháng Tám và Quốc khánh 2.9 được truyền hình trực tiếp trên màn ảnh rộng tại hệ thống rạp phim hiện đại."
Nhiều hành khách mắc bệnh bí ẩn trên 'chuyến bay địa ngục',2025-09-03 10:34:00,Câu chuyện du lịch,"Hành khách trên chuyến bay của British Airways vô cùng ""hoang mang"" vì nhiều người và cả thành viên phi hành đoàn đổ bệnh."
Cấp giấy chứng nhận Hợp tác xã cho dịch vụ xe ngựa Đà Lạt,2025-09-02 16:35:00,Câu chuyện du lịch,"Phòng Kinh tế, hạ tầng và đô thị P.Xuân Hương - Đà Lạt (Lâm Đồng) vừa cấp giấy chứng nhận đăng ký hợp tác xã cho Hợp tác xã dịch vụ xe ngựa Đà Lạt."
Bảo tàng Hải dương học mở cửa miễn phí khu trưng bày 'Đại dương kỳ bí',2025-09-02 12:14:00,Tin tức - Sự kiện,"Bảo tàng Hải dương học Nha Trang (Khánh Hòa) chính thức ra mắt khu trưng bày 'Đại dương kỳ bí' với hành trình khám phá từ mặt biển đến độ sâu 6.000 m. Khu trưng bày mở cửa miễn phí trong 2 tuần đầu, hứa hẹn trở thành điểm đến hấp dẫn cho du khách yêu thích khoa học biển."
5 lý do khách quốc tế không bao giờ chán khi du lịch Việt Nam,2025-09-02 08:19:00,Câu chuyện du lịch,"Với cảnh quan đa dạng, lịch sử hấp dẫn và nhiều thắng cảnh ngoạn mục, Việt Nam quả thực là thiên đường của du khách."
Độc đáo 'massage vịt' ở xứ cồn miền Tây,2025-09-01 12:29:00,Du lịch,"Về miền Tây, du khách có thể đặt chân ở cồn Sơn (P.Bình Thủy, TP.Cần Thơ) để trải nghiệm thú vị với dịch vụ ""massage vịt""."
Tạp chí Mỹ gợi ý 9 điều tuyệt nhất du khách nên làm ở Hà Nội,2025-09-01 08:08:00,Khám phá,"Hà Nội vô cùng quyến rũ và không bao giờ nhàm chán. Những đền chùa cổ kính nằm san sát bên các tòa nhà mới sáng bóng. Và bởi vì cuộc sống đô thị dường như diễn ra trên vỉa hè, nên du khách có thể trực tiếp cảm nhận được những thói quen và con người đặc trưng của thành phố."
Mũi Né chật cứng du khách những ngày trước lễ Quốc khánh,2025-08-31 19:54:00,Tin tức - Sự kiện,Lượng khách đăng ký đến vui chơi nghỉ dưỡng ở Khu du lịch quốc gia Mũi Né trước ngày Quốc khánh chật cứng.
Việt Nam trong top 10 đất nước hòa bình nhất châu Á,2025-08-31 11:49:00,Tin tức - Sự kiện,"Chỉ số Hòa bình toàn cầu (Global Peace Index) vừa được công bố cho thấy, Việt Nam trong top 10 đất nước/vùng lãnh thổ hòa bình nhất châu Á - Thái Bình Dương và đứng top 3 ở Đông Nam Á."
Sức hút của du lịch Việt Nam từ những chiến trường xưa,2025-08-31 08:28:00,Câu chuyện du lịch,"Chiến tranh đã lùi xa, nhưng sức hút của du lịch Việt Nam từ những chiến trường xưa vẫn còn sâu đậm với du khách quốc tế."
Khám phá nhà thờ trăm tuổi có tháp chuông cao nhất miền Tây,2025-08-30 11:54:00,Khám phá,"Qua gần 100 năm xây dựng, nhà thờ Cái Bè vẫn giữ được vẻ đẹp độc đáo của lối kiến trúc Roman và là điểm nhấn du lịch ở Cái Bè."
Báo Mỹ ca ngợi những kiến trúc độc lạ ở Việt Nam,2025-08-30 08:01:00,Khám phá,"Mỗi tháng 10, khi dòng sông chảy qua Điện Phương (thuộc Điện Bàn, Quảng Nam cũ) dâng cao vì nước mưa, công nhân trong xưởng gốm lại dừng việc, di chuyển dụng cụ và đồ dùng, và chỉ quay lại khi nước rút."
Saigontourist Group tham gia các hoạt động kỷ niệm 80 năm Ngày Quốc khánh Việt Nam,2025-08-29 15:00:00,Du lịch,"Tổng Công ty Du lịch Sài Gòn (Saigontourist Group) vinh dự đồng hành cùng Thành phố Hồ Chí Minh tham gia các hoạt động triển lãm thành tựu kinh tế - xã hội nhân dịp kỷ niệm 80 năm Quốc khánh nước Cộng hòa Xã hội Chủ nghĩa Việt Nam (2.9.1945 - 2.9.2025) (tên gọi ý nghĩa, ngắn gọn cho sự kiện đặc biệt này là A80)."
"Du thuyền chở hơn 5.000 người nghiêng, ngập nước trong mưa lớn",2025-08-29 09:09:00,Tin tức - Sự kiện,"Bị gió mạnh và mưa lớn tấn công, du thuyền Carnival Panorama bị ngập nước và nghiêng sang một bên."
"Vượt qua Thái Lan, Việt Nam là lựa chọn số 1 cho du lịch biển ở khu vực",2025-08-28 12:31:00,Tin tức - Sự kiện,Các kết quả khảo sát khác cũng phản ánh mối quan ngại sâu sắc hơn về triển vọng du lịch không mấy sáng sủa của Thái Lan.
Độc đáo đình cổ được 'ôm ấp' bởi 2 cây bồ đề trăm tuổi ở Đồng Tháp,2025-08-28 10:14:00,Khám phá,"Hai cây bồ đề buông rễ ôm trọn cột kèo đã tạo nên nét riêng độc đáo cho ngôi đình cổ Tân Đông (xã Tân Đông, Đồng Tháp)."
Saigontourist Group: Nửa thế kỷ vươn mình cùng đất nước,2025-08-28 09:30:00,Du lịch,"Ngày 1.8.2025 đánh dấu cột mốc vàng son - kỷ niệm 50 năm thành lập Tổng công ty Du lịch Sài Gòn (Saigontourist Group). Nửa thế kỷ trôi qua, từ những viên gạch đầu tiên đặt nền móng, Saigontourist Group đã không ngừng lớn mạnh, vươn mình trở thành một trong những tập đoàn du lịch hàng đầu Việt Nam, ghi dấu ấn sâu đậm trong sự nghiệp phát triển, đi lên của ngành du lịch TP.HCM và cả nước."
Du khách đánh nhau hỗn loạn trên siêu du thuyền,2025-08-28 08:41:00,Tin tức - Sự kiện,"Đoạn video gây sốc ghi lại khoảnh khắc đánh nhau dữ dội trên siêu du thuyền giữa những du khách, được cho xuất phát từ... món gà rán."
Ngắm những bức ảnh động vật hoang dã ấn tượng từ cuộc thi nhiếp ảnh thế giới,2025-08-27 11:04:00,Khám phá,"Bảo tàng Lịch sử Tự nhiên London, Anh, đơn vị tổ chức cuộc thi nhiếp ảnh động vật hoang dã thường niên này, cho biết năm nay đã nhận được kỷ lục 60.636 bức ảnh dự thi từ các nhiếp ảnh gia trên khắp thế giới."
'Khối yêu nước' ra Thủ đô dự đại lễ trên những chuyến bay siêu đặc biệt,2025-08-27 10:50:00,Tin tức - Sự kiện,"Trên những chuyến bay đặc biệt, hành khách sẽ được tận hưởng không gian được khoác lên sắc màu lễ hội, khơi gợi niềm tự hào về ngày Tuyên ngôn Độc lập 2.9.1945."
'Thì thầm mùa thu' mời gọi khám phá vẻ đẹp Cô Tô,2025-08-27 10:48:00,Du lịch,"Để góp phần quảng bá hình ảnh du lịch Cô Tô và thu hút du khách, UBND đặc khu Cô Tô (Quảng Ninh) xây dựng kế hoạch tổ chức hàng loạt các chương trình, sự kiện hấp dẫn, tạo điểm nhấn mùa thu năm nay."
Booking.com có Giám đốc quốc gia mới tại Việt Nam,2025-08-27 10:47:00,Tin tức - Sự kiện,"Booking.com vừa bổ nhiệm ông Branavan Aruljothi làm Giám đốc quốc gia tại Việt Nam, phụ trách chiến lược và tăng trưởng, đánh dấu cam kết dài hạn của hãng du lịch trực tuyến hàng đầu thế giới tại thị trường Mekong."
"Du lịch lập kỷ lục, thu về 23,4 tỉ USD nhờ đâu?",2025-08-27 10:45:00,Tin tức - Sự kiện,"Bảy tháng đầu năm 2025, du lịch Việt Nam đón hơn 12,2 triệu lượt khách quốc tế và 93 triệu lượt khách nội địa, đạt doanh thu 616.000 tỉ đồng, khẳng định vị thế điểm đến hàng đầu Đông Nam Á."
Từ Boston về TP.HCM: Chuyện tình 7 năm và giấc mơ nâng tầm ẩm thực Việt,2025-08-26 14:09:00,Câu chuyện du lịch,"Gặp nhau nơi giảng đường năm cuối đại học ở Boston (Mỹ), Jon (Dương Đỗ, 1997) và Jen (Nga, 1998) đã cùng viết nên một chuyện tình kéo dài 7 năm, từ yêu nhau qua những bữa cơm Việt ở xứ người, đến trở về quê hương và cùng mở một nhà hàng giữa lòng TP.HCM."
"Nghỉ lễ 80 năm Quốc khánh: Hà Nội hút khách, tour ngắn ngày lên ngôi",2025-08-26 10:29:00,"Chơi gì, ăn đâu, đi thế nào?","Kỳ nghỉ 4 ngày dịp lễ lớn nhất năm nay mở ra xu hướng du lịch đa dạng, từ hòa mình vào bầu không khí đại lễ ở thủ đô cho đến những chuyến đi ngắn ngày về miền biển, miền núi."
Tranh cãi khi hãng hàng không buộc khách ngoại cỡ phải mua thêm ghế ngồi,2025-08-26 10:05:00,Tin tức - Sự kiện,Hãng hàng không Mỹ Southwest Airlines đưa ra chính sách mới khi yêu cầu hành khách ngoại cỡ phải trả trước tiền cho một ghế phụ nếu họ không thể ngồi vừa tay vịn của một ghế.
"Về Lộc Yên, ngôi làng bình yên trong top 4 làng cổ đẹp nhất Việt Nam",2025-08-26 10:00:00,Khám phá,"Giữa vùng đất Tiên Phước (Quảng Nam cũ), làng cổ Lộc Yên hiện lên như một bức tranh trầm mặc, mộc mạc nhưng quyến rũ."
Việt Nam trong top 5 điểm đến du lịch tăng trưởng nhanh nhất thế giới,2025-08-26 08:28:00,Tin tức - Sự kiện,Dữ liệu thống kê du lịch toàn cầu mới công bố của Tổ chức Du lịch thế giới Liên Hiệp Quốc (UNTWO) tiết lộ nhiều con số thú vị.
Ngày đầu tháng Vu Lan: Rủ nhau đi ăn chay cho lòng an yên,2025-08-24 16:07:00,"Chơi gì, ăn đâu, đi thế nào?","Tháng Vu Lan về, nhiều người dân TP.HCM chọn ăn chay để khởi đầu tháng mới. Giữa phố thị ồn ào, một bữa cơm chay giản dị cũng đủ mang lại sự bình an và gắn kết."
"Khách tố pizza có ruồi, nhà hàng gắp bỏ hâm nóng 'diệt vi trùng' bán tiếp",2025-08-24 15:54:00,Câu chuyện du lịch,"Một nữ food reviewer ở TP.HCM phản ánh với Thanh Niên việc phát hiện ruồi trong pizza tại nhà hàng Margheri (Q.7 cũ). Đáng nói khi phát hiện, nhà hàng chỉ gắp bỏ ruồi, hâm nóng lại rồi mang ra cho khách."
Máy bay chở khách có thể bay qua cơn bão được không?,2025-08-24 08:55:00,Câu chuyện du lịch,Liệu máy bay thương mại có thể bay qua bão mà vẫn tránh được đường đi của bão?
Từ ngày 25.8 sẽ thu phí tham quan vịnh Nha Trang,2025-08-23 14:57:00,Tin tức - Sự kiện,"Khánh Hòa vừa ban hành quy định mức thu phí tham quan danh lam thắng cảnh vịnh Nha Trang với 6 tuyến đảo, mức phí từ 6.000 - 40.000 đồng/người/lượt, có hiệu lực từ ngày 25.8."
Việt Nam có tiềm năng trở thành điểm đến cho các đám cưới của giới thượng lưu,2025-08-23 14:26:00,Tin tức - Sự kiện,"Sự bùng nổ nhu cầu cá nhân hóa, kết hợp với lợi thế cảnh quan và dịch vụ nghỉ dưỡng cao cấp, đang đưa Việt Nam trở thành điểm đến cưới hấp dẫn của giới thượng lưu trong và ngoài nước."
Hàn Quốc cân nhắc miễn visa cho người Việt,2025-08-23 14:15:00,Tin tức - Sự kiện,Đó là thông tin được  đại diện Tổng lãnh sự quán Hàn Quốc tại TP.HCM đưa ra tại tọa đàm chính sách visa sáng 23.8 tại TP.HCM.
An ninh đặc nhiệm tuần tra nhà ga T3 - Tân Sơn Nhất,2025-08-23 08:32:00,Tin tức - Sự kiện,Các đơn vị an ninh đặc nhiệm được điều động tăng cường tần suất kiểm tra ngẫu nhiên tại nhà ga T3 - Cảng Hàng không quốc tế (HKQT) Tân Sơn Nhất từ nay đến cao điểm lễ 2.9.
"Vé máy bay, tàu xe 'nóng' cùng đại lễ",2025-08-23 06:13:00,Tin tức - Sự kiện,"Vừa trải qua mùa cao điểm du lịch lớn nhất năm, vé máy bay, tàu, xe vẫn tiếp tục ""nóng hầm hập"", hòa chung không khí đón đại lễ 80 năm Quốc khánh."
"Ăn trong nến, nghe truyện cổ tích Việt: Trải nghiệm ẩm thực độc đáo ở TP.HCM",2025-08-22 15:52:00,"Chơi gì, ăn đâu, đi thế nào?","Bước vào nhà hàng, thực khách được chào đón trong không gian chỉ còn ánh sáng lập lòe của những ngọn nến. Cách khởi đầu này gợi nhớ tuổi thơ ""mất điện"", cả gia đình quây quần bên ánh nến, gợi lên một ký ức bình dị mà ai cũng từng trải qua."
Bên trong nhà tắm xa hoa 1.700 năm tuổi còn nguyên vẹn,2025-08-22 15:33:00,Khám phá,Các nhà khảo cổ học vừa khai quật một nhà tắm La Mã xa hoa thời cổ đại ở Thổ Nhĩ Kỳ.
Đưa vào vận hành kỹ thuật Hue Plaza - điểm đến mới tại Huế,2025-08-22 15:06:00,Du lịch,"Nằm ngay vị trí 'đất vàng' của TP.Huế, sau thời gian nỗ lực đầu tư xây dựng, Hue Plaza của Tập đoàn Vietravel đã đưa vào vận hành kỹ thuật, đánh dấu giai đoạn hoàn tất xây dựng và vận hành kỹ thuật, sẵn sàng trở thành điểm nhấn mới cho du lịch cố đô."
"Khách Nga ùn ùn quay lại, du lịch Khánh Hòa thắng đậm",2025-08-22 15:05:00,Tin tức - Sự kiện,"Du lịch Khánh Hòa ghi nhận mùa hè thành công rực rỡ với doanh thu 8 tháng đầu năm ước đạt gần 50.586 tỉ đồng, trong đó việc đa dạng hóa sản phẩm từ trải nghiệm văn hóa đến du thuyền cao cấp đang tạo nên những đột phá mới."
Kỳ bí 'động đá' đồi Cổ Thạch trăm năm tuổi,2025-08-22 09:54:00,Khám phá,"Tại xã Tuy An Đông, Đắk Lắk (xã An Ninh Đông, H.Tuy An, Phú Yên cũ), có một nơi lưu trữ những văn hóa đá trăm năm qua, người dân gọi nơi đây là 'động đá' hay còn tên gọi khác là đồi Cổ Thạch, với nhiều kiến trúc được làm bằng đá độc đáo."
"Thêm Vietravel Airlines 'dọn về' T3, nhà ga cũ Tân Sơn Nhất chỉ còn 1 hãng bay",2025-08-21 15:54:00,Tin tức - Sự kiện,"Vietravel Airlines vừa tổ chức thành công sự kiện đánh dấu việc chuyển toàn bộ các chuyến bay nội địa sang khai thác tại nhà ga T3 - sân bay Tân Sơn Nhất. Như vậy, đến nay đã có 4/5 hãng hàng không Việt Nam 'dọn nhà' hoàn toàn sang nhà ga mới."
"Xem trực tiếp lễ diễu binh, diễu hành đại lễ A80 miễn phí ở rạp chiếu phim",2025-08-21 14:26:00,Tin tức - Sự kiện,"Lần đầu tiên, khán giả cả nước có cơ hội xem trực tiếp Lễ kỷ niệm 80 năm Cách mạng Tháng Tám và Quốc khánh 2.9 trên màn ảnh rộng, hoàn toàn miễn phí tại các cụm rạp chiếu phim."
Hai hãng hàng không bị kiện vì bán 'ghế cửa sổ' nhưng không có cửa sổ,2025-08-21 08:42:00,Tin tức - Sự kiện,"Các khiếu nại, được đệ trình vào ngày 19 tháng 8, cáo buộc các hãng hàng không này có hành vi kinh doanh lừa đảo và quảng cáo sai sự thật."
Thái Lan tặng 200.000 vé máy bay miễn phí cho du khách nước ngoài,2025-08-20 16:35:00,Tin tức - Sự kiện,Bộ Du lịch và Thể thao Thái Lan dự kiến tặng vé máy bay nội địa hoàn toàn miễn phí cho 200.000 du khách nước ngoài để thúc đẩy du lịch trên toàn quốc trong ba tháng.
Đạp vịt trên hồ Xuân Hương hoạt động trở lại sau gần 1 năm tạm dừng,2025-08-20 16:33:00,Tin tức - Sự kiện,UBND P.Xuân Hương - Đà Lạt thống nhất với Sở Nông nghiệp - Môi trường cho phép dịch vụ đạp vịt (pedalo) trên hồ Xuân Hương hoạt động trở lại sau gần 1 năm bị tạm dừng.
Cung đường ở Việt Nam vào danh sách đẹp nhất thế giới,2025-08-20 11:29:00,Khám phá,Những hành trình đáng nhớ nhất trên thế giới không phải lúc nào cũng bằng máy bay hay tàu hỏa. Nhiều cuộc phiêu lưu tuyệt vời diễn ra trên những cung đường rộng mở.
"Sun PhuQuoc Airways đón cùng lúc 2 tàu Airbus A321CEO, 'thần tốc' hoàn thiện đội bay",2025-08-19 18:21:00,Tin tức - Sự kiện,"Sáng 19.8, Sun PhuQuoc Airways (SPA) - hãng hàng không do Tập đoàn Sun Group đầu tư và phát triển - đã đón đồng thời 2 tàu bay Airbus A321CEO tại Cảng hàng không Quốc tế Nội Bài - Hà Nội, tiến nhanh hơn đến cột mốc hoàn thiện đội 8 tàu bay trong năm nay để cất cánh chuyến bay thương mại đầu tiên dự kiến vào tháng 11."
TP.HCM tung e-voucher hơn 4 tỉ đồng để kích cầu du lịch từ nay đến cuối năm,2025-08-19 13:08:00,Du lịch,Sở Du lịch TP.HCM tung e-voucher hơn 4 tỉ đồng để kích cầu du lịch từ nay đến cuối năm 2025 cho khách đặt vé máy bay và phòng khách sạn trên Traveloka.
Cặp sân bay ở Việt Nam vào top 5 đông khách nhất thế giới,2025-08-19 11:08:00,Tin tức - Sự kiện,"Hiệp hội Vận tải Hàng không quốc tế (IATA) vừa công bố báo cáo thống kê hàng không thế giới năm 2024 với rất nhiều thông tin thú vị, như 10 cặp sân bay đông khách nhất đều nằm ở châu Á - Thái Bình Dương..."
Bamboo Airways 'chuyển nhà' sang T3 đúng ngày sinh nhật 7 tuổi,2025-08-19 08:48:00,Tin tức - Sự kiện,"Sáng 18.8, tại sân bay quốc tế Tân Sơn Nhất, Bamboo Airways đã tổ chức thành công sự kiện đánh dấu việc hãng chính thức khai thác các chuyến bay nội địa tại T3 - nhà ga nội địa quy mô và hiện đại bậc nhất cả nước."
Báo Mỹ gợi ý 8 di tích chiến tranh du khách nên thăm khi đến Việt Nam,2025-08-19 08:39:00,Khám phá,"Tờ National Geographic danh tiếng của Mỹ gợi ý 8 di tích chiến tranh và cho rằng, đây là những nơi du khách nên tới thăm khi đến Việt Nam."
Báo Thái Lan xếp món này của Việt Nam bổ dưỡng và ngon nhất khu vực,2025-08-18 11:38:00,"Chơi gì, ăn đâu, đi thế nào?","Tờ báo lâu đời hàng đầu Thái Lan The Nation chọn bốn món ăn bổ dưỡng và thơm ngon nhất Đông Nam Á, với món phở Việt Nam xếp số 1."
"Hàng không tăng thêm trăm ngàn vé, 'đua' khuyến mãi dịp đại lễ 2.9",2025-08-18 10:55:00,Tin tức - Sự kiện,"Nhu cầu đi lại dịp Quốc khánh 2.9 dự báo sẽ tăng mạnh, các hãng hàng không đã chủ động thuê thêm máy bay, tăng cường hàng ngàn chuyến bay với nhiều chương trình khuyến mãi hấp dẫn."
Saigontourist Group vinh dự nhận nhiều giải thưởng tại Diễn đàn Kinh tế ASEAN 2025,2025-08-18 10:00:00,Du lịch,"Tại Diễn đàn Kinh tế ASEAN 2025 diễn ra ở Singapore vào ngày 16.8.2025, Tổng công ty Du lịch Sài Gòn (Saigontourist Group) đã vinh dự được trao tặng bộ năm giải thưởng uy tín: ba Giải thưởng 'Top 10 Thương hiệu tăng trưởng Xanh ASEAN 2025' và hai giải thưởng 'Nhà Lãnh đạo xuất sắc ASEAN 2025' dành cho ông Phạm Huy Bình và ông Trương Đức Hùng - hai lãnh đạo cấp cao của tập đoàn."
Tận hưởng kỳ nghỉ lễ 2.9 đẳng cấp tại Malibu Hotel Vũng Tàu,2025-08-18 08:00:00,Du lịch,"Quốc khánh 2.9 sắp đến chính là thời điểm lý tưởng để các bạn gác lại mọi lo toan, tìm về một kỳ nghỉ hoàn hảo, kết hợp giữa sự sang trọng của khách sạn 5 sao và tinh hoa ẩm thực phong phú. Malibu Hotel Vũng Tàu chính là điểm đến không thể bỏ lỡ."
"Bên trong chuyến bay ngắn nhất thế giới, chỉ trong vòng 53 giây",2025-08-17 07:56:00,Khám phá,"Hành trình từ Westray đến Papa Westray, thuộc Scotland, chỉ dài 1,7 dặm (2,7 km), ngắn hơn rất nhiều đường băng ở các sân bay thương mại."
Mở luồng visa kép hút du khách và nhà đầu tư,2025-08-17 06:36:00,Du lịch,"Việt Nam đang có công cụ kép: visa du lịch mở rộng để hút khách cao cấp và visa đặc biệt để hút nhà đầu tư, chuyên gia, tạo hiệu ứng cộng hưởng giữa du lịch và kinh tế - đầu tư, đóng góp mạnh mẽ vào tăng trưởng kinh tế chung của đất nước."
Bát nháo xe điện du lịch ở phố cổ Hội An: CSGT đồng loạt kiểm tra,2025-08-16 12:43:00,Du lịch,"Sau phản ánh 'Bát nháo xe điện du lịch ở phố cổ Hội An' của Báo Thanh Niên, lực lượng CSGT Công an TP.Đà Nẵng đồng loạt kiểm tra các xe điện hoạt động trong phố cổ Hội An và xử lý hàng chục trường hợp vi phạm."
10 món ăn có mùi hôi nhất thế giới nhưng lại là đặc sản khó cưỡng,2025-08-16 08:46:00,Khám phá,"Có những món ăn, chỉ cần nghe mùi đã là thử thách cực đại với nhiều người nhưng với không ít người khác, lại là đặc sản không thể cưỡng lại."
Ra mắt nền tảng dữ liệu du lịch quốc gia,2025-08-15 19:48:00,Du lịch,"Nền tảng dữ liệu du lịch quốc gia Visit Vietnam do Cục Du lịch quốc gia Việt Nam, Hiệp hội Dữ liệu quốc gia (NDA) và các đối tác chiến lược phối hợp triển khai, được kỳ vọng sẽ trở thành cú hích lớn cho quá trình chuyển đổi số ngành du lịch."
Vietnam Airlines chuyển nốt những đường bay nội địa cuối cùng sang nhà ga T3,2025-08-15 19:05:00,Tin tức - Sự kiện,"Từ 00 giờ 01 phút ngày 19.8, toàn bộ các chuyến bay nội địa của Vietnam Airlines Group (gồm Vietnam Airlines, Pacific Airlines và Vasco) sẽ được khai thác tại nhà ga T3, sân bay Tân Sơn Nhất."
Thưởng thức ẩm thực Indonesia tại Sài Gòn,2025-08-15 13:00:00,Tin tức - Sự kiện,"Từ nay đến ngày 20.8, thực khách có thể thưởng thức món ngon Indonesia do đầu bếp 5 sao thuộc khách sạn Sheraton Grand Jakarta Gandaria City (Indonesia) chế biến."
'Du lịch Thái Lan đang suy yếu do cạnh tranh gay gắt từ Việt Nam',2025-08-15 11:28:00,Câu chuyện du lịch,"Bài báo trên Bangkok Post nhận định, du lịch Thái Lan đang suy yếu do cạnh tranh gay gắt từ Việt Nam và cả chương trình trợ cấp, quảng bá trong nước không hiệu quả cũng như cải thiện điểm đến an toàn chưa tới nơi tới chốn."
Hành khách hoảng loạn khi máy bay 'rơi tự do' hơn 8.000m,2025-08-15 09:24:00,Tin tức - Sự kiện,"Hành khách hoảng loạn khi mặt nạ dưỡng khí bung ra khi máy bay đột ngột ""rơi tự do"" bởi mất áp suất cabin."
Malaysia tung ưu đãi thu hút du khách Việt,2025-08-14 19:18:00,Tin tức - Sự kiện,"Với chiến dịch Visit Malaysia 2026, ngành du lịch Malaysia xác định Việt Nam là thị trường trọng điểm tại ASEAN, không chỉ vì lượng khách tăng mạnh mà còn bởi sự tương đồng văn hóa và nhu cầu trải nghiệm."
Có gì ở 'siêu tuần lễ' hút hàng ngàn khách du lịch quốc tế tới TP.HCM?,2025-08-14 11:26:00,Tin tức - Sự kiện,"Từ ngày 4 đến 6.9.2025, TP.HCM lần đầu tiên tổ chức đồng thời 4 sự kiện quốc tế lớn, tạo thành ""siêu tuần lễ"" du lịch - thương mại - đầu tư với quy mô chưa từng có."
Du khách nước ngoài đến Mỹ liên tiếp giảm mạnh,2025-08-14 08:48:00,Tin tức - Sự kiện,Lượng khách nước ngoài đến Mỹ lại một lần nữa giảm mạnh với hàng loạt đợt giảm hàng tháng do các biện pháp hạn chế nghiêm ngặt của chính quyền Tổng thống Donald Trump đối với du lịch và thuế quan.
Khoảnh khắc du khách bị voi rượt đuổi và giẫm đạp kinh hoàng,2025-08-13 08:37:00,Tin tức - Sự kiện,Con voi trưởng thành đuổi theo và giẫm đạp du khách sau khi anh này cố gắng chụp ảnh tự sướng với con vật.
Bát nháo xe điện du lịch ở phố cổ Hội An,2025-08-13 05:27:00,Câu chuyện du lịch,"Nhiều tài xế vẫn phớt lờ quy định về lưu thông, đậu đỗ khiến người dân địa phương và du khách bức xúc. Tình trạng bát nháo xe điện du lịch tại phố cổ Hội An (TP.Đà Nẵng) đang trở thành vấn đề nhức nhối."
"Đà Nẵng có thêm khu du lịch sinh thái, mạo hiểm rộng 339 ha ở phía tây",2025-08-12 20:39:00,Du lịch,"Khu du lịch sinh thái được quy hoạch dọc theo tuyến QL14G với diện tích rộng 339 ha, nằm ở phía tây TP.Đà Nẵng."
'Phượt thủ' U70 vẫn miệt mài chinh phục khắp Việt Nam,2025-08-12 19:08:00,Du lịch,"Ở tuổi 67, bà Nguyễn Thị Huệ vẫn miệt mài chinh phục khắp Việt Nam, truyền cảm hứng để con gái là travel blogger Nguyễn Lan Uyên tự thiết kế hành trình khám phá hàng chục quốc gia trên thế giới qua Google Maps."
Saigontourist Group phát triển thị trường Hàn Quốc nhân chuyến thăm của Tổng Bí thư Tô Lâm,2025-08-12 17:00:00,Du lịch,"Trong khuôn khổ chuyến thăm cấp nhà nước Hàn Quốc của Tổng Bí thư Tô Lâm và Phu nhân cùng Đoàn đại biểu cấp cao Việt Nam, từ ngày 10 - 13.8.2025, Tổng công ty Du lịch Sài Gòn (Saigontourist Group) triển khai hàng loạt các hoạt động xúc tiến quan trọng nhằm mở rộng và đẩy mạnh phát triển thị trường du lịch tại Hàn Quốc - thị trường khách quốc tế hàng đầu của ngành du lịch Việt"
Vinpearl ký hợp tác với 3 'ông lớn' du lịch Hàn Quốc,2025-08-12 15:56:00,Tin tức - Sự kiện,"Công ty CP Vinpearl vừa ký kết Biên bản ghi nhớ (MoU) với 3 đối tác hàng đầu Hàn Quốc là Hanatour, Marketing Highlands và Công ty TNHH HKG (Tiền thân là Hank Golf)."
"Đổ xô đặt phòng, tham quan Hà Nội dịp Quốc khánh 2.9",2025-08-12 10:42:00,Tin tức - Sự kiện,"Từ 29.8 đến 3.9.2025, Hà Nội dẫn đầu về điểm đến nội địa được tìm kiếm nhiều nhất, vượt qua các địa phương biển vốn luôn hút khách như Đà Nẵng, Nha Trang hay Phú Quốc."
Độc đáo chùa cổ Vĩnh Tràng gần 200 năm tuổi ở Đồng Tháp,2025-08-12 09:07:00,Du lịch,"Được mệnh danh là ngôi chùa lớn nhất Tiền Giang (cũ), chùa Vĩnh Tràng không chỉ là điểm hành hương linh thiêng mà còn là công trình kiến trúc độc đáo, phản ánh sự giao thoa văn hóa Đông - Tây và ghi dấu lịch sử mỹ thuật vùng Nam bộ."
"Không trồng cây nào, nhưng vì sao chuối là đặc sản biểu tượng của Tokyo?",2025-08-12 08:54:00,Khám phá,"Chuối không được trồng ở Tokyo. Nhưng điều đó không ngăn cản chúng trở thành đặc sản, thậm chí là biểu tượng du lịch của thủ đô Nhật Bản."
Thêm 12 nước được miễn thị thực nhập cảnh Việt Nam,2025-08-11 14:20:00,Tin tức - Sự kiện,Chính phủ vừa ban hành Nghị quyết số 229 về việc miễn thị thực theo Chương trình kích cầu phát triển du lịch cho công dân 12 nước.
Du khách Việt Nam quay lưng với điểm đến Thái Lan?,2025-08-11 11:42:00,Tin tức - Sự kiện,"Từ chỗ được du khách Việt Nam cực kỳ ưa chuộng, ngành du lịch Thái Lan đang phải đối mặt với khó khăn trong quá trình thu hút nguồn khách truyền thống này."
"Sun PhuQuoc Airways đón máy bay đầu tiên, kết nối đảo ngọc với thế giới",2025-08-10 17:32:00,Tin tức - Sự kiện,"Sáng nay (10.8), Sun PhuQuoc Airways (SPA) - hãng hàng không do Tập đoàn Sun Group đầu tư và phát triển - chính thức đón tàu bay Airbus A321NX đầu tiên tại Cảng hàng không quốc tế Phú Quốc."
"Quốc gia giàu nhất thế giới, nơi miễn phí hoàn toàn giao thông công cộng",2025-08-10 07:44:00,Khám phá,"Chi phí đi lại ở một quốc gia có thể tăng lên nhanh chóng khi bạn du lịch cùng gia đình. Tuy nhiên, ở quốc gia giàu nhất thế giới và vô cùng xinh đẹp này, du khách không cần phải suy nghĩ nhiều vì giao thông công cộng hoàn toàn miễn phí."
Cận cảnh tàu du lịch chất lượng cao Hà Nội - Đồng Hới,2025-08-09 14:35:00,Tin tức - Sự kiện,"Từ ngày 10.8, tuyến Hà Nội - Đồng Hới (Quảng Trị) đón đoàn tàu du lịch 13 toa chất lượng cao, lần đầu tiên đóng mới hoàn toàn tại Việt Nam, trang bị hiện đại, hứa hẹn mang đến trải nghiệm an toàn, thoải mái trên cung đường sắt đẹp của Việt Nam."
Đà Nẵng đang thiếu gì để phát triển kinh tế đêm?,2025-08-09 10:30:00,Câu chuyện du lịch,"Mặc dù được xem là một trong những địa phương 'mạnh' du lịch nhất Việt Nam, Đà Nẵng vẫn thiếu một mắt xích quan trọng để phát triển kinh tế đêm - đó là những tổ hợp giải trí không ngủ - mô hình thành công ở các điểm du lịch nổi tiếng trên thế giới."
Tây Ninh - vùng đất du lịch hội tụ đa màu sắc văn hóa,2025-08-09 10:06:00,Du lịch,"Tây Ninh đang từng bước chuyển mình mạnh mẽ, vươn lên trở thành điểm đến du lịch đặc sắc, giàu tiềm năng bậc nhất phía Nam."
Du thuyền mất điện chở hơn 2.000 người trôi dạt trên biển,2025-08-09 08:49:00,Câu chuyện du lịch,"Constellation, du thuyền của hãng Celebrity Cruises đã trôi dạt ba giờ ngoài khơi bờ biển Ý sau khi bị mất điện."
TP.HCM giữ cư dân 'tốt nhất thế giới' nhờ đâu?,2025-08-09 04:04:00,Câu chuyện du lịch,"Nhiều người chọn ở lại quê hương để nuôi dưỡng, kết nối tình cảm và trải nghiệm những khoảnh khắc ý nghĩa bên gia đình, trong khi những người có xu hướng chuyển đến nơi ở khác thường là để theo đuổi sự an toàn về tài chính và sức khỏe thể chất thông qua hệ thống y tế phát triển. TP.HCM hội tụ cả hai - vừa ân nghĩa, chân tình, vừa sôi động, hiện đại. Đó là lý do nhiều người con xa xứ tới đây rồi lại chẳng nỡ rời đi."
"Bamboo Airways 'chuyển nhà' sang ga T3, khách đi trễ được đổi vé miễn phí",2025-08-08 15:52:00,Tin tức - Sự kiện,"Đúng dịp sinh nhật Bamboo Airways lần thứ 7 (18.8) và dấu mốc 2 năm hãng thực hiện chương trình tái cấu trúc toàn diện, Bamboo Airways sẽ chính thức chuyển toàn bộ hoạt động khai thác các chuyến bay nội địa đến và đi từ TP.HCM sang nhà ga T3 - Cảng hàng không quốc tế Tân Sơn Nhất."
Thiết kế quà tặng lưu niệm làm 'đại sứ' cho du lịch Xứ Đông,2025-08-08 12:02:00,Du lịch,"TP.Hải Phòng vừa phát động cuộc thi thiết kế quà tặng lưu niệm du lịch, nhằm tạo ra những sản phẩm độc đáo, góp phần nâng tầm thương hiệu du lịch của địa phương."
"Báo Úc khuyên du khách 'quên Bali đi, hãy đến Việt Nam'",2025-08-08 09:00:00,Câu chuyện du lịch,"Bali, Indonesia từ lâu là điểm đến 'ruột' của du khách Úc, nhưng trong bài viết mới đây trên tờ báo hàng đầu nước này news.com.au, nhiều du khách không ngừng chê Bali và hãy hướng đến Việt Nam."
‘Khối nghỉ hưu’ thường thích đi chơi đâu ở Việt Nam?,2025-08-08 07:02:00,"Chơi gì, ăn đâu, đi thế nào?","Từng được gắn với hình ảnh thong dong bên vườn tược hay những kỳ nghỉ an dưỡng đơn thuần, nhưng giờ đây, nhiều người ở độ tuổi nghỉ hưu đang chọn cách phiêu lưu, khám phá và thử những điều họ từng nghĩ là 'quá trẻ để làm'."
Việt Nam ngày càng thu hút khách ngoại,2025-08-08 04:04:00,Du lịch,"Giữa tháng thấp điểm nhất của mùa du lịch, VN vẫn tiếp nối đà kỷ lục đón khách ngoại. Những trải nghiệm độc đáo và đặc sắc đang định vị một thương hiệu du lịch Việt đẳng cấp trên trường quốc tế, kéo khách tới đông hơn, ở lại lâu hơn và chi tiêu nhiều hơn."
"Biến Côn Đảo thành hòn đảo xanh biểu tượng quốc tế, thu hàng trăm tỉ mỗi năm",2025-08-07 17:16:00,Câu chuyện du lịch,"Đặc khu Côn Đảo của TP.HCM được các chuyên gia đánh giá có nhiều dư địa, tiềm năng trở thành 'Hòn đảo di sản carbon thấp đẳng cấp quốc tế'. Để hiện thực hóa được mục tiêu này, các trụ cột chính để chuyển đổi xanh cho đặc khu Côn Đảo bao gồm: giao thông xanh, năng lượng bền vững; kinh tế biển xanh; du lịch chất lượng cao."
Cùng các 'besties' tham gia loạt trải nghiệm siêu hot tại Hong Kong,2025-08-06 17:30:00,Du lịch,"Mùa hè này, hội bạn thân còn chần chờ gì mà chưa 'vững tay lái', cùng nhau phá đảo 'Xứ Cảng Thơm' Hồng Kông với những trải nghiệm độc lạ, phá cách và đầy thử thách."
Chiếc máy bay đen đủi - vừa vận hành 4 tuần đã bị chim đâm vỡ mũi,2025-08-06 12:30:00,Tin tức - Sự kiện,"Một chiếc máy bay chở khách của Hãng hàng không quốc gia Tây Ban Nha Iberia Airlines đã buộc phải hạ cánh khẩn cấp chỉ ít phút sau khi cất cánh từ sân bay Adolfo Suárez Madrid-Barajas, do va chạm với một con chim lớn, khiến phần mũi máy bay bị vỡ và động cơ trái hư hỏng nặng. Đáng chú ý, chiếc máy bay hiện đại vừa mới được đưa vào vận hành 4 tuần."
Khách quốc tế ùn ùn đến Việt Nam ngay mùa thấp điểm,2025-08-06 12:06:00,Tin tức - Sự kiện,"Trong tháng 7, lượng khách quốc tế đến Việt Nam đạt 1,56 triệu lượt, tăng 6,8% so với cùng kỳ năm trước. Tính chung 7 tháng đầu năm, ngành du lịch ghi nhận đón 12,2 triệu lượt khách ngoại, tăng 22,5%."
Khách kể lại giờ phút hoảng loạn trên siêu du thuyền lúc sóng thần,2025-08-06 08:44:00,Câu chuyện du lịch,"Erin Dietrich cùng chồng và 4 con đang du ngoạn trên siêu du thuyền Quantum of the Seas của hãng Royal Caribbean thì tin tức về trận động đất mạnh 8,8 độ richter ngoài khơi bờ biển Nga được lan truyền."
Lần đầu tiên tại Việt Nam: Đi máy bay vẫn lướt mạng 'vèo vèo' trên trời,2025-08-05 18:49:00,Tin tức - Sự kiện,"Hãng hàng không quốc gia Vietnam Airlines chính thức bắt đầu triển khai thử nghiệm dịch vụ kết nối internet trên máy bay từ hôm nay (5.8), mang đến trải nghiệm sử dụng mạng internet trên trời lần đầu tiên tại Việt Nam."
Công viên có Vòng quay Mặt Trời lớn hàng đầu thế giới ở Đà Nẵng tạm dừng đón khách,2025-08-05 18:08:00,Du lịch,"Da Nang Downtown (tên cũ là Công viên Châu Á), nơi có Vòng quay Mặt Trời nổi tiếng, sẽ chính thức dừng đón khách từ ngày 3.9 và 'đón một diện mạo hoàn toàn mới'."
Sân bay Cà Mau tạm ngưng 1 năm để nâng cấp đón máy bay tầm trung,2025-08-05 15:40:00,Tin tức - Sự kiện,"Sân bay Cà Mau sẽ tạm ngưng hoạt động 1 năm để nâng cấp, đón máy bay tầm trung, nâng công suất phục vụ 1 triệu khách mỗi năm."
Vì sao hôm nay 5 tháng 8 là một trong những ngày ngắn nhất lịch sử?,2025-08-05 11:09:00,Câu chuyện du lịch,Một sự thay đổi kỳ lạ trong vòng quay của trái đất đang khiến một ngày của chúng ta ngắn hơn 24 giờ và các nhà khoa học đang tìm hiểu lý do tại sao.
Máy bay phải hạ cánh khẩn vì phi công nói 'toilet' nhưng bị hiểu thành 'pilots',2025-08-05 08:59:00,Tin tức - Sự kiện,Trường hợp hy hữu trên xảy ra trên chuyến bay của hãng hàng không TAP Portugal (TAP) mang số hiệu TP484 khởi hành từ Lisbon (Bồ Đào Nha) đến Nice (Pháp).
Các điểm mua sắm thú vị tại Singapore được giới trẻ săn đón,2025-08-05 08:00:00,Du lịch,"Những trải nghiệm mua sắm mới mẻ tại Singapore đang có sức hút mạnh mẽ với giới trẻ nhờ tính độc đáo của các mặt hàng được bày bán, cùng không khí nhộn nhịp, sôi động, tạo điều kiện để khách tham quan hòa mình vào nhịp sống địa phương."
Thái Lan tìm cách giành lại khách Trung Quốc 'mất vào tay' Việt Nam,2025-08-04 11:12:00,Tin tức - Sự kiện,Ngành du lịch Thái Lan triển khai nhiều chương trình tiếp thị ở Trung Quốc với mục đích quảng bá điểm đến an toàn để giành lại nguồn khách được cho đã mất vào tay Việt Nam.
Giảm giá vé máy bay tất cả chặng nội địa mừng Quốc khánh 2.9,2025-08-04 10:10:00,Tin tức - Sự kiện,"Đây là chương trình vừa được hãng hàng không quốc gia Vietnam Airlines thông báo triển khai nhằm thúc đẩy nhu cầu đi lại, du lịch trong nước, quốc tế nhân dịp đại lễ 80 năm Quốc khánh nước Cộng hòa Xã hội Chủ nghĩa Việt Nam."
"Khách Việt chú ý: Nhật Bản, Hàn Quốc nóng nhất lịch sử",2025-08-03 10:50:00,Tin tức - Sự kiện,"Chính quyền Nhật Bản và Hàn Quốc đã kêu gọi người dân thực hiện các biện pháp phòng ngừa say nắng, trong bối cảnh khu vực này đang phải đối mặt với nhiệt độ kỷ lục và áp lực lên các bệnh viện."
Về Đồng Tháp du lịch và trải nghiệm lấy ngọc trai,2025-08-02 10:27:00,Du lịch,"Sau gần 2 năm hoạt động, vườn sinh thái Hoàng Hảo (Đồng Tháp) trở thành điểm thu khách khách du lịch từ khắp nơi tìm đến tham quan kết hợp trải nghiệm lấy ngọc trai."
Khách sống sót sau tai nạn máy bay tố phi công thiếu kinh nghiệm,2025-08-02 08:45:00,Câu chuyện du lịch,Nữ hành khách sống sót trong vụ tai nạn máy bay của hãng Delta tại Canada vào tháng 2 tố phi công thiếu kinh nghiệm và không được đào tạo bài bản.
"Biến metro thành điểm đến du lịch, thương mại",2025-08-02 06:04:00,Câu chuyện du lịch,"Đề xuất thí điểm mô hình cung ứng hàng hóa, dịch vụ thiết yếu tại các nhà ga thuộc tuyến metro số 1 (Bến Thành - Suối Tiên) được kỳ vọng biến metro số 1 nói riêng và hệ thống metro của TP.HCM nói chung thành điểm đến du lịch, thương mại, đóng góp vào tăng trưởng chung của TP."
Phố biển Quy Nhơn hạn chế tốc độ 30 km/giờ để phát triển du lịch,2025-08-01 21:02:00,Du lịch,Nhiều tuyến đường ven biển Quy Nhơn được cắm biển hạn chế tốc độ 30 km/giờ nhằm đảm bảo an toàn giao thông và phục vụ phát triển du lịch bền vững.
Samsung bất ngờ 'xóa sổ' dòng Galaxy Edge,2025-10-16 16:47:00,Công nghệ,"Theo báo cáo mới nhất đến từ Hàn Quốc, Samsung vừa thông báo quyết định ngừng sản xuất dòng ""Edge"" chỉ sau 5 tháng ra mắt."
FPT Shop khởi động chiến dịch 'X2 sức mạnh' giảm giá loạt laptop gaming và AI,2025-10-16 15:00:00,Công nghệ,"Nhằm mang đến nhiều lựa chọn trong mùa cuối năm, FPT Shop triển khai chiến dịch ""X2 sức mạnh - Gaming đỉnh, AI chất"", giới thiệu loạt laptop Gaming và AI thế hệ mới cùng nhiều ưu đãi giảm giá."
vivo ra mắt nền tảng OriginOS 6 giúp hợp nhất trải nghiệm người dùng toàn cầu,2025-10-16 13:46:00,Công nghệ,"Với triết lý ""More Local, More Global"", vivo vừa cho ra mắt nền tảng OriginOS 6, khẳng định định hướng mang đến trải nghiệm thống nhất giữa người dùng Trung Quốc và thị trường quốc tế, nơi AI, thiết kế và độ mượt trở thành ba trụ cột cốt lõi."
Công viên bờ sông Sài Gòn đăng cai Wild Rounds: SMASH 2025 của LMHT Tốc Chiến,2025-10-16 13:31:00,Game,Công viên bờ sông Sài Gòn (TP.HCM) sẽ có vinh dự trở thành địa điểm đăng cai sự kiện cộng đồng toàn cầu lớn nhất trong năm của tựa game Liên Minh Huyền Thoại Tốc Chiến - Wild Rounds: SMASH 2025.
Schneider Electric vinh danh giải pháp ứng dụng AI để tối ưu năng lượng trong tòa nhà,2025-10-16 13:01:00,Công nghệ,"Schneider Electric vừa tổ chức thành công vòng chung kết cuộc thi Future Impact Challenge 2025 với chủ đề ""AI Applications for Sustainability"" (ứng dụng AI vì tương lai bền vững)."
iPhone 17 Pro Max màu cam bất ngờ biến thành màu vàng hồng,2025-10-16 10:22:00,Công nghệ,"Sau phốt 'Scratchgate' trầy xước, iPhone 17 Pro Max lại dính lỗi nghiêm trọng khi tự động đổi màu."
Kỷ nguyên vàng của smartphone 'không Pro',2025-10-16 10:02:00,Công nghệ,Một điều mà nhiều người đang nhận ra chính là việc chúng ta đang sống trong thời kỳ hoàng kim của những chiếc smartphone không phải Pro.
Logitech được vinh danh 'thương hiệu truyền cảm hứng',2025-10-16 10:00:00,Công nghệ,"Logitech vừa chính thức được xướng tên với hạng mục giải thưởng ""Thương hiệu truyền cảm hứng"" (Inspirational Brand Award) trong khuôn khổ Giải thưởng Doanh nghiệp châu Á - Asia Pacific Enterprise Awards (APEA) năm 2025."
Google công bố Veo 3.1 giúp làm phim bằng AI dễ dàng,2025-10-16 09:50:00,Công nghệ,Google vừa công bố Veo 3.1 - phiên bản nâng cấp của mô hình tạo video AI (trí tuệ nhân tạo) từng gây ấn tượng mạnh tại sự kiện I/O 2025.
"MacBook Pro M5 ra mắt, bản xịn nhất vẫn còn chờ",2025-10-16 09:04:00,Sản phẩm,"Apple vừa công bố phiên bản MacBook Pro cơ bản mới đi kèm chip M5 và màn hình 14 inch, trong khi các bản cao cấp hơn vẫn cần thêm thời gian."
Giao diện YouTube mới tăng trải nghiệm người dùng,2025-10-16 09:01:00,Công nghệ,"Nhóm phát triển ứng dụng YouTube vừa công bố một loạt cập nhật thiết kế cho trình phát video trên các nền tảng Android, iOS, web và TV."
Sức hút hàng chính hãng bùng nổ dịp mua sắm 10.10,2025-10-16 08:00:00,Công nghệ,"Shopee, nền tảng thương mại điện tử (TMĐT) hàng đầu Đông Nam Á và Đài Loan, đã khép lại sự kiện ""10.10 Đại Tiệc Thương Hiệu"", ghi nhận nhu cầu mua sắm hàng chính hãng tăng cao cùng các xu hướng tiêu dùng nổi bật trước thềm lễ hội và mùa thu đông 2025."
Xiaomi 15T Series lập kỷ lục doanh số mới cho Xiaomi Việt Nam,2025-10-16 07:16:00,Công nghệ,"Chính thức mở bán tại Việt Nam từ ngày 13.10, Xiaomi 15T Series ghi nhận mức tăng trưởng kỷ lục của dòng Xiaomi T, tạo lập nền tảng mới cho thương hiệu trong phân khúc cận cao cấp."
Kaspersky: Hệ thống chưa cập nhật bản vá khiến doanh nghiệp Việt dễ bị tấn công mạng,2025-10-16 06:22:00,Công nghệ,"Các hệ thống CNTT (bao gồm máy chủ, thiết bị, phần mềm và mạng) chưa cập nhật bản vá bảo mật có thể được xem như ""một quả bom hẹn giờ"" trong hạ tầng công nghệ của doanh nghiệp."
Apple chính thức công bố iPad Pro M5 với hiệu năng vượt trội,2025-10-15 23:22:00,Sản phẩm,"Không lâu sau khi một YouTuber phô diễn màn mở hộp iPad Pro M5, Apple đã chính thức công bố sản phẩm này."
Hai lệnh giúp tăng tốc máy tính Windows,2025-10-15 20:09:00,Thủ thuật,Máy tính của bạn bỗng dưng ì ạch? Đã đến lúc dùng đến 'vũ khí bí mật' có sẵn trong Windows.
Qualcomm hợp tác đào tạo sở hữu trí tuệ cho sinh viên Việt,2025-10-15 20:01:00,Xu hướng - Chuyển đổi số,Sở hữu trí tuệ được xem là nền tảng và việc đào tạo nhận thức của cộng đồng công nghệ sẽ tạo tiền đề để nâng cao năng lực cho hệ sinh thái khởi nghiệp công nghệ trong nước.
Thủ phạm thực sự đang 'ngốn' pin iPhone,2025-10-15 19:50:00,Thủ thuật,Đây mới là những thủ phạm thực sự đang 'ngốn' pin iPhone của mỗi ngày mà chúng ta ít để ý tới.
LG nâng tầm trải nghiệm sống với giải pháp không khí cao cấp,2025-10-15 15:00:00,Sản phẩm,LG Electronics Việt Nam vừa ra mắt bộ đôi sản phẩm không khí cao cấp: máy lọc không khí LG PuriCare AeroSpeaker và máy hút ẩm LG Dual Inverter Mojave.
Samsung chính thức 'khai tử' Galaxy A52s,2025-10-15 14:25:00,Công nghệ,Huyền thoại tầm trung Galaxy A52s chính thức bị ngừng hỗ trợ cập nhật.
Bí mật mã bản quyền khét tiếng của Windows XP,2025-10-15 14:21:00,Công nghệ,"Dave W. Plummer - kỹ sư huyền thoại đứng sau Task Manager, thư mục ZIP và Windows Product Activation (WPA) - vừa hé lộ câu chuyện đáng nhớ về Windows XP."
Google Search tích hợp công cụ tạo ảnh của Gemini,2025-10-15 14:15:00,Công nghệ,Google đã quyết định mở rộng khả năng hoạt động của mô hình tạo ảnh AI Gemini 2.5 Flash bằng cách tích hợp vào công cụ tìm kiếm của hãng.
"Sau 1 năm, Viettel triển khai được 2.300 trạm phát sóng 5G 'make in Vietnam'",2025-10-15 12:03:00,Công nghệ,"'5G Open RAN Connect 2025' là bước ngoặt quan trọng khẳng định vị thế của Việt Nam trên bản đồ công nghệ 5G toàn cầu, với thông báo triển khai rộng rãi trạm phát sóng 5G 'make in Vietnam'."
CEO OpenAI: 'Con người bắt đầu phụ thuộc AI để làm việc hiệu quả',2025-10-15 10:58:00,Công nghệ,"Sam Altman, CEO của OpenAI cho rằng trí tuệ nhân tạo (AI) đã chuyển mình từ công cụ được mọi người ""chơi đùa"" sang công nghệ mà họ thực sự ""phụ thuộc vào để làm việc hiệu quả"""
Galaxy Z Fold7: Mỏng hơn để làm được nhiều hơn,2025-10-15 10:55:00,Công nghệ,"Không chỉ là mẫu điện thoại gập mỏng nhất của Samsung, Galaxy Z Fold7 còn tối ưu trải nghiệm người dùng nhờ thiết kế linh hoạt, công nghệ AI và khả năng kết nối hệ sinh thái."
Hé lộ 3 cải tiến được iOS 26.1 mang đến iPhone,2025-10-15 10:39:00,Công nghệ,iOS 26.1 beta mới nhất hé lộ 3 tính năng sắp có trên iPhone trong tương lai.
CEO Apple livestream bán iPhone Air ở Trung Quốc,2025-10-15 10:13:00,Công nghệ,"CEO Apple Tim Cook bất ngờ thông báo iPhone Air sẽ được bán tại Trung Quốc từ tuần này, sau khi các rào cản liên quan đến eSIM được giải quyết."
"Trải nghiệm Oppo A6 Pro: bền bỉ, mượt mà và tràn đầy năng lượng",2025-10-15 10:11:00,Sản phẩm,"Với pin 7000mAh, kháng nước IP69 và sạc nhanh 80W, OPPO A6 Pro thể hiện rõ định hướng bền vững và thực dụng của Oppo."
Trải nghiệm camera trên vivo X300 Series: Khi người không chuyên cũng làm 'nhiếp ảnh gia',2025-10-15 10:03:00,Sản phẩm,"Với vivo X300 Series, đặc biệt là X300 Pro, nhiếp ảnh trở nên gần gũi hơn bao giờ hết - không phải vì bạn hiểu về khẩu độ hay tiêu cự, mà vì chiếc điện thoại hiểu ánh sáng và cảm xúc thay cho bạn."
Điều gì giúp Gemini vượt mặt ChatGPT trên thiết bị di động?,2025-10-15 10:02:00,Công nghệ,"Trí tuệ nhân tạo (AI) đang phát triển mạnh mẽ với nhiều ứng dụng phục vụ công chúng, trong đó nổi bật là Gemini của Google và ChatGPT của OpenAI."
CMC đồng hành TP.HCM thúc đẩy chuyển đổi số và đổi mới sáng tạo,2025-10-15 10:00:00,Xu hướng - Chuyển đổi số,"Tại triển lãm ""Sản phẩm công nghệ chiến lược quốc gia"" ở TP.HCM chào mừng Đại hội đại biểu Đảng bộ TP.HCM lần thứ 1 (nhiệm kỳ 2025 - 2030), Tập đoàn công nghệ CMC đã tạo điểm nhấn nổi bật với hệ sinh thái mở C-OpenAI."
"Samsung tiếp tục vượt qua Apple, bất chấp iPhone 17 hút khách",2025-10-15 09:00:00,Công nghệ,Cuộc đua giành ngôi vương trên thị trường smartphone toàn cầu trong quý 3/2025 diễn ra quyết liệt hơn bao giờ hết giữa Samsung và Apple.
Sennheiser cùng PGI trình làng MOMENTUM 4 phiên bản giới hạn 80 năm,2025-10-15 08:00:00,Công nghệ,"Sennheiser cùng Nhà phân phối Phúc Giang PGI vừa trình làng MOMENTUM 4 Wireless phiên bản giới hạn nhân dịp kỷ niệm 80 năm. Hoạt động ra mắt diễn ra trong khuôn khổ triển lãm P.H.E Show 2025, tổ chức ngày 11 – 12.10.2025 tại Khách sạn Saigon Prince (TP.HCM)."
Copilot bổ sung năng lực hỗ trợ người dùng Windows,2025-10-15 07:15:00,Công nghệ,"Microsoft vừa chính thức triển khai bản cập nhật lớn cho Windows, trong đó có sự nâng cấp đáng chú ý đối với Copilot."
Cơn sốt Sora 2 sắp bùng nổ trên Android,2025-10-14 21:00:00,Công nghệ,"Sora 2 chính thức đổ bộ Google Play, nhưng vẫn cần 'vé mời' mới được trải nghiệm."
Tìm ra cách mới để cài đặt Windows 11 không cần mạng,2025-10-14 19:25:00,Thủ thuật,Cách chính thức duy nhất còn sót lại để cài Windows 11 không cần internet và tài khoản Microsoft.
Cách giúp Chrome không còn 'ngốn' RAM,2025-10-14 17:50:00,Thủ thuật,Phát hiện thủ phạm khiến Google Chrome chiếm hết bộ nhớ RAM và đây là cách khắc phục.
VNPT và Qualcomm hợp tác phát triển công nghệ lõi toàn cầu,2025-10-14 17:38:00,Công nghệ,Tập đoàn Bưu chính Viễn thông Việt Nam (VNPT) và Tập đoàn công nghệ hàng đầu của Mỹ Qualcomm đã ra mắt Trung tâm Xuất sắc VNPT - Qualcomm (VQEC).
Cha đẻ TikTok tái xuất với tham vọng 'vườn ươm nhân tài',2025-10-14 16:38:00,Công nghệ,"Zhang Yiming, CEO ByteDance (công ty mẹ của TikTok) bất ngờ xuất hiện tại sự kiện ra mắt Trung tâm Đổi mới Zhichun ở Thượng Hải (Trung Quốc) - nơi sẽ tập trung vào ""tuyển dụng và phát triển nhân tài"" thế hệ tiếp theo."
Lộ bí mật giúp Apple giảm giá iPhone Fold,2025-10-14 14:13:00,Sản phẩm,Chuyên gia phân tích Ming-chi Kuo vừa đưa ra dự đoán về chi phí sản xuất bản lề của iPhone Fold - chiếc smartphone gập đầu tiên của Apple.
Samsung ra mắt smartphone gập tốt hơn cả Galaxy Z Fold7,2025-10-14 13:10:00,Công nghệ,Samsung vừa chính thức giới thiệu phiên bản mới của mẫu smartphone gập Galaxy Z Fold7 mang tên W26 tại Trung Quốc.
Những nâng cấp đáng giá trên camera selfie iPhone 17,2025-10-14 11:04:00,Công nghệ,"Khi Apple công bố dòng iPhone 17, công ty đã thể hiện sự nghiêm túc trong việc nâng cấp các mẫu máy thường và Pro."
Quốc gia không AI sẽ bị bỏ lại phía sau,2025-10-14 10:55:00,Công nghệ,"Tại GITEX Global 2025, các nhà lãnh đạo chính phủ, tập đoàn hàng đầu khẳng định trí tuệ nhân tạo (AI) không còn là lựa chọn công nghệ, mà đã trở thành yếu tố quyết định vị thế và sức mạnh cạnh tranh của một quốc gia."
Nhiều điện thoại Galaxy tầm trung nhận được One UI 8 sớm,2025-10-14 10:43:00,Công nghệ,Loạt máy Galaxy tầm trung bất ngờ nhận cập nhật One UI 8 sớm hơn dự kiến.
Chữ 'C' có ý nghĩa gì trong USB-C,2025-10-14 09:21:00,Công nghệ,"Nếu từng cắm cáp vào điện thoại hoặc máy tính xách tay và tự hỏi tại sao nó lại được gọi là USB-C, bạn không phải là người duy nhất."
vivo X300 Series ra mắt: đưa nhiếp ảnh di động lên tầm chuyên nghiệp,2025-10-14 08:55:00,Công nghệ,"Ra mắt tại Thượng Hải nhân dịp kỷ niệm 30 năm thành lập, vivo X300 Series gây chú ý với hệ thống camera ZEISS 200MP và sức mạnh ""siêu chip kép"" Dimensity 9500 và vivo V3+, tái định nghĩa trải nghiệm nhiếp ảnh trên smartphone."
Vươn mình cùng Gen Z: Tận dụng AI để xây dựng thương hiệu cá nhân khác biệt,2025-10-14 08:00:00,Công nghệ,"Nếu trong lĩnh vực tiếp thị, AI đang trở thành ‘trợ thủ’ để tạo hiệu quả truyền thông, thì với mỗi cá nhân, AI cũng có thể đóng vai trò tương tự, giúp thương hiệu cá nhân rõ ràng, nhất quán và chuyên nghiệp hơn."
Những sản phẩm tân trang không nên mua dù giảm nửa giá,2025-10-14 07:41:00,Công nghệ,"Ngày nay việc săn tìm các sản phẩm tân trang với giá rẻ ngày càng phổ biến, tuy nhiên không phải món hời nào cũng đáng để xuống tiền."
Apple nói lời chia tay Clips sau 8 năm,2025-10-13 20:07:00,Công nghệ,"Apple vừa chính thức xóa ứng dụng Clips, một trình chỉnh sửa video đơn giản dành cho iPhone, khỏi App Store."
Galaxy Z Fold7 đạt chứng nhận hiếm có từ châu Âu,2025-10-13 20:03:00,Công nghệ,"Samsung vừa đạt được một thành tựu đáng chú ý khi Galaxy Z Fold7 được tổ chức Altroconsumo tại Ý chứng nhận là sản phẩm có ""Chất lượng Xuất sắc""."
Apple sắp tung iOS 26.0.2 sửa nhiều lỗi nghiêm trọng trên iPhone,2025-10-13 16:29:00,Công nghệ,Dù iOS 26.0.2 sắp tới không có tính năng mới nhưng lại là bản cập nhật cần thiết cho người dùng iPhone.
Trình duyệt Chrome sắp có chế độ lướt web trong 'yên tĩnh',2025-10-13 14:43:00,Công nghệ,Trình duyệt Chrome chuẩn bị có màn tuyên chiến với vấn nạn 'ô nhiễm thông báo' khi lướt web.
Sony và AMD 'nhá hàng' công nghệ GPU cách mạng cho PlayStation 6,2025-10-13 14:21:00,Game,Sony sẽ mang đến cuộc cách mạng về đồ họa Ray Tracing trên PlayStation 6 và gợi ý về một chiếc PlayStation cầm tay mới.
VNGGames ủng hộ 7 tỉ đồng hỗ trợ người dân các tỉnh phía bắc sau bão lũ,2025-10-13 14:00:00,Game,"Trước tình hình lũ lụt nghiêm trọng tại các tỉnh phía bắc, hưởng ứng lời kêu gọi của Mặt trận Tổ quốc Việt Nam, cộng đồng các sản phẩm thuộc VNGGames đã nhanh chóng quyên góp số tiền 7 tỉ đồng và gửi trực tiếp vào tài khoản của Mặt trận Tổ quốc."
Lalamove ra mắt dịch vụ chở khách tại Hà Nội với đa dạng loại xe,2025-10-13 13:45:00,Công nghệ,"Sau TP.HCM, nền tảng đặt xe theo yêu cầu 24/7 Lalamove tiếp tục mở rộng dịch vụ di chuyển với giá cả phải chăng tại thủ đô Hà Nội."
Chỉ Galaxy S26 Ultra và Edge mới được trang bị chip Snapdragon mạnh nhất,2025-10-13 12:50:00,Công nghệ,"Dòng Galaxy S26 sẽ có hai dòng chip xử lý khác nhau, hiệu năng liệu có đồng đều?"
Những thói quen xấu đang phá hủy pin laptop,2025-10-13 11:02:00,Thủ thuật,"Pin là yếu tố quan trọng giúp laptop duy trì tính di động, nhưng sau một thời gian, nhiều người nhận thấy pin nhanh chai khiến thời gian sử dụng rút ngắn đáng kể."
"Apple mở ra chuẩn mực mới khi loại bỏ giắc cắm tai nghe 3,5 mm trên iPhone",2025-10-13 10:30:00,Công nghệ,"Quyết định loại bỏ giắc cắm tai nghe 3,5 mm trên iPhone từng khiến Apple trở thành tâm điểm chỉ trích của giới công nghệ."
5 tính năng ẩn giúp iPhone thông minh hơn,2025-10-13 08:36:00,Thủ thuật,"Có 5 tính năng 'thần thánh' bị Apple giấu nhẹm trong cài đặt của iPhone, iFan lâu năm cũng chưa chắc biết."
Gần 1 tỉ người dùng Galaxy 'đắn đo' vì tùy chọn bảo mật mới,2025-10-13 07:16:00,Công nghệ,Cơ chế bảo mật mới trên các dòng Galaxy buộc gần 1 tỉ người dùng Samsung phải lựa chọn giữa bảo vệ tối đa thiết bị hay mở quyền cài đặt ứng dụng bên ngoài.
Loạt công nghệ âm thanh đáng chú ý vừa đổ bộ thị trường Việt,2025-10-12 17:56:00,Công nghệ,"Tại Triển lãm Thiết bị Nghe nhìn cá nhân (P.H.E Show 2025) đang diễn ra tại TP.HCM, nhiều thương hiệu âm thanh quốc tế đã trình làng các sản phẩm và công nghệ mới."
"Ông Donald Trump 'ra đòn', 770 tỉ USD bốc hơi khỏi thị trường công nghệ Mỹ",2025-10-12 17:52:00,Công nghệ,"Chỉ trong một ngày, các Big Tech đã mất hàng trăm tỉ USD vốn hóa sau tuyên bố gây chấn động của ông Donald Trump về việc tăng thuế với hàng hóa Trung Quốc."
Toyota đẩy mạnh công nghệ pin thể rắn cho xe điện,2025-10-12 10:58:00,Công nghệ,Toyota đang từng bước chuyển mình từ vị trí đi sau thành nhà cung cấp linh kiện pin xe điện quan trọng nhờ chuyên môn sâu về khoa học vật liệu và kỹ thuật.
Tại sao tín đồ âm thanh không ưa chuộng soundbar?,2025-10-12 10:51:00,Thủ thuật,"Những tín đồ âm thanh luôn tìm kiếm trải nghiệm tái tạo âm thanh với độ trung thực cao, cùng với âm trường và hình ảnh âm thanh tốt."
7 cách giúp tăng tốc Wi-Fi,2025-10-12 10:25:00,Thủ thuật,Hướng dẫn tăng tốc Wi-Fi của bạn lên mức tối đa chỉ với vài bước đơn giản ai cũng làm được.
"Bùng nổ đồ chơi AI: Lợi ích chưa kịp thấy, hiểm họa đã gần",2025-10-12 10:06:00,Công nghệ,"Các chuyên gia đang đưa ra những lo ngại khi đồ chơi AI (được tích hợp trí tuệ nhân tạo) đang dần trở thành ""người bạn đồng hành"" mới của trẻ em."
YouTube mở chương trình 'ân xá' cho hàng loạt nhà sáng tạo,2025-10-12 08:24:00,Công nghệ,"YouTube cho các kênh từng bị 'bay màu' cơ hội thứ hai, nhưng phải bắt đầu từ số 0."
Người dùng Android nhận cảnh báo khẩn về mã độc ClayRat,2025-10-12 08:20:00,Công nghệ,"Các chuyên gia bảo mật cảnh báo ClayRat có thể đánh cắp tin nhắn, ảnh và dữ liệu thiết bị, đồng thời tự phát tán qua danh bạ người dùng Android."
"Samsung hỗ trợ Qualcomm, tạo chip vượt mặt iPhone 17 Pro",2025-10-12 08:17:00,Công nghệ,"Chip Snapdragon 8 Elite Gen 5 ""For Galaxy"" do Samsung sản xuất có thể sớm đối đầu trực tiếp với A19 Pro trên iPhone 17 Pro."
Intel hé lộ CPU 2nm Panther Lake mạnh mẽ,2025-10-12 08:12:00,Công nghệ,"Intel vừa công bố dòng CPU 2nm Panther Lake tích hợp NPU 50 TOPS, GPU nâng cấp và thiết kế đa chiplet hứa hẹn tạo cú hích mới cho máy tính cá nhân."
Galaxy TriFold sẵn sàng ra mắt với thiết kế táo bạo,2025-10-11 20:19:00,Sản phẩm,"Samsung được cho là đang phát triển Galaxy TriFold, mẫu smartphone màn hình gập ba với ba viên pin riêng biệt để ra mắt vào cuối năm nay."
"Bên trong quy trình đặt riêng Vertu, vì sao mỗi chiếc máy là một tác phẩm độc bản?",2025-10-11 17:53:00,Công nghệ,"Mỗi đơn hàng Vertu bắt đầu bằng một cuộc trò chuyện riêng. Từ ý tưởng cá nhân đến bàn tay nghệ nhân, hành trình chế tác biến chiếc điện thoại thành biểu tượng của giá trị độc bản, phản chiếu cá tính người sở hữu."
Smartphone gập đẳng cấp Honor Magic V5 ra mắt thị trường Việt,2025-10-11 16:48:00,Sản phẩm,"Honor vừa chính thức ra mắt mẫu smartphone gập mỏng nhất thế giới Magic V5, với độ dày chỉ 4,1 mm khi mở."
Oppo tung 'chiến binh pin trâu' A6 Pro Series tại Việt Nam,2025-10-11 15:19:00,Sản phẩm,"Oppo vừa chính thức giới thiệu dòng A6 Pro tại Việt Nam, nổi bật với dung lượng pin khủng lên đến 7.000 mAh cho phiên bản 4G và 6.500 mAh cho phiên bản 5G."
Điều khiến CEO Nvidia Jensen Huang tiếc nuối,2025-10-11 15:15:00,Công nghệ,"CEO Nvidia Hensen Huang nói điều duy nhất khiến ông hối tiếc là không đầu tư sớm hơn vào OpenAI, khi giá trị công ty liên tục tăng theo cấp số nhân."
"Tham vọng tự chủ công nghệ blockchain, tài sản mã hóa của Việt Nam",2025-10-11 14:27:00,Blockchain,"Chính phủ Việt Nam xác định hạ tầng mạng blockchain và các lớp ứng dụng truy xuất nguồn gốc, tài sản mã hóa là một trong bốn danh mục sản phẩm công nghệ chiến lược ưu tiên triển khai trong năm 2025."
Google sắp tung Veo 3.1 tuyên chiến với Sora 2,2025-10-11 14:23:00,Công nghệ,Google Veo 3.1 sắp ra mắt để giải quyết bài toán khó nhất của việc tạo video bằng AI (trí tuệ nhân tạo).
Nikon ra mắt dòng máy ảnh ZR hướng tới nhà làm phim chuyên nghiệp,2025-10-11 10:57:00,Sản phẩm,"Nikon vừa công bố mẫu máy quay full-frame ZR với nhiều nâng cấp kỹ thuật, mở đầu cho kế hoạch tham gia thị trường cinema camera tại Việt Nam."
Microsoft mở bán mẫu giày hoài niệm Windows XP,2025-10-11 10:27:00,Công nghệ,"Nhằm kỷ niệm 50 năm thành lập, Microsoft đã ra mắt mẫu giày Microsoft Limited Edition Crocs giúp hoài niệm về Windows XP."
PSD trở thành nhà phân phối chính thức của Advantech tại Việt Nam,2025-10-11 10:04:00,Công nghệ,"Công ty Petrosetco Distribution (PSD) vừa ký kết hợp tác với Công ty TNHH Advantech Việt Nam Technology (Advantech VN), trở thành nhà phân phối được chứng nhận chính thức của Advantech tại Việt Nam."
"Phát hiện lỗi iPhone, bạn có thể nhận 2 triệu USD từ Apple",2025-10-11 09:57:00,Công nghệ,"Apple sẵn sàng ""móc hầu bao"" để bảo vệ người dùng và biến iPhone trở thành thiết bị di động an toàn nhất hành tinh."
Triển lãm P.H.E Show 2025 chính thức khai mạc với nhiều công nghệ giải trí tại gia,2025-10-11 09:56:00,Công nghệ,"P.H.E Show 2025 giới thiệu thiết bị nghe nhìn, phòng phim, âm thanh, ánh sáng và phụ kiện công nghệ dành cho người dùng cá nhân."
"Bitcoin sập giá, hơn 9 tỉ USD bị thổi bay sau đòn thuế của ông Trump",2025-10-11 09:26:00,Blockchain,"Giá Bitcoin và cả thị trường tiền số đồng loạt sập giá, khiến 9,4 tỉ USD của người chơi bị thổi bay khi Tổng thống Donald Trump tuyên bố áp thuế 100% lên Trung Quốc."
70.000 người dùng Discord lộ dữ liệu nhạy cảm vào tay tin tặc,2025-10-11 08:43:00,Công nghệ,"Sự thật về vụ hack Discord không phải 2,1 triệu người bị tấn công, hãng từ chối trả tiền chuộc cho tin tặc."
Điện thoại Galaxy sẽ nhanh gần bằng máy tính nhờ bộ nhớ UFS 5.0,2025-10-11 08:39:00,Công nghệ,"Các mẫu smartphone Android trong thời gian tới, bao gồm cả Samsung Galaxy, sẽ được trang bị bộ nhớ UFS 5.0."
Google Tìm kiếm cho phép 'thử giày' ngay trên mạng,2025-10-11 08:35:00,Công nghệ,"Để khắc phục vấn đề ""hàng nhận khác xa hàng trên mạng"", Google Tìm kiếm vừa mở rộng tính năng thử đồ ảo, cho phép thử giày dép với sự hỗ trợ của trí tuệ nhân tạo (AI)."
Google 'ngó lơ' lỗ hổng bảo mật nghiêm trọng của Gemini,2025-10-11 08:06:00,Công nghệ,Lỗ hổng mới trong Gemini cho phép kẻ tấn công giấu lệnh độc trong ký tự ẩn mà người dùng không thể phát hiện.
Samsung ra mắt cảm biến 200 MP với khả năng chụp thiếu sáng đỉnh cao,2025-10-10 19:23:00,Công nghệ,'Vũ khí' cảm biến ISOCELL HP5 200 MP mới của Samsung sẽ trang bị đầu tiên trên điện thoại Oppo?
Khai tử Windows 10 có thể thu về hơn 2 tỉ USD kim loại quý,2025-10-10 16:09:00,Công nghệ,Làn sóng thải loại PC cũ chạy Windows 10 có thể tạo ra hàng tỉ USD từ thu thập vàng.
"POCO M7 trình làng, dùng pin Silicon Carbon 7.000 mAh",2025-10-10 14:26:00,Sản phẩm,"POCO ra mắt mẫu smartphone M7 tại thị trường Việt Nam, thuộc dòng sản phẩm POCO M Series, nổi bật với viên pin Silicon Carbon 7.000 mAh tiên tiến và màn hình 6,9 inch lớn nhất phân khúc smartphone tầm trung."
Hàn Quốc chấn động vì vụ cháy 'xóa sổ' 858 TB dữ liệu chính phủ,2025-10-10 13:36:00,Công nghệ,Một vụ hỏa hoạn nghiêm trọng tại Dịch vụ Tài nguyên Thông tin Quốc gia Hàn Quốc (NIRS) đã khiến 858 TB dữ liệu chính phủ bị xóa sổ hoàn toàn do không có bản sao lưu.
SoundMax ra mắt loa giải trí A-838 dành cho PC,2025-10-10 13:24:00,Sản phẩm,"SoundMax A-838 không chỉ gợi nhớ quá khứ lẫy lừng của nhà sản xuất loa thương hiệu Việt, mà còn sẵn sàng khuấy động mọi không gian giải trí khi kết nối với máy tính để bàn (PC)."
Logitech tái định nghĩa chuột máy tính với công nghệ phản hồi xúc giác,2025-10-10 12:33:00,Sản phẩm,"Logitech vừa giới thiệu chuột máy tính cao cấp MX Master 4 hứa hẹn thiết lập chuẩn mực mới về hiệu suất, độ chính xác và khả năng điều khiển dành cho giới sáng tạo chuyên nghiệp."
Schneider Electric ra mắt giải pháp máy cắt không khí thế hệ mới,2025-10-10 11:28:00,Sản phẩm,Schneider Electric vừa công bố ra mắt sản phẩm EasyPact MVS tại thị trường Việt Nam. Đây là dòng máy cắt không khí (ACB) thế hệ mới nhất thuộc dòng sản phẩm Easy Series.
iPhone giúp phá đường dây buôn lậu lớn tại Anh,2025-10-10 09:45:00,Công nghệ,"Từ một chiếc iPhone bị mất, cảnh sát Anh phanh phui đường dây buôn lậu 40.000 điện thoại sang Trung Quốc."
Lỗi khó chịu lâu năm trên Windows đã được sửa,2025-10-10 08:31:00,Công nghệ,Microsoft cuối cùng cũng sửa lỗi tồn tại lâu năm trên Windows.
Google Maps sắp thay đổi cách người dùng tìm địa điểm,2025-10-10 08:27:00,Công nghệ,"Sau gần 1 năm thử nghiệm, Google Maps đang nâng cấp mạnh mẽ tính năng (Ask Maps) nhằm mang đến trải nghiệm tìm kiếm địa điểm bằng ngôn ngữ tự nhiên."
"Mô hình AI 'tí hon' của Samsung khiến ChatGPT, Gemini phải dè chừng",2025-10-10 07:11:00,Công nghệ,Samsung đang nỗ lực chứng minh rằng một mô hình trí tuệ nhân tạo (AI) mạnh mẽ không nhất thiết phải có kích thước khổng lồ.
Bàn cách tháo gỡ 'điểm nghẽn' về nhân lực AI và dữ liệu,2025-10-09 20:35:00,Xu hướng - Chuyển đổi số,"Nhân lực chất lượng cao, hạ tầng dữ liệu và hành lang pháp lý là những thách thức trọng tâm được các nhà quản lý và chuyên gia hàng đầu ""mổ xẻ"" tại Diễn đàn Trí tuệ nhân tạo Việt Nam - AI360 2025."
"Apple Maps dần hoàn thiện, người dùng iPhone có nên gỡ bỏ Google Maps?",2025-10-09 20:30:00,Công nghệ,"Khi Apple Maps ra mắt lần đầu tiên cùng iOS 6 để thay thế Google Maps, ứng dụng đã gây ra không ít thất vọng cho người dùng iPhone."
Hàng triệu người vẫn quyết định ở lại với Windows 10 sau khi bị khai tử,2025-10-09 18:48:00,Công nghệ,"Bất chấp cảnh báo, hàng triệu người quyết 'sống chung' với Windows 10 sau khi bị khai tử vào tuần tới."
OpenAI triển khai loạt thương vụ nghìn tỉ USD liên quan AI,2025-10-09 18:34:00,Công nghệ,"Sam Altman hé lộ còn nhiều thỏa thuận lớn đang được chuẩn bị, sau khi bắt tay với Oracle, Nvidia và AMD để mở rộng hạ tầng AI toàn cầu."
Lý do nên nâng cấp lên Windows 11 25H2?,2025-10-09 16:22:00,Công nghệ,"Bản cập nhật Windows 11 2025, còn được gọi là phiên bản 25H2, đã chính thức được phát hành sau thời gian dài chờ đợi."
Lần đầu tiên Việt Nam trao giải tôn vinh chuyển đổi số cho cá nhân,2025-10-09 15:50:00,Xu hướng - Chuyển đổi số,"Đây được xem là một bước tiến quan trọng, nhấn mạnh vai trò con người là trung tâm của quá trình chuyển đổi số đang ""nóng trên mọi phương diện"" tại Việt Nam."
Mẹo giải phóng bộ nhớ Gmail,2025-10-09 15:36:00,Thủ thuật,"Không cần trả phí cho Google One, người dùng vẫn có thể giải phóng hàng GB dung lượng Gmail chỉ với vài thao tác đơn giản."
Lộ thời điểm Samsung tung ra One UI 8.5 beta,2025-10-09 14:40:00,Công nghệ,One UI 8.5 sẽ là bản cập nhật giữa vòng đời đầu tiên phá vỡ tiền lệ của Samsung.
Microsoft siết chặt quy trình cài đặt Windows 11,2025-10-09 14:37:00,Công nghệ,"Microsoft 'xóa sổ' các chiêu cài Windows 11 bằng tài khoản cục bộ, ép buộc người dùng phải đăng nhập tài khoản và kết nối internet."
Chỉ báo thông minh chấm dứt nỗi lo pin xe điện hết giữa đường,2025-10-09 14:29:00,Công nghệ,"Công nghệ SOM của Đại học California (UCR, Mỹ) hứa hẹn thay đổi cách chúng ta hiểu và sử dụng pin lithium-ion trên xe điện."
iOS 26 cho xem lại toàn bộ lịch sử cuộc gọi,2025-10-09 13:26:00,Công nghệ,Apple 'giấu' kỹ tính năng xem lại toàn bộ lịch sử cuộc gọi chi tiết đến không ngờ trên iOS 26.
Tương lai khó đoán của dòng Samsung Galaxy S26 với mẫu Pro mới,2025-10-09 10:33:00,Công nghệ,Tương lai dòng Galaxy S26 đang khó đoán với những tin đồn về sự xuất hiện của mẫu Pro mới.
Ngành phim thế giới lo ngại AI 'cướp' nội dung,2025-10-09 10:04:00,Công nghệ,Hollywood và Bollywood đồng loạt kêu gọi Ấn Độ siết luật bản quyền để bảo vệ tác phẩm khỏi bị AI sử dụng trái phép.
Sự thật về tin đồn iPhone chậm sau mỗi bản cập nhật iOS,2025-10-09 09:59:00,Thủ thuật,"Hằng năm, Apple phát hành các bản cập nhật iOS lớn dành cho iPhone với nhiều tính năng mới và bản vá bảo mật."
Galaxy S26 Ultra rò rỉ bản màu cam giống iPhone 17 Pro,2025-10-09 09:17:00,Sản phẩm,"Hình ảnh trực tuyến gần đây cho thấy một chiếc điện thoại có ba màu sắc, có thể là bản sao của Galaxy S26 Ultra."
Cảnh báo an toàn khi sử dụng thiết bị điện sau lũ lụt,2025-10-09 07:19:00,Thủ thuật,"Sau mỗi đợt bão lũ, hàng loạt thiết bị điện trong gia đình như tủ lạnh, máy giặt, quạt, tivi, bếp điện… thường bị ngập nước, hư hỏng nặng."
Cisco ra mắt chip kết nối các trung tâm dữ liệu AI cách nhau 1.600km,2025-10-08 22:25:00,Công nghệ,"Không chỉ tăng tốc độ xử lý, Cisco giới thiệu chip mạng P200, cho phép liên kết các cụm máy chủ đặt cách nhau tới 1.600 km - một bước đi nhằm định nghĩa lại cách thế giới vận hành AI."
Garena sắp tung ra tựa game di động EA Sports FC Mobile,2025-10-08 21:15:00,Game,Tựa game di động EA Sports FC Mobile được Garena bản địa hóa dành riêng cho thị trường Việt Nam với sự hợp tác cùng 5 tuyển thủ quốc gia môn bóng đá nam.
"Không chỉ Z Fold4 và Z Flip4, Galaxy giá rẻ cũng lên đời One UI 8",2025-10-08 20:33:00,Công nghệ,"Samsung đang đẩy nhanh tốc độ cập nhật phần mềm khi mở rộng One UI 8 đến hàng loạt thiết bị Galaxy, từ dòng cao cấp đến tầm trung và giá rẻ."
Kaspersky: Các dịch vụ deepfake hiện được 'rao bán' rẻ hơn 400 lần,2025-10-08 20:22:00,Công nghệ,Nhóm Nghiên cứu và Phân tích Toàn cầu (GReAT) của Kaspersky vừa phát hiện các quảng cáo cung cấp dịch vụ video và âm thanh deepfake theo thời gian thực trên darknet.
JBL ra mắt loa giải trí Boombox 4,2025-10-08 20:15:00,Sản phẩm,Thương hiệu JBL tiếp tục khẳng định phong cách âm nhạc đỉnh cao - khuấy động bầu không khí tiệc tùng với sự ra mắt chính thức tại Việt Nam JBL Boombox 4.
Agora thúc đẩy trải nghiệm tiền mã hóa thời gian thực trên CoinMarketCap,2025-10-08 19:26:00,Blockchain,"Agora vừa triển khai các giải pháp hỗ trợ các nền tảng Web3 hàng đầu thế giới thay đổi cách họ kết nối với người dùng, trong đó có CoinMarketCap - nhà cung cấp dữ liệu tiền mã hóa được hàng triệu người dùng trên thế giới."
"150 chuyên gia cùng bàn thúc đẩy AI, sản xuất thông minh để nâng vị thế Việt Nam",2025-10-08 18:30:00,Xu hướng - Chuyển đổi số,"Hội nghị Thượng đỉnh Đổi mới Sáng tạo Việt Nam 2025 (VIS 2025) năm nay được định vị là một diễn đàn hành động, tập trung vào các lĩnh vực công nghệ then chốt như trí tuệ nhân tạo (AI), sản xuất thông minh, Fintech và công nghệ xanh, nhằm nâng cao vị thế của Việt Nam trên bản đồ đổi mới sáng tạo toàn cầu."
Website cờ bạc trực tuyến ngày càng tinh vi để lôi kéo nạn nhân,2025-10-08 17:41:00,Công nghệ,Các tổ chức tội phạm công nghệ cao đứng sau những website cờ bạc trực tuyến hoạt động ngày càng tinh vi trong việc lợi dụng sức ảnh hưởng của người nổi tiếng để giăng bẫy người dùng.
Grab thử nghiệm dịch vụ GrabCar xe điện tại Hà Nội,2025-10-08 17:32:00,Công nghệ,"Grab vừa chính thức thử nghiệm dịch vụ GrabCar xe điện tại Hà Nội, bổ sung một lựa chọn trong danh mục dịch vụ di chuyển đa dạng dành cho người dùng Grab."
Gemini có thể tự lướt web và thao tác như con người,2025-10-08 16:32:00,Công nghệ,Google vừa giới thiệu mô hình trí tuệ nhân tạo (AI) Gemini mới được thiết kế để điều hướng và tương tác với web thông qua trình duyệt.
Nvidia gặp khó khăn khi triển khai trụ sở kỹ thuật quy mô lớn tại Đài Loan,2025-10-08 14:47:00,Công nghệ,Kế hoạch xây dựng trung tâm chiến lược của Nvidia tại Đài Loan đang bị gián đoạn bởi bất đồng pháp lý và áp lực từ chính quyền địa phương.
Apple 'cà khịa' màn hình xanh chết chóc của Windows,2025-10-08 12:59:00,Công nghệ,Apple đã gợi lại sự cố CrowdStrike khiến hàng triệu máy tính Windows bị màn hình xanh chết chóc (BSOD) trong quảng cáo mới.
Cài đặt ẩn trên iPhone đang mở toang cánh cửa cho hacker tấn công,2025-10-08 11:06:00,Công nghệ,TSA phát cảnh báo khẩn về việc toàn bộ dữ liệu iPhone có thể bị đánh cắp vì một tùy chọn được bật sẵn.
"Gây bão trên App Store, Sora khiến ngành video ngắn lo lắng",2025-10-08 10:08:00,Công nghệ,Chatbot AI Sora do OpenAI phát triển đã nhanh chóng trở thành ứng dụng được tải xuống nhiều nhất kể từ khi cập nhật nền tảng Sora 2.
Những thứ không nên cắm vào cổng USB của smartphone,2025-10-08 10:05:00,Thủ thuật,"Cổng USB trên smartphone không chỉ đơn thuần là nơi để sạc pin mà còn quản lý nguồn điện, truyền dữ liệu và điều khiển nhiều hoạt động của thiết bị."
"Qualcomm bị kiện vì bán giá cao, người dùng Galaxy sắp nhận 'tiền đền bù'",2025-10-08 08:23:00,Công nghệ,"Nếu đã mua điện thoại Galaxy tại Anh trong khoảng thời gian từ năm 2015 đến 2024, người dùng có thể đủ điều kiện nhận khoản hoàn lại khoảng 17 bảng Anh."
Galaxy S25 Ultra nhanh hơn iPhone 17 Pro Max dù dùng chip yếu hơn,2025-10-08 07:43:00,Sản phẩm,"iPhone 17 Pro Max đi kèm chip A19 Pro, RAM 12 GB, cùng với hệ thống làm mát buồng hơi đầu tiên trên iPhone giúp duy trì hiệu năng ổn định trong thời gian dài."
Chi tiết nhỏ khiến iPhone 17 bản 256 GB kém hấp dẫn,2025-10-08 07:29:00,Sản phẩm,"Đằng sau vẻ ngoài sang trọng của iPhone 17, có một chi tiết kỹ thuật nhỏ đang khiến người dùng bất ngờ, đặc biệt với những ai chọn phiên bản 256 GB."
"Xiaomi 17T lộ diện, có thể ra mắt sớm hơn nửa năm?",2025-10-07 19:21:00,Công nghệ,Mẫu smartphone kế nhiệm Xiaomi 15T đã lộ diện với tên gọi và ngày ra mắt gây sốc.
One UI 8.5 sẽ là bản cập nhật 'khủng' vượt ngoài mong đợi,2025-10-07 19:17:00,Công nghệ,Loạt tính năng 'bom tấn' từ Google sắp đổ bộ lên Galaxy S26 với bản cập nhật lớn mang tên One UI 8.5.
Màn hình phụ trên Xiaomi 17 chỉ là 'trò lạ' hay tính năng đáng tiền?,2025-10-07 15:59:00,Công nghệ,"Xiaomi gần đây đã chính thức giới thiệu dòng sản phẩm cao cấp mới tại Trung Quốc, bao gồm Xiaomi 17, 17 Pro và 17 Pro Max."
"Google thua kiện, người dùng Android sắp được mua ứng dụng với giá rẻ hơn",2025-10-07 15:39:00,Công nghệ,"Thua kiện Epic, Google buộc phải thay đổi và việc tải ứng dụng Android sắp rẻ hơn."
Sạc không dây có thực sự bào mòn pin iPhone?,2025-10-07 14:40:00,Thủ thuật,"Đừng đổ lỗi cho sạc MagSafe làm chai pin iPhone, thủ phạm thực sự nằm ở nơi khác."
Google Maps gặp sự cố khi chuyển dữ liệu Dòng thời gian,2025-10-07 14:33:00,Công nghệ,Nhiều người dùng Google Maps đang gặp phải sự cố khi cố gắng chuyển dữ liệu Dòng thời gian (Timeline) sang điện thoại.
Động thái mới của Sony có thể khai tử cáp USB khỏi hộp điện thoại,2025-10-07 13:25:00,Công nghệ,Sony vừa trở thành nhà sản xuất đầu tiên xuất xưởng smartphone mà không kèm theo cáp sạc USB trong hộp.
Số phận những dự án công nghệ của Shark Bình,2025-10-07 12:11:00,Công nghệ,Hành trình công nghệ của ông Nguyễn Hòa Bình (Shark Bình) bắt đầu từ tiên phong thương mại điện tử năm 19 tuổi đến tâm điểm tranh cãi blockchain gần đây.
iOS 26.1 'hồi sinh' tính năng huyền thoại từ năm 2007,2025-10-07 11:07:00,Công nghệ,Apple vừa chính thức phát hành bản cập nhật iOS 26.1 Beta 2 dành cho các thiết bị iPhone với việc hồi sinh một tính năng vô cùng thú vị.
Dòng Galaxy S22 được 'hồi sinh' với One UI 8,2025-10-07 10:01:00,Công nghệ,Samsung mang đến sức sống mới cho dòng flagship Galaxy S22 bằng bản cập nhật One UI 8.
Người dùng iPhone tố Chrome 'ngốn pin',2025-10-07 09:53:00,Công nghệ,"Nhiều người dùng iPhone đang bức xúc vì trình duyệt Chrome của Google tiêu hao pin quá nhanh, ngay cả khi không mở tab nào."
Việt Nam sắp có khung năng lực AI quốc gia đầu tiên,2025-10-07 08:29:00,Công nghệ,Làn sóng ứng dụng AI tại Việt Nam đang lan tỏa mạnh mẽ nên cần phải có khung đánh giá năng lực AI cho các doanh nghiệp trong nước.
"iPhone 17 bán chạy chưa từng có, Samsung âm thầm 'đếm tiền'",2025-10-07 07:17:00,Công nghệ,Dòng iPhone 17 đang gây sốt tại thị trường Trung Quốc nói riêng và toàn cầu nói chung đã tạo ra cơ hội lợi nhuận cho Samsung.
Nghiện chơi game: ranh giới giữa giải trí và rối loạn hành vi,2025-10-06 19:09:00,Công nghệ,"Hiện nay đã có ghi nhận nhiều ca thanh thiếu niên chơi game đến mức rối loạn giấc ngủ, stress, bỏ học, hành vi bốc đồng, đặc biệt khi không được kiểm soát từ gia đình hoặc trường học."
"Muốn cai nghiện các thiết bị công nghệ, hãy áp dụng 'công nghệ'",2025-10-06 18:10:00,Công nghệ,"Buổi sáng, bạn vừa mở mắt đã cầm điện thoại. Buổi tối, thứ cuối cùng bạn nhìn thấy trước khi ngủ vẫn là màn hình. Và rồi, bạn lại cài thêm một ứng dụng để nhắc mình đừng dùng điện thoại quá nhiều."
Garmin Run Vietnam 2025: Hành trình kiến tạo cộng đồng chạy bộ bền vững,2025-10-06 17:16:00,Công nghệ,"Là điểm đến quan trọng trong chuỗi giải chạy quốc tế Garmin Run Asia Series, Garmin Run Vietnam 2025 đã khép lại thành công với gần 6.000 runner tham dự tại Việt Nam."
Lenovo đẩy mạnh các giải pháp bảo vệ môi trường,2025-10-06 17:12:00,Công nghệ,"Lenovo vừa công bố Báo cáo Môi trường, Xã hội và Quản trị (ESG) năm 2024 - 2025, nêu bật những bước tiến đáng kể trong việc hiện thực hóa các mục tiêu giảm phát thải đến năm 2030, đồng thời tái khẳng định cam kết dài hạn của hãng trong việc đạt mức phát thải khí nhà kính ròng bằng 0 vào năm 2050."
Galaxy Tab S11 series và thực tế sử dụng trong môi trường làm việc di động,2025-10-06 16:56:00,Công nghệ,"Với thiết kế gọn nhẹ, linh hoạt cùng khả năng hỗ trợ làm việc bằng AI, tablet đang được nhiều doanh nhân sử dụng thay cho laptop trong những chuyến công tác. Galaxy Tab S11 series là một trong những thiết bị điển hình cho xu hướng này."
Lỗ tròn nhỏ cạnh cổng sạc điện thoại có công dụng gì?,2025-10-06 16:43:00,Thủ thuật,Nhiều người đang phá hỏng điện thoại của mình vì nhầm lẫn chiếc lỗ nhỏ này.
Trải nghiệm Tapo C660 Kit: nâng chuẩn camera ngoài trời với Wi-Fi hai băng tần,2025-10-06 16:42:00,Sản phẩm,"Tapo C660 Kit kết hợp AI nhận diện thông minh, Wi-Fi hai băng tần và pin năng lượng mặt trời để duy trì giám sát liên tục mà không cần cấp điện."
Người có thể kế nhiệm CEO Apple Tim Cook?,2025-10-06 16:39:00,Công nghệ,"Ông Tim Cook đã giữ chức vụ CEO Apple từ tháng 8.2011, kế nhiệm Steve Jobs - nhà sáng lập và cựu CEO huyền thoại của công ty."
J&T Express khẳng định cam kết phát triển bền vững tại Better Choice Awards 2025,2025-10-06 16:21:00,Công nghệ,"Tại lễ trao giải Better Choice Awards 2025, thương hiệu chuyển phát nhanh J&T Express đã xuất sắc góp mặt trong top 5 thương hiệu cống hiến vì phát triển bền vững và chuyển đổi xanh."
Google thử nghiệm giao diện mới cho Gemini,2025-10-06 14:25:00,Công nghệ,Google có kế hoạch cải tiến đáng kể ứng dụng AI Gemini sau khi chứng kiến sự thành công của Sora từ OpenAI.
AI biến chuột chơi game thành công cụ nghe lén qua cảm biến,2025-10-06 13:42:00,Công nghệ,"Trí tuệ nhân tạo (AI) được tận dụng trong kỹ thuật Mic-E-Mouse, biến dữ liệu cảm biến của chuột máy tính thành lời nói, trở thành rủi ro nghe lén mới."
Tại sao Microsoft vẫn giữ phím Caps Lock dù đã lỗi thời?,2025-10-06 10:11:00,Công nghệ,"Tại sao Microsoft vẫn giữ lại phím Caps Lock cho đến tận ngày nay, dù nó được coi là dư thừa?"
"iOS 26 tích hợp tính năng chỉnh sửa PDF, tách nền ảnh chuyên nghiệp",2025-10-06 10:02:00,Công nghệ,"Không cần ứng dụng bên thứ ba, iPhone của bạn giờ đã có thể chỉnh sửa PDF, tách nền ảnh chuyên nghiệp với tính năng trên iOS 26."
4 tính năng AI hữu ích sẽ có trên One UI 8.5,2025-10-06 08:42:00,Công nghệ,Samsung đang tiến hành phát triển bản cập nhật mới cho dòng điện thoại Galaxy mang tên One UI 8.5.
Apple 'bẻ lái' sang kính AI siêu thông minh,2025-10-06 07:19:00,Công nghệ,Apple dừng bản nâng cấp cho Vision Pro để tập trung sản phẩm AI (trí tuệ nhân tạo) mới là kính siêu thông minh nhằm cạnh tranh với Meta.
Công nghệ và đổi mới sáng tạo là động lực then chốt cho sức bật kinh tế Việt Nam,2025-10-06 06:23:00,Xu hướng - Chuyển đổi số,"Trong khuôn khổ Diễn đàn Kinh tế mới Việt Nam lần thứ ba với chủ đề ""Sức bật kinh tế Việt Nam: Từ nội lực đến chuỗi giá trị toàn cầu"", ông Nguyễn Trung Chính - Chủ tịch Tập đoàn công nghệ CMC đã chia sẻ nhiều quan điểm về ứng dụng công nghệ để thúc đẩy kinh tế."
Người dùng Steam đang có xu hướng chuyển từ GPU 8 GB sang 16 GB,2025-10-05 20:51:00,Công nghệ,"Khảo sát phần cứng tháng 9 của nền tảng Steam cho thấy xu hướng sử dụng card đồ họa (GPU) 8 GB giảm mạnh thị phần, trong khi các phiên bản 16 GB đang tăng dần."
Ván cược lịch sử: Samsung tích hợp ví tiền mã hóa cho 75 triệu người dùng Galaxy,2025-10-05 19:56:00,Blockchain,"Samsung hợp tác với sàn giao dịch tiền mã hóa Coinbase để cung cấp dịch vụ tiền mã hóa cho 75 triệu người dùng Mỹ, đặt tham vọng mở rộng trên phạm vi toàn cầu trong hai năm tới."
Microsoft thừa nhận hai tính năng làm chậm máy tính Windows 10 và 11,2025-10-05 15:21:00,Thủ thuật,Thủ phạm khiến máy tính của bạn ì ạch có thể là 2 tính năng được bật sẵn trên Windows 10 và 11.
Thực hư độ chính xác của đồng hồ tốc độ trên Google Maps,2025-10-05 10:59:00,Công nghệ,"Bên cạnh đồng hồ tốc độ trên xe, các tài xế ngày nay sử dụng công nghệ như Google Maps để theo dõi tốc độ nhằm tránh bị phạt."
Tỉ phú Elon Musk kêu gọi tẩy chay Netflix vì hoạt hình đồng tính,2025-10-05 10:55:00,Công nghệ,Tỉ phú Elon Musk tuần này kêu gọi những người theo dõi ông hủy đăng ký dịch vụ Netflix sau một tranh cãi xoay quanh một chương trình hoạt hình và người sáng tạo ra nó.
iOS 26 gây lỗi iMessage khiến Apple phải vào cuộc,2025-10-05 09:46:00,Công nghệ,"Mặc dù iOS 26 mang đến thiết kế mới đẹp mắt và nhiều cải tiến, một số người đã gặp phải vấn đề khi không thể kích hoạt iMessage bằng số điện thoại."
"iPhone Air mỏng nhưng đắt đỏ, những lựa chọn có thể thay thế",2025-10-05 09:43:00,Sản phẩm,Danh sách 4 lựa chọn thay thế sáng giá cho mẫu iPhone Air giúp bạn tiết kiệm cả chục triệu đồng.
Galaxy S24 Ultra gây 'sốc' khi làm vỡ nền gạch sau khi rơi,2025-10-05 08:36:00,Công nghệ,Dân mạng bất ngờ với câu chuyện Galaxy S24 Ultra làm vỡ gạch lát sàn chỉ sau một cú rơi.
"Giá Bitcoin tăng vọt lên 123.000 USD, áp sát đỉnh lịch sử",2025-10-05 07:19:00,Blockchain,"Giá Bitcoin ngày 4.10 tăng vọt lên 123.000 USD, kéo vốn hóa toàn thị trường tiền số lên 4.210 tỉ USD và chưa có dấu hiệu dừng lại."
iPhone 17 Pro Max được 'độ' tản nhiệt SSD đạt hiệu năng gây 'sốc',2025-10-04 20:36:00,Công nghệ,"Dân 'vọc vạch' gắn tản nhiệt SSD cho iPhone 17 Pro Max, hiệu năng bất ngờ tăng vọt không tưởng."
"Huawei Watch GT 6 Series ra mắt tại Việt Nam, pin dùng đến 21 ngày",2025-10-04 17:12:00,Sản phẩm,"Huawei vừa mang Watch GT 6 Series đến Việt Nam với hàng loạt nâng cấp: pin dùng đến 21 ngày, màn hình AMOLED sáng 3.000 nit và nhiều tính năng thể thao chuyên nghiệp."
Mạng xã hội Việt Nam AI Hay giành giải thưởng quốc tế,2025-10-04 16:08:00,Công nghệ,"AI Hay đã xuất sắc vượt qua nhiều đối thủ quốc tế để giành giải thưởng ""Sản phẩm Công nghệ Kiến tạo Xu hướng"" tại Better Choice Awards 2025."
CMC gây ấn tượng tại triển lãm VIIE 2025,2025-10-04 16:05:00,Công nghệ,"Triển lãm Quốc tế Đổi mới sáng tạo Việt Nam 2025, diễn ra từ ngày 1 - 3.10 tại Trung tâm Đổi mới sáng tạo Quốc gia (NIC), là dịp để CMC giới thiệu những thành quả nổi bật của gần 6.000 cán bộ nhân viên trên toàn cầu trong hành trình chuyển đổi số và AI."
Mẹo tiết kiệm pin cho laptop Windows và MacBook,2025-10-04 12:23:00,Thủ thuật,"Laptop chạy Windows và dòng MacBook đã có những cải tiến đáng kể về thời lượng pin, đủ để phục vụ cho cả ngày làm việc và học tập."
Microsoft cảnh báo PC văn phòng khi nâng cấp Windows 11 25H2,2025-10-04 12:09:00,Công nghệ,Microsoft khuyến cáo quản trị viên IT cần cân nhắc thời điểm triển khai Windows 11 25H2 để tránh mất quyền nhận hotpatch và tăng nguy cơ gián đoạn bảo mật.
Những thiết bị có thể hối tiếc sau khi vứt bỏ,2025-10-04 11:58:00,Sản phẩm,"Với sự phát triển nhanh chóng của công nghệ, nhiều người có xu hướng vứt bỏ những thiết bị cũ như đầu DVD hay iPod mà họ không còn sử dụng."
"Microsoft tích hợp AI thế hệ mới vào Office, Word và Excel sắp 'tự suy nghĩ'",2025-10-04 11:54:00,Công nghệ,Microsoft mang sức mạnh AI (trí tuệ nhân tạo) của GPT-5 và Claude đến với bộ ứng dụng Office.
Dấu ấn AI và sản phẩm Việt tại giải thưởng về đổi mới sáng tạo 2025,2025-10-04 11:48:00,Xu hướng - Chuyển đổi số,"Lễ trao giải Better Choice Awards (BCA) 2025 cho thấy bức tranh rõ nét về xu hướng công nghệ tại Việt Nam, nơi trí tuệ nhân tạo (AI) và các sản phẩm do người Việt phát triển đang chiếm vị thế trung tâm."
Gmail được mã hóa toàn diện giữa các nền tảng,2025-10-04 09:06:00,Công nghệ,"Google đang nâng cao bảo mật cho người dùng Gmail bằng cách triển khai mã hóa phía máy khách (E2EE) cho email, ngay cả khi gửi đến các nhà cung cấp email khác."
Galaxy A35 5G bắt đầu nhận One UI 8,2025-10-04 08:51:00,Công nghệ,"Một trong những smartphone Android giá rẻ tốt nhất của năm 2024, Galaxy A35 5G, đã chính thức nhận bản cập nhật One UI 8 ổn định."
Ba 'tuyệt chiêu' với iOS 26 giúp kéo dài thời lượng pin iPhone,2025-10-04 06:38:00,Thủ thuật,Hệ điều hành iOS 26 đã gây ấn tượng mạnh với người dùng iPhone nhờ vào ngôn ngữ thiết kế Liquid Glass hiện đại.
Microsoft được kêu gọi 'nương tay' với Windows 10,2025-10-03 16:51:00,Công nghệ,"Nguy cơ 'thảm họa' rác thải điện tử, 533 doanh nghiệp và tổ chức toàn cầu yêu cầu Microsoft gia hạn hỗ trợ Windows 10."
Microsoft gỡ chặn Windows 11 24H2 trên máy tính Intel,2025-10-03 14:23:00,Công nghệ,"Máy tính Intel đã có thể lên Windows 11 24H2, đây là cách gỡ bỏ lệnh chặn."
One UI 8.5 giúp Galaxy lướt mạng mượt hơn,2025-10-03 14:16:00,Công nghệ,Những hình ảnh rò rỉ về One UI 8.5 mà Samsung đang phát triển mang đến cái nhìn về một số tính năng sẽ được triển khai.
"Windows 7 bỗng 'lội ngược dòng', thị phần tăng mạnh",2025-10-03 14:14:00,Công nghệ,"Theo số liệu mới nhất từ Statcounter, thị phần của các phiên bản Windows đã có những biến động đáng chú ý trong tháng 9.2025, đặc biệt là Windows 7."
Samsung phát triển tính năng AI từng gây 'thảm họa' cho Apple,2025-10-03 14:03:00,Công nghệ,Samsung đang phát triển tính năng AI từng gây 'phốt' cho Apple trên One UI 8.5.
6 loại ứng dụng âm thầm 'ngốn' cạn pin điện thoại,2025-10-03 13:16:00,Thủ thuật,Dưới đây là danh sách các ứng dụng sử dụng pin điện thoại Android nhiều nhất.
Google Maps sắp bổ sung tính năng được mong đợi từ lâu,2025-10-03 10:42:00,Công nghệ,Google đang phát triển một loạt tính năng mới cho ứng dụng Google Maps nhằm nâng cao trải nghiệm khám phá môi trường xung quanh cho người dùng.
TouchWiz trở lại với phong cách hiện đại trong One UI 8.5,2025-10-03 09:59:00,Công nghệ,"Trong khi One UI 8 vẫn đang dần được Samsung triển khai, những tin tức liên quan đến One UI 8.5 bắt đầu xuất hiện nhiều hơn."
OpenAI ra mắt mạng xã hội Sora giống TikTok nhưng tràn ngập video AI giả mạo,2025-10-03 09:56:00,Công nghệ,"OpenAI đang bước vào một giai đoạn mới gây tranh cãi khi chính thức tung ra Sora app - ứng dụng mạng xã hội video AI được cho là giống với TikTok, ra mắt ngày 30.9.2025 cùng với mô hình Sora 2."
Giải pháp đơn giản giúp cải thiện kết nối internet,2025-10-03 09:48:00,Công nghệ,"Khi mọi thứ hoạt động bình thường, Wi-Fi thường mang lại cảm giác kết nối internet liền mạch."
"Windows 11 25H2 vừa ra mắt đã gặp lỗi, cẩn trọng khi quyết định nâng cấp",2025-10-03 08:40:00,Công nghệ,Đừng vội cập nhật Windows 11 25H2 vì Microsoft đã xác nhận các sự cố đang tồn tại trên phiên bản này.
Võ Lâm Truyền Kỳ 2.0 PC: Hành trình kết nối cộng đồng game thủ 3 miền,2025-10-03 08:09:00,Game,"Sự kiện offline quy mô lớn của Võ Lâm Truyền Kỳ 2.0 PC vừa khép lại thành công tại cả 3 miền Bắc – Trung – Nam, để lại dư âm khó quên trong lòng cộng đồng game thủ"
Siêu phẩm LG OLED evo AI G5 giành giải TV AI xuất sắc tại AI Awards 2025,2025-10-03 08:00:00,Công nghệ,"Nhờ khả năng ứng dụng AI vượt trội, mang đến những trải nghiệm giải trí được cá nhân hoá cho từng người dùng, siêu phẩm TV cao cấp OLED evo AI G5 vừa được vinh danh tại hạng mục TV AI xuất sắc của AI Awards 2025."
LG ra mắt dải sản phẩm giặt sấy 2026 thông minh mới,2025-10-03 07:14:00,Sản phẩm,"LG vừa chính thức giới thiệu bộ giải pháp giặt sấy 2026 với đa dạng lựa chọn về công nghệ, khối lượng giặt và màu sắc, đáp ứng mọi nhu cầu và nâng tầm trải nghiệm giặt sấy của người Việt."
Bitcoin tăng vọt trong ngày đầu chính phủ Mỹ đóng cửa,2025-10-02 20:17:00,Blockchain,"Trái với nỗi lo của nhiều người, Bitcoin và thị trường tiền số liên tục tăng giá trong ngày đầu tiên chính phủ Mỹ đóng cửa, diễn biến ngược lại với sự kiện tương tự vào năm 2018."
"ZTE ra mắt phiên bản màu trắng nubia NEO 3 GT 5G, tái hợp Saigon Phantom",2025-10-02 18:42:00,Sản phẩm,ZTE vừa chính thức giới thiệu phiên bản màu trắng của mẫu smartphone chơi game nubia NEO 3 GT 5G tại thị trường Việt Nam.
Vietnamobile bổ nhiệm CEO người Việt đầu tiên dẫn dắt thị trường trong nước,2025-10-02 17:37:00,Công nghệ,"Vietnamobile - nhà mạng di động tư nhân duy nhất tại Việt Nam, vừa chính thức công bố định hướng chiến lược mới, đánh dấu bước chuyển mình mạnh mẽ bằng việc bổ nhiệm CEO mới dẫn dắt thị trường trong nước."
Người dùng chia rẽ 'yêu - ghét' giao diện mới của YouTube,2025-10-02 16:41:00,Công nghệ,"YouTube vừa công bố một loạt tính năng mới dành cho người dùng Premium, nhưng dường như đó không phải là tất cả những thay đổi dành cho người dùng di động."
"NBA và AWS công bố hợp tác, mở ra kỷ nguyên sáng tạo trong lĩnh vực bóng rổ",2025-10-02 15:17:00,Xu hướng - Chuyển đổi số,Hiệp hội bóng rổ nhà nghề Mỹ (NBA) và Amazon Web Services (AWS) vừa công bố một thỏa thuận đối tác mới kéo dài nhiều năm để mở ra kỷ nguyên tiếp theo của giải đấu NBA.
Grab và Selex hợp tác thúc đẩy phát triển giao thông xanh,2025-10-02 15:01:00,Công nghệ,"Grab Việt Nam và Công ty cổ phần phương tiện điện thông minh Selex (Selex hoặc Selex Motors) vừa chính thức ký biên bản thỏa thuận hợp tác. Đây cũng là một bước tiến quan trọng để đẩy mạnh chủ trương phát triển giao thông xanh, đóng góp tích cực vào lộ trình Net Zero của Việt Nam."
Những thứ tuyệt đối không cắm vào cổng USB trên laptop,2025-10-02 14:49:00,Thủ thuật,Sự phát triển của công nghệ đã cho phép cổng USB thực hiện cả hai chức năng sạc và truyền dữ liệu một cách hiệu quả.
Samsung nhắc thế giới 'camera Galaxy chưa từng chịu đứng sau ai',2025-10-02 13:44:00,Công nghệ,Samsung đã khẳng định vị thế tiên phong trong lĩnh vực công nghệ camera di động suốt 15 năm qua thông qua các sản phẩm Galaxy.
"Shark Bình bị tố ngược là người chỉ đạo rút thanh khoản, khiến AntEx sập",2025-10-02 10:42:00,Blockchain,"Ông Nguyễn Hòa Bình (Shark Bình) bị tố là người đứng sau, chỉ đạo việc rút thanh khoản của dự án AntEx. Người này sẵn sàng đối chứng trước pháp luật nhưng ông Bình nêu lý do công an không xử lý được."
iPhone 17 'cân' luôn bản Pro nhờ loạt nâng cấp lớn,2025-10-02 10:11:00,Sản phẩm,Dòng iPhone 17 đã làm thay đổi cái nhìn về iPhone tiêu chuẩn khi so sánh với iPhone Pro - vốn được Apple tập trung vào các tính năng cao cấp.
Danh sách điện thoại Galaxy sắp được 'lên đời' One UI 8.5,2025-10-02 09:59:00,Công nghệ,"Lộ danh sách các thiết bị Galaxy sẽ được 'lên đời' One UI 8.5 (Android 16), kiểm tra ngay máy bạn có trong danh sách không."
Vì sao USB-C và USB-PD đang trở thành chuẩn kết nối toàn cầu?,2025-10-02 09:21:00,Công nghệ,"Kể từ khi ra mắt vào năm 2014, USB-C đã nhanh chóng trở thành một phần không thể thiếu trong hầu hết thiết bị công nghệ gia dụng."
Ý tưởng giới hạn pin iPhone 80% hay nhưng không thực tế,2025-10-02 07:19:00,Công nghệ,Apple đã không ngừng nâng cấp thời lượng pin cho các mẫu iPhone thông qua việc sử dụng pin lớn hơn và chip hiệu quả hơn.
Samsung bất ngờ hồi sinh Galaxy S26 Plus sau tin đồn khai tử,2025-10-01 19:08:00,Sản phẩm,Samsung sẽ không loại bỏ phiên bản Plus trong dòng Galaxy S26 mà công ty ra mắt vào năm sau do không tin tưởng vào dòng siêu mỏng.
Samsung ra mắt loa tháp di động ST50F và ST40F mới tại Việt Nam,2025-10-01 15:10:00,Sản phẩm,"Samsung vừa chính thức ra mắt dòng loa tháp di động mới tại thị trường Việt Nam với hai mẫu ST50F và ST40F, hướng đến người dùng trẻ yêu thích trải nghiệm tiệc âm thanh ánh sáng sôi động."
"Cộng đồng người hâm mộ, nơi tiếp lửa mạnh mẽ cho thành công của PUBG MOBILE",2025-10-01 15:00:00,Game,"Khép lại giải vô địch PUBG MOBILE Đông Nam Á Mùa Thu 2025, người hâm mộ thể thao điện tử Việt Nam có quyền tự hào khi đội tuyển D’Xavier đã đăng quang đầy thuyết phục, đồng thời sẽ có tới 3 đại diện PUBG MOBILE nước nhà giành quyền tham dự giải thế giới 2025 PMGC vào cuối năm."
"Apple chưa kịp giới thiệu, iPad Pro M5 đã bị khui hộp",2025-10-01 14:41:00,Công nghệ,Một YouTuber từng có cơ hội trải nghiệm chiếc MacBook Pro M4 trước khi ra mắt tiếp tục lại làm được điều mà bản thân Apple không hề mong muốn.
"Synology kỷ niệm 25 năm thành lập, đẩy mạnh AI vào các dòng sản phẩm",2025-10-01 13:39:00,Công nghệ,"Thành lập năm 2000 tại Đài Loan, Synology nhanh chóng khẳng định vị thế dẫn đầu trong lĩnh vực lưu trữ và quản lý dữ liệu, mang đến các giải pháp vượt trội trong bảo vệ dữ liệu, nâng cao năng suất, lưu trữ - quản lý và giám sát thông minh."
"Lừa đảo kỹ thuật số làm Đông Nam Á thiệt hại 23,6 tỉ USD",2025-10-01 12:55:00,Công nghệ,"Hiện trạng về lừa đảo đặc biệt là qua các kênh kỹ thuật số đã tạo ra cơn khủng hoảng lớn cho các quốc gia Đông Nam Á trong năm 2025, khi tỷ lệ gần hai phần ba số người trưởng thành trong khu vực đã bị lừa đảo, với mức tổng thiệt hại lên tới 23,6 tỉ USD."
"Windows 11 mở khóa Wi-Fi 7, hứa hẹn tốc độ 'kịch trần'",2025-10-01 10:54:00,Công nghệ,"Windows 11 vừa tung ra bản nâng cấp Wi-Fi 7 mang tính cách mạng, vừa nhanh vừa an toàn."
Ứng dụng AI vào lưới điện thông minh: Động lực mới cho phát triển bền vững,2025-10-01 10:48:00,Xu hướng - Chuyển đổi số,"Kinh tế tăng trưởng nhanh chóng kéo theo nhu cầu điện tại Việt Nam tăng vọt, nhưng đồng thời yêu cầu chuyển đổi sang năng lượng sạch vì mục tiêu phát triển bền vững cũng ngày càng cấp bách."
Việt Nam giành giải thưởng tại FIDA World Cup 2025,2025-10-01 10:00:00,Công nghệ,"Đội tuyển DroneSoccer Việt Nam - HDFPV, đã tạo nên dấu ấn lịch sử khi lần đầu tiên tham dự Giải FIDA World Cup 2025 diễn ra tại Jeonju, Hàn Quốc từ ngày 24 - 27.9."
Nhập viện vì Galaxy Ring gặp sự cố pin phồng,2025-10-01 09:44:00,Công nghệ,Một sự cố đáng lo ngại vừa xảy ra với chiếc Galaxy Ring của Samsung khi một người dùng đã phải nhập viện do pin của nhẫn thông minh này bị phồng.
Samsung hé lộ 'át chủ bài' năm 2026 của Apple,2025-10-01 08:24:00,Sản phẩm,Liệu iPhone gập có phải chỉ là một tin đồn hay Apple thực sự đã sẵn sàng ra mắt chiếc điện thoại mà nhiều người dùng mong đợi trong nhiều năm qua?
Adobe phát hành miễn phí Premiere cho iPhone và iPad,2025-10-01 08:21:00,Công nghệ,"Adobe vừa chính thức ra mắt ứng dụng Premiere cho iPhone và iPad, đánh dấu lần đầu tiên phần mềm chỉnh sửa video hàng đầu của hãng có mặt trên thiết bị di động."
Người dùng được lợi gì khi iPhone chuyển sang USB-C?,2025-10-01 08:18:00,Công nghệ,"Kể từ khi ra mắt iPhone 15 series vào năm 2023, Apple đã chuyển từ Lightning sang USB-C cho dòng sản phẩm phổ biến nhất của mình."
Hai mẫu điện thoại Galaxy A tầm trung 'đón' One UI 8,2025-09-30 20:46:00,Công nghệ,Bộ đôi Galaxy A tầm trung đình đám chính thức 'lên đời' One UI 8 (Android 16).
Tốc độ sạc iPhone 17 Pro Max thăng hạng ngoạn mục,2025-09-30 16:44:00,Công nghệ,Sạc nhanh 40W trên iPhone 17 là 'câu trả lời' dành cho điện thoại Android.
Người dùng YouTube Premium nhận quà lớn với 5 tính năng tiện lợi,2025-09-30 16:01:00,Công nghệ,"Nếu đang cân nhắc việc đăng ký YouTube Premium, người dùng càng có lý do để sử dụng khi dịch vụ này vừa bổ sung thêm 5 tính năng mới."
Singapore chấp nhận thanh toán tại cửa hàng bằng stablecoin,2025-09-30 15:18:00,Blockchain,"Thị trường thanh toán Singapore vừa chứng kiến bước ngoặt mới, khi OKX Singapore ra mắt dịch vụ thanh toán bằng stablecoin tại các cửa hàng chấp nhận GrabPay."
Những tính năng One UI 8.5 giúp 'lột xác' điện thoại Galaxy,2025-09-30 14:35:00,Công nghệ,Những thông tin mới nhất về bản cập nhật One UI 8.5 vừa rò rỉ đã làm cộng đồng người hâm mộ điện thoại Galaxy hào hứng.
OpenAI bùng nổ doanh thu nửa đầu năm 2025,2025-09-30 14:29:00,Công nghệ,"OpenAI đạt 4,3 tỉ USD doanh thu nửa đầu năm 2025, tăng 16% so với cả năm 2024. Song tham vọng AI toàn cầu vẫn đi kèm mức chi khổng lồ cho hạ tầng và nghiên cứu."
"Hàng loạt sự cố bủa vây, Apple vội vá lỗi bằng iOS 26.0.1",2025-09-30 12:44:00,Công nghệ,"Sau vài tuần kể từ khi phát hành iOS 26, Apple đã chính thức phát hành bản cập nhật iOS 26.0.1 đến người dùng iPhone tương thích."
"iPhone 17, iPhone Air sau 10 ngày mở bán: Giá đã giảm 3 triệu đồng",2025-09-30 11:24:00,Công nghệ,"Sau thời gian khan hiếm hàng diễn ra nhiều ngày liên tục do nguồn cung không đủ đáp ứng cầu, người dùng đã có thể cân nhắc lên đời iPhone mới ngay với mức giá tốt hơn."
"Dùng iPhone chạy iOS 26, ảnh 2D cũng hóa 3D trong chớp mắt",2025-09-30 11:19:00,Thủ thuật,Apple vừa giới thiệu tính năng Cảnh không gian cho người dùng iPhone trong bản cập nhật iOS 26 mới phát hành.
AI giúp người trẻ chủ động tìm việc ra sao?,2025-09-30 09:25:00,Công nghệ,"Thị trường lao động ngày càng cạnh tranh, trí tuệ nhân tạo (AI) dần thay đổi cuộc chơi, không phải với tư cách là kẻ thay thế, mà là ""trợ thủ"" giúp thế hệ trẻ chủ động hơn trong hành trình tìm kiếm sự nghiệp."
5 cài đặt cần thay đổi ngay sau khi nâng cấp iOS 26,2025-09-30 08:14:00,Thủ thuật,"Tinh chỉnh 5 cài đặt này trên iOS 26 để iPhone chạy mượt hơn, pin kéo dài hơn và không bỏ lỡ thông báo quan trọng."
"Samsung hé lộ SSD PCIe Gen6 512 TB, doanh nghiệp chờ 'bùng nổ'",2025-09-30 08:10:00,Sản phẩm,Các nhà sản xuất ổ thể rắn (SSD) hàng đầu như Samsung đã xác nhận kế hoạch ra mắt loạt sản phẩm PCIe Gen6 dành cho doanh nghiệp trong khoảng thời gian từ năm 2026 đến 2027.
Samsung phủ sóng One UI 8 đến nhiều thiết bị Galaxy,2025-09-30 07:14:00,Công nghệ,"Chưa đến tháng 10, Samsung đã gây bất ngờ khi nhanh chóng triển khai bản cập nhật One UI 8 cho khoảng 20 thiết bị Galaxy."
Apple gợi ý cách sửa lỗi iPhone 17 Pro bị trầy xước,2025-09-29 20:17:00,Công nghệ,"Ngay sau khi iPhone 17 Pro lên kệ, nhiều hình ảnh và video đã xuất hiện trên internet cho thấy những vết trầy xước trên mặt lưng của điện thoại."
Tinh thần vươn mình trong thời đại số: Sức mạnh từ những lựa chọn rất đời thường,2025-09-29 18:52:00,Công nghệ,"Bằng việc kể chuyện qua Voices of Galaxy, Samsung đã kết nối và khơi dậy khát vọng của người trẻ bằng những câu chuyện giản dị, thay vì quảng cáo trực tiếp tính năng."
Doanh số Xiaomi 17 lao dốc vì sao chép iPhone 17 quá lộ liễu?,2025-09-29 16:02:00,Công nghệ,"Xiaomi đã thực hiện bước đi táo bạo trong năm nay khi đổi tên dòng smartphone cao cấp mới nhất thành Xiaomi 17, bao gồm cả mẫu Xiaomi 17 Pro Max."
Trải nghiệm Nubia Air: mỏng nhẹ như iPhone Air nhưng giá dưới 7 triệu,2025-09-29 15:57:00,Sản phẩm,"Nằm trong tầm giá 7 triệu đồng, Nubia Air mang đến lựa chọn mới trong phân khúc tầm trung, với điểm nhấn ở độ mỏng 5,9 mm, dung lượng pin lớn và màn hình AMOLED 120 Hz."
"Samsung tung ra One UI 8 đợt 3, thiết bị của bạn có trong danh sách?",2025-09-29 14:24:00,Công nghệ,Samsung xác nhận lịch cập nhật One UI 8 cho Galaxy S23 và hàng loạt thiết bị khác ngay tuần này.
Chủ tịch CMC Nguyễn Trung Chính: Doanh nghiệp tư nhân phải dấn thân mạnh mẽ vào AI,2025-09-29 13:40:00,Công nghệ,"Tại Trung tâm Hội nghị Quốc tế (11 Lê Hồng Phong, Hà Nội), Đại hội đại biểu toàn quốc Hội Doanh nhân Tư nhân Việt Nam (VPBA) lần thứ ba, nhiệm kỳ 2025 - 2030 đã chính thức khai mạc."
Lazada hợp tác chiến lược với sàn thương mại điện tử Gmarket,2025-09-29 13:28:00,Công nghệ,"Lazada vừa công bố hợp tác chiến lược với sàn thương mại điện tử Gmarket đến từ Hàn Quốc, để mang 20 triệu sản phẩm từ các nhà bán hàng Hàn Quốc đến tay người tiêu dùng trong khu vực."
Apple tính nước cờ mới với iPhone 17e,2025-09-29 13:19:00,Sản phẩm,Apple đã gây bất ngờ vào đầu năm khi giới thiệu iPhone 16e - một phiên bản cơ bản với nhiều tính năng nổi bật và làm ảnh hưởng đến chiếc iPhone 16 đắt tiền hơn.
HnamMobile rời thị trường bán lẻ di động,2025-09-29 11:06:00,Công nghệ,"Chuỗi cửa hàng bán lẻ di động HnamMobile vừa thông báo ngừng hoạt động từ đầu tháng 10, sau hành trình gần 20 năm."
Loạt ứng dụng VPN miễn phí người dùng iPhone cần gỡ bỏ ngay,2025-09-29 11:01:00,Công nghệ,"Theo báo cáo của Dự án Minh bạch Công nghệ (TTP), người dùng iPhone sử dụng mạng riêng ảo (VPN) miễn phí có thể đang vô tình để lộ dữ liệu nhạy cảm về Trung Quốc."
"Chỉ vài cú chạm, iOS 26 sẽ khiến iPhone tiết kiệm pin thấy rõ",2025-09-29 10:43:00,Thủ thuật,Nhu cầu về thời lượng pin lâu hơn luôn là mong muốn hàng đầu của người dùng iPhone và iOS 26 thực sự sẽ hữu ích.
Biểu tượng kết nối một thời của Apple vừa chính thức biến mất,2025-09-29 10:00:00,Công nghệ,"Với macOS 26, Apple đã âm thầm ngừng hỗ trợ chuẩn kết nối FireWire, vốn từng được kỳ vọng vượt trội hơn USB."
Dòng Xiaomi 17 lập kỷ lục doanh số chỉ trong 300 giây mở bán,2025-09-29 08:58:00,Công nghệ,Snapdragon 8 Elite Gen 5 tạo nên 'địa chấn' khi giúp loạt Xiaomi 17 lập kỷ lục doanh số mới.
Dreame khai trương cửa hàng sản phẩm cao cấp đầu tiên tại Landmark 81,2025-09-29 06:42:00,Công nghệ,"Dreame Technology vừa chính thức khai trương cửa hàng flagship (các sản phẩm cao cấp nhất của hãng) đầu tiên tại Landmark 81 (TP.HCM), tòa nhà cao nhất Việt Nam."
CMC vào top 50 công ty kinh doanh hiệu quả nhất Việt Nam 2025,2025-09-29 06:24:00,Công nghệ,"Tạp chí Nhịp Cầu Đầu Tư vừa công bố bảng xếp hạng top 50 công ty kinh doanh hiệu quả nhất Việt Nam năm 2025. Với những thành tích vượt trội, Tập đoàn công nghệ CMC (CMG) đã góp mặt trong danh sách này."
"Người dùng quay lưng iPhone Air, Apple có 'ôm hận'?",2025-09-28 16:13:00,Công nghệ,Cuộc khảo sát thường niên do công ty nghiên cứu Evercore thực hiện cho thấy người dùng đang quay lưng với mẫu iPhone Air từng được kỳ vọng.
Đột phá mới cho pin xe điện từ Trung Quốc,2025-09-28 12:54:00,Công nghệ,Đột phá pin từ Trung Quốc có thể thay đổi cuộc chơi xe điện toàn cầu với khả năng sạc siêu nhanh.
Microsoft bất ngờ báo tin vui cho hàng triệu người dùng Windows 10,2025-09-28 10:51:00,Công nghệ,"Dưới áp lực pháp lý, Microsoft buộc phải cung cấp cập nhật Windows 10 miễn phí."
One UI 8.5 giúp tăng gấp đôi thời lượng pin chỉ bằng một cú chạm,2025-09-28 10:38:00,Công nghệ,Người dùng Galaxy sắp nói lời tạm biệt với sạc dự phòng nhờ bản cập nhật One UI 8.5.
Những lợi ích bất ngờ của cổng USB-C trên iPhone,2025-09-28 10:14:00,Công nghệ,"Sau một thời gian dài, Apple cuối cùng cũng từ bỏ cổng Lightning để chuyển sang USB-C cho iPhone 15, 16 và 17."
"Nghịch Thủy Hàn 'gây sốt', game thủ lấp đầy phòng máy Viking",2025-09-28 09:09:00,Game,"Sau khi mở cửa bản Closed Beta, VNGGames đã phối hợp cùng phòng máy Viking Nguyễn Thị Thập (TP.HCM) tổ chức sự kiện offline trải nghiệm Nghịch Thủy Hàn. Hoạt động đã thu hút hàng trăm game thủ tham dự"
Trải nghiệm Galaxy Tab S11 Ultra 5G: bước chuyển mình của tablet AI,2025-09-28 09:04:00,Sản phẩm,"Tab S11 Series không chỉ nâng cấp về thiết kế và hiệu năng, mà còn đưa AI trải dài trong mọi trải nghiệm, từ học tập, làm việc đến sáng tạo, khẳng định vai trò thiết bị tất yếu."
iPhone 17 khiến cả thế giới thay đổi cách chụp selfie,2025-09-28 08:59:00,Công nghệ,Một trong những điểm nổi bật trong dòng iPhone 17 mà Apple vừa công bố là camera selfie được nâng cấp đáng kể.
"Bộ nhớ DDR5 phá vỡ giới hạn, đạt kỷ lục ép xung toàn cầu",2025-09-28 08:40:00,Công nghệ,"Chuyên gia ép xung người Canada, Salty Croissant, vừa thiết lập kỷ lục thế giới mới về tốc độ bộ nhớ DDR5 khi đạt mức 6.510 MHz, tương đương tốc độ 13.020 MT/giây."
Samsung thay đổi biểu tượng pin trên One UI 8.5,2025-09-28 07:43:00,Công nghệ,"One UI 8.5 sẽ cho phép người dùng làm điều này với biểu tượng pin, điều mà trước đây không thể."
iPhone 18 có gì mà khiến người dùng sẵn sàng 'ngó lơ' iPhone 17?,2025-09-28 06:33:00,Công nghệ,"Mặc dù dòng iPhone 17 chỉ vừa được Apple ra mắt, nhiều người đã bắt đầu cảm thấy háo hức chờ đợi phiên bản tiếp theo - iPhone 18."
Facebook và Instagram ra mắt gói đăng ký trả phí không quảng cáo,2025-09-27 21:30:00,Công nghệ,Meta Platforms - công ty mẹ của Facebook và Instagram thông báo sẽ triển khai gói đăng ký trả phí giúp người dùng tại Anh sử dụng mạng xã hội không có quảng cáo.
Samsung sắp sao chép tính năng 'gõ mặt lưng' của iPhone?,2025-09-27 18:46:00,Công nghệ,Tính năng chạm mặt lưng tiện lợi sắp được Samsung tích hợp thẳng vào One UI 8.5.
Kỳ lân Sky Mavis thông báo dừng phục vụ người dùng Việt Nam,2025-09-27 16:59:00,Blockchain,"Người dùng ví Ronin thuộc hệ sinh thái của Sky Mavis được thông báo ""để tuân thủ quy định, dịch vụ không dành cho người dùng Việt Nam"", người dùng phải tự chịu trách nhiệm nếu vi phạm luật."
"Valve âm thầm cập nhật Steam, game thủ gặp khó",2025-09-27 15:40:00,Game,Các game đột nhiên không chạy được trên Steam? Đây là lý do và cách kiểm tra.
iPhone 17 cho công suất ra sao với nhiều loại bộ sạc của Apple?,2025-09-27 14:24:00,Công nghệ,"Vào đầu tháng này, Apple chính thức ra mắt iPhone 17, bao gồm cả iPhone Air và iPhone 17 Pro Max với mức giá lên tới 2.000 USD."
Tính năng nên tắt ngay trên Windows để bảo vệ quyền riêng tư,2025-09-27 10:35:00,Thủ thuật,Có một tính năng ngầm của Windows đang âm thầm 'chỉ điểm' mọi hành động của bạn cho Microsoft.
"Điện thoại 6G sắp thành hiện thực, Qualcomm thách thức Huawei",2025-09-27 10:20:00,Công nghệ,"Tại Hội nghị Snapdragon 2025, CEO Cristiano Amon của Qualcomm đã công bố kế hoạch phát triển 6G nhằm ra mắt các thiết bị tiền thương mại vào năm 2028."
iPhone có thể là một chuyên gia giặt ủi thực thụ,2025-09-27 10:11:00,Thủ thuật,Tính năng ẩn của iPhone chấm dứt nỗi ám ảnh giặt đồ sai cách khiến quần áo bị hư hỏng.
Apple 'nóng mặt' vì luật EU khiến iOS dần biến thành Android,2025-09-27 09:04:00,Công nghệ,"Trong một diễn biến đáng chú ý, Apple đã chính thức lên tiếng về đạo luật Thị trường kỹ thuật số (DMA) của châu Âu, có hiệu lực từ năm ngoái."
Shark Bình tâm tư điều gì về 'vết nhơ' AntEx?,2025-09-27 08:43:00,Blockchain,"Bốn năm trước, ông Nguyễn Hòa Bình (Shark Bình) liên tục quảng bá cho dự án AntEx rồi im lặng sau khi dự án bị tố lừa đảo, giờ đây ông quay lại phân bua, nói mình là nạn nhân nhưng tiếp tục gây tranh cãi trong cộng đồng công nghệ."
Tính năng điều hướng Google Maps nhận bản cập nhật lớn,2025-09-27 08:08:00,Công nghệ,"Nếu thường xuyên sử dụng Google Maps để tìm đường đi bộ hoặc phương tiện giao thông công cộng, có tin vui dành cho người dùng."
"iPhone 17 gặp lỗi nghiêm trọng, Apple chưa hẹn ngày sửa",2025-09-27 07:37:00,Công nghệ,Sự ra mắt của iPhone 17 và hệ điều hành iOS 26 đã mang đến cho người dùng nhiều tính năng mới hấp dẫn.
Laptop chạy Intel Core Ultra 7 có hoạt động hiệu quả?,2025-09-26 22:57:00,Sản phẩm,"Giữa cuộc chạy đua phát triển chip máy tính cá nhân (PC), Intel đã tung ra 2 thế hệ chip cho dòng laptop AI hỗ trợ nhiều tính năng về trí tuệ nhân tạo. Trong đó, phiên bản Intel Core Ultra 7 258V thực tế sức mạnh đến đâu?"
"Bitcoin sập giá, dân chơi tiền số mất hơn 1 tỉ USD",2025-09-26 17:21:00,Blockchain,"Giá Bitcoin bất ngờ lao dốc xuống dưới 109.000 USD kéo theo cú sập cả thị trường, khiến 1,18 tỉ USD của người chơi bị thanh lý trong vòng 24 giờ."
Cận cảnh iPhone Air mạ vàng đầu tiên chế tác tại Việt Nam,2025-09-26 17:16:00,Công nghệ,"Trong 94 giờ chế tác liên tục, nhà chế tác Thắng Eric cùng cộng sự đã biến chiếc iPhone Air Sky Blue 512 GB nguyên bản thành iPhone Air EMERALD - chiếc iPhone Air mạ vàng đầu tiên thế giới, thuộc bộ sưu tập giới hạn Aurora (499 chiếc toàn cầu), với số thứ tự 379/499."
Xiaomi ra mắt dòng smartphone Xiaomi 15T tại Việt Nam,2025-09-26 17:11:00,Sản phẩm,"Xiaomi vừa chính thức giới thiệu dòng smartphone cận cao cấp Xiaomi 15T Series tại Việt Nam, gần như đồng thời với sự kiện ra mắt toàn cầu tại Munich, Đức."
YouTube 'giải thoát' người xem khỏi màn hình kết thúc phiền toái,2025-09-26 15:34:00,Công nghệ,Một số nhà sáng tạo nội dung trên YouTube đang tận dụng màn hình kết thúc để quảng bá các video bổ sung từ kênh của họ.
Làm sao tránh 'bắt cóc online' và giúp phòng chống cạm bẫy trên không gian mạng,2025-09-26 15:23:00,Công nghệ,"Chỉ trong thời gian ngắn, nhiều sinh viên rơi vào bẫy ""bắt cóc online"". Nạn nhân bị cô lập qua mạng xã hội, buộc quay clip cầu cứu gửi về cho gia đình để tống tiền."
CEO Qualcomm bất ngờ mang 'huyền thoại' HTC Dream lên sân khấu,2025-09-26 13:46:00,Công nghệ,Chiếc điện thoại Android 'HTC Dream' đầu tiên vừa bất ngờ xuất hiện trở lại sau 17 năm.
Zebra: Tự động hóa quy trình làm việc giúp tăng tới 20% năng suất,2025-09-26 12:33:00,Xu hướng - Chuyển đổi số,"Zebra Technologies vừa công bố nghiên cứu mới được thực hiện với sự cộng tác cùng Oxford Economics. Qua đó cho thấy việc cải thiện quy trình làm việc tuyến đầu bằng các công nghệ hiện đại như trí tuệ nhân tạo (AI), tự động hóa và dữ liệu giúp gia tăng lợi nhuận và nâng cao trải nghiệm khách hàng."
"'Quái vật' Android Xiaomi 17 series trình làng, tuyên chiến iPhone 17",2025-09-26 12:13:00,Sản phẩm,"Xiaomi vừa chính thức công bố dòng smartphone Android cao cấp Xiaomi 17, bao gồm ba phiên bản Xiaomi 17, 17 Pro và 17 Pro Max."
"Làm ngơ trước vi phạm lao động, Apple hứng bão chỉ trích khiến iPhone 17 'mất điểm'",2025-09-26 10:28:00,Công nghệ,Apple bị tố cáo đã làm ngơ trước những hoạt động vi phạm quyền lao động và quy định pháp luật địa phương tại một nhà máy sản xuất iPhone 17.
Intel trình diễn thế hệ AI PC không cần kết nối Internet,2025-09-26 10:23:00,Công nghệ,Intel đã trình diễn khả năng ứng dụng thực tế của các mẫu AI PC trang bị vi xử lý Intel Core Ultra hỗ trợ cho công việc và sáng tạo nội dung.
"Bị tố 'lừa dối đồng bào', Shark Bình nói mình cũng là nạn nhân",2025-09-26 10:21:00,Blockchain,Ông Nguyễn Hòa Bình (Shark Bình) nói bản thân cũng bị mang tiếng sau khi dự án tiền số AntEx - do ông đầu tư và cố vấn - rớt giá rồi biến mất khỏi thị trường.
Ngân hàng là mục tiêu hàng đầu của tội phạm mạng,2025-09-26 10:19:00,Xu hướng - Chuyển đổi số,"Khi ngành ngân hàng Việt Nam đi đầu trong công cuộc chuyển đổi số, họ cũng đồng thời trở thành mục tiêu tấn công hàng đầu của các nhóm tội phạm mạng ngày càng tinh vi."
Xu hướng nhà đầu tư sử dụng ChatGPT để mua chứng khoán,2025-09-26 09:23:00,Công nghệ,"Ngày càng nhiều nhà đầu tư cá nhân trên thế giới bắt đầu sử dụng công cụ trí tuệ nhân tạo như ChatGPT để lựa chọn cổ phiếu, theo Reuters. Xu hướng này đang góp phần làm bùng nổ thị trường tư vấn đầu tư tự động."
Galaxy S26 Ultra nâng cấp lên sạc 60W sau nhiều năm chờ đợi,2025-09-26 08:45:00,Công nghệ,Samsung cuối cùng cũng chịu thay đổi khi chấm dứt giới hạn sạc 45W cho Galaxy S26 Ultra.
Apple lên tiếng về sự cố iPhone 17 Pro 'dễ trầy xước',2025-09-26 07:14:00,Công nghệ,"Ngay sau khi iPhone 17 và iPhone Air được phát hành, hashtag ""scratchgate"" đã trở thành chủ đề nóng trên mạng xã hội."
